id,title,description,use_case_type,revenue_impact,cost_savings,risk_reduction,strategic_fit,data_readiness,technical_complexity,change_impact,adoption_readiness,impact_score,effort_score,quadrant,created_at,broker_partner_experience,model_risk,lines_of_business,processes,activities,business_segments,geographies,recommended_by_assessment,is_active_for_rsa,is_dashboard_visible,library_tier,activation_date,deactivation_reason,library_source,activation_reason,manual_impact_score,manual_effort_score,manual_quadrant,override_reason,problem_statement,primary_business_owner,use_case_status,key_dependencies,implementation_timeline,success_metrics,estimated_value,value_measurement_approach,integration_requirements,ai_ml_technologies,data_sources,stakeholder_groups,customer_harm_risk,explainability_bias,regulatory_compliance,ai_or_model,risk_to_customers,risk_to_rsa,data_used,model_owner,rsa_policy_governance,validation_responsibility,informed_by,ai_inventory_status,deployment_status,last_status_update,business_function,third_party_provided_model,is_active_for_rsa_bool,is_dashboard_visible_bool,explainability_required,data_outside_uk_eu,third_party_model,human_accountability,presentation_url,presentation_pdf_url,presentation_file_name,presentation_uploaded_at,has_presentation,presentation_file_id,presentation_pdf_file_id,meaningful_id,horizontal_use_case,horizontal_use_case_types,t_shirt_size,estimated_cost_min,estimated_cost_max,estimated_weeks_min,estimated_weeks_max,team_size_estimate,tom_phase_override,phase_entered_at,tom_override_reason,value_realization,capability_transition,tom_phase,duplicate_status,duplicate_similar_to,duplicate_similarity_score,duplicate_reviewed_at,duplicate_reviewed_by,governance_status,legacy_activation_flag,governance_pending_reason,operating_model_approval,operating_model_approved_at,operating_model_approved_by,operating_model_notes,intake_decision,intake_decision_at,intake_decision_by,intake_decision_notes,intake_priority_rank,rai_assurance,rai_assurance_at,rai_assurance_by,rai_assurance_notes,rai_risk_level,governance_completed_at,governance_completed_by,engagement_id,last_phase_transition_reason,rai_risk_tier,rai_assessment_required,delivery_owner,value_validator,value_governance_model
10cbecf8-1eba-4a60-9c20-b72228e914a0,Motor - Interventions - Vehicle Identification,Uses computer vision to assist with vehicle identification from photos,,0,0,0,0,0,0,0,0,0,0,Evaluate,2025-09-03 17:12:28.632545,0,0,,"{""Claims Management""}","{""Claims Triage & Assessment"",""Investigation & Evidence Gathering"",""Claims Adjudication""}",,,,false,false,reference,,,ai_inventory,,,,,,,,Discovery,,,,,,,,,,,3,3,,"Risk that the model makes an incorrect recommendation that a handler then follows, resulting in worse outcomes for the customer and RSA","Risk that the model makes an incorrect recommendation that a handler then follows, resulting in worse outcomes for the customer and RSA",ClaimCenter,,,,,Active,,,COO,,,,false,false,false,false,,,,,false,,,HEX_AITOOL_001,false,,XS,9281,18563,2,4,1-2,,2026-01-29 07:56:32.574,,"{""derived"": true, ""tracking"": {""entries"": []}, ""derivedAt"": ""2026-02-03T14:22:50.884Z"", ""kpiValues"": {}, ""investment"": null, ""lastUpdated"": ""2026-02-03T14:22:50.884Z"", ""kpiEstimates"": [], ""selectedKpis"": [], ""trackingEnabled"": false, ""validationStatus"": ""unvalidated"", ""calculatedMetrics"": {""currentRoi"": null, ""lastCalculated"": null, ""cumulativeValueGbp"": null, ""projectedBreakevenMonth"": null}, ""totalEstimatedValue"": {""max"": 469800, ""min"": 0, ""currency"": ""GBP""}, ""confidenceAdjustment"": null}","{""derived"": true, ""staffing"": {""current"": {""client"": {""total"": 0.6, ""byRole"": {}}, ""vendor"": {""total"": 1.4, ""byRole"": {}}}, ""planned"": {""month6"": {""client"": 0.9, ""vendor"": 1.1}, ""month12"": {""client"": 1.3, ""vendor"": 0.7}, ""month18"": {""client"": 1.6, ""vendor"": 0.5}}}, ""training"": {""plannedCertifications"": [], ""completedCertifications"": [], ""totalTrainingHoursPlanned"": 40, ""totalTrainingHoursCompleted"": 0}, ""derivedAt"": ""2026-01-29T08:58:21.815Z"", ""derivedFrom"": {""quadrant"": ""Experimental"", ""tomPhase"": ""ideation"", ""tShirtSize"": ""XS"", ""operatingModel"": ""coe_led""}, ""roleEvolution"": [], ""knowledgeTransfer"": {""milestoneNotes"": {}, ""completedMilestones"": [], ""inProgressMilestones"": [""kt_001""]}, ""independenceHistory"": [{""date"": ""2026-01"", ""note"": ""Auto-derived from use case attributes"", ""percentage"": 10}], ""selfSufficiencyTarget"": {""targetDate"": ""2027-07-23"", ""advisoryRetainer"": ""false"", ""targetIndependence"": 90}, ""independencePercentage"": 10}",ideation,unique,,,,,pending,,,pending,,,,pending,,,,,pending,,,,,,,ff9f60ad-18f3-44f6-a2a4-78d22a2201a9,,low,false,,,
21cca0a0-e21c-442e-a96d-67b616b418f4,Net Reveal,Strategic fraud tool used by CFU across all business lines in UW & Claims.,,0,0,0,0,0,0,0,0,0,0,Evaluate,2025-09-03 17:12:28.061442,0,0,,"{""Claims Management""}","{""Claims Triage & Assessment"",""Investigation & Evidence Gathering"",""Claims Adjudication""}",,,,false,false,reference,,,ai_inventory,,,,,,,,Discovery,,,,,,,,,,,3,3,,This capability helps to identify suspected policy and claims fraud in order to protect our honest customers.,Rules in system (ML) not correct meaning that a significant number of false positives created meaning innocent customers going through a fraud process. This is mitigated by all tuning been run through test system,"Policy Systems, Claims Systems, Intelligence platform and TP data sources such as CRIF and IFR.",,,,,Active,,,CFU,,,,false,false,false,false,,,,,false,,,HEX_AITOOL_002,false,,XS,9281,18563,2,4,1-2,,2026-01-29 07:56:32.624,,"{""derived"": true, ""tracking"": {""entries"": []}, ""derivedAt"": ""2026-02-03T14:22:50.966Z"", ""kpiValues"": {}, ""investment"": null, ""lastUpdated"": ""2026-02-03T14:22:50.966Z"", ""kpiEstimates"": [], ""selectedKpis"": [], ""trackingEnabled"": false, ""validationStatus"": ""unvalidated"", ""calculatedMetrics"": {""currentRoi"": null, ""lastCalculated"": null, ""cumulativeValueGbp"": null, ""projectedBreakevenMonth"": null}, ""totalEstimatedValue"": {""max"": 469800, ""min"": 0, ""currency"": ""GBP""}, ""confidenceAdjustment"": null}","{""derived"": true, ""staffing"": {""current"": {""client"": {""total"": 0.6, ""byRole"": {}}, ""vendor"": {""total"": 1.4, ""byRole"": {}}}, ""planned"": {""month6"": {""client"": 0.9, ""vendor"": 1.1}, ""month12"": {""client"": 1.3, ""vendor"": 0.7}, ""month18"": {""client"": 1.6, ""vendor"": 0.5}}}, ""training"": {""plannedCertifications"": [], ""completedCertifications"": [], ""totalTrainingHoursPlanned"": 40, ""totalTrainingHoursCompleted"": 0}, ""derivedAt"": ""2026-01-29T08:58:21.886Z"", ""derivedFrom"": {""quadrant"": ""Experimental"", ""tomPhase"": ""ideation"", ""tShirtSize"": ""XS"", ""operatingModel"": ""coe_led""}, ""roleEvolution"": [], ""knowledgeTransfer"": {""milestoneNotes"": {}, ""completedMilestones"": [], ""inProgressMilestones"": [""kt_001""]}, ""independenceHistory"": [{""date"": ""2026-01"", ""note"": ""Auto-derived from use case attributes"", ""percentage"": 10}], ""selfSufficiencyTarget"": {""targetDate"": ""2027-07-23"", ""advisoryRetainer"": ""false"", ""targetIndependence"": 90}, ""independencePercentage"": 10}",ideation,unique,,,,,pending,,,pending,,,,pending,,,,,pending,,,,,,,ff9f60ad-18f3-44f6-a2a4-78d22a2201a9,,low,false,,,
e8dc5d7f-9b5a-47d9-8eab-7b85e6bb3731,Motor - Interventions - Injury Estimate,Estimate the damages that may arise from a motor claim involving injury,,0,0,0,0,0,0,0,0,0,0,Evaluate,2025-09-03 17:12:28.062689,0,0,,"{""Claims Management""}","{""Claims Triage & Assessment"",""Investigation & Evidence Gathering"",""Claims Adjudication""}",,,,false,false,reference,,,ai_inventory,,,,,,,,Discovery,,,,,,,,,,,3,3,,"Risk that the model makes an incorrect recommendation that a handler then follows, resulting in worse outcomes for the customer and RSA","Risk that the model makes an incorrect recommendation that a handler then follows, resulting in worse outcomes for the customer and RSA",ClaimCenter,,,,,Active,,,COO,,,,false,false,false,false,,,,,false,,,HEX_AITOOL_003,false,,XS,9281,18563,2,4,1-2,,2026-01-29 07:56:32.609,,"{""derived"": true, ""tracking"": {""entries"": []}, ""derivedAt"": ""2026-02-03T14:22:50.948Z"", ""kpiValues"": {}, ""investment"": null, ""lastUpdated"": ""2026-02-03T14:22:50.948Z"", ""kpiEstimates"": [], ""selectedKpis"": [], ""trackingEnabled"": false, ""validationStatus"": ""unvalidated"", ""calculatedMetrics"": {""currentRoi"": null, ""lastCalculated"": null, ""cumulativeValueGbp"": null, ""projectedBreakevenMonth"": null}, ""totalEstimatedValue"": {""max"": 469800, ""min"": 0, ""currency"": ""GBP""}, ""confidenceAdjustment"": null}","{""derived"": true, ""staffing"": {""current"": {""client"": {""total"": 0.6, ""byRole"": {}}, ""vendor"": {""total"": 1.4, ""byRole"": {}}}, ""planned"": {""month6"": {""client"": 0.9, ""vendor"": 1.1}, ""month12"": {""client"": 1.3, ""vendor"": 0.7}, ""month18"": {""client"": 1.6, ""vendor"": 0.5}}}, ""training"": {""plannedCertifications"": [], ""completedCertifications"": [], ""totalTrainingHoursPlanned"": 40, ""totalTrainingHoursCompleted"": 0}, ""derivedAt"": ""2026-01-29T08:58:21.867Z"", ""derivedFrom"": {""quadrant"": ""Experimental"", ""tomPhase"": ""ideation"", ""tShirtSize"": ""XS"", ""operatingModel"": ""coe_led""}, ""roleEvolution"": [], ""knowledgeTransfer"": {""milestoneNotes"": {}, ""completedMilestones"": [], ""inProgressMilestones"": [""kt_001""]}, ""independenceHistory"": [{""date"": ""2026-01"", ""note"": ""Auto-derived from use case attributes"", ""percentage"": 10}], ""selfSufficiencyTarget"": {""targetDate"": ""2027-07-23"", ""advisoryRetainer"": ""false"", ""targetIndependence"": 90}, ""independencePercentage"": 10}",ideation,unique,,,,,pending,,,pending,,,,pending,,,,,pending,,,,,,,ff9f60ad-18f3-44f6-a2a4-78d22a2201a9,,low,false,,,
79a6dd3a-1fc0-4077-b3aa-b3a08847cc0e,Motor - Interventions - Large Loss Allocation,Identify claims that should be allocated to the large loss team,,0,0,0,0,0,0,0,0,0,0,Evaluate,2025-09-03 17:12:28.037671,0,0,,"{""Claims Management""}","{""Claims Triage & Assessment"",""Investigation & Evidence Gathering"",""Claims Adjudication""}",,,,false,false,reference,,,ai_inventory,,,,,,,,Discovery,,,,,,,,,,,3,3,,"Risk that the model makes an incorrect recommendation that a handler then follows, resulting in worse outcomes for the customer and RSA","Risk that the model makes an incorrect recommendation that a handler then follows, resulting in worse outcomes for the customer and RSA",ClaimCenter,,,,,Active,,,COO,,,,false,false,false,false,,,,,false,,,HEX_AITOOL_004,false,,XS,9281,18563,2,4,1-2,,2026-01-29 07:56:32.65,,"{""derived"": true, ""tracking"": {""entries"": []}, ""derivedAt"": ""2026-02-03T14:22:50.997Z"", ""kpiValues"": {}, ""investment"": null, ""lastUpdated"": ""2026-02-03T14:22:50.997Z"", ""kpiEstimates"": [], ""selectedKpis"": [], ""trackingEnabled"": false, ""validationStatus"": ""unvalidated"", ""calculatedMetrics"": {""currentRoi"": null, ""lastCalculated"": null, ""cumulativeValueGbp"": null, ""projectedBreakevenMonth"": null}, ""totalEstimatedValue"": {""max"": 469800, ""min"": 0, ""currency"": ""GBP""}, ""confidenceAdjustment"": null}","{""derived"": true, ""staffing"": {""current"": {""client"": {""total"": 0.6, ""byRole"": {}}, ""vendor"": {""total"": 1.4, ""byRole"": {}}}, ""planned"": {""month6"": {""client"": 0.9, ""vendor"": 1.1}, ""month12"": {""client"": 1.3, ""vendor"": 0.7}, ""month18"": {""client"": 1.6, ""vendor"": 0.5}}}, ""training"": {""plannedCertifications"": [], ""completedCertifications"": [], ""totalTrainingHoursPlanned"": 40, ""totalTrainingHoursCompleted"": 0}, ""derivedAt"": ""2026-01-29T08:58:21.920Z"", ""derivedFrom"": {""quadrant"": ""Experimental"", ""tomPhase"": ""ideation"", ""tShirtSize"": ""XS"", ""operatingModel"": ""coe_led""}, ""roleEvolution"": [], ""knowledgeTransfer"": {""milestoneNotes"": {}, ""completedMilestones"": [], ""inProgressMilestones"": [""kt_001""]}, ""independenceHistory"": [{""date"": ""2026-01"", ""note"": ""Auto-derived from use case attributes"", ""percentage"": 10}], ""selfSufficiencyTarget"": {""targetDate"": ""2027-07-23"", ""advisoryRetainer"": ""false"", ""targetIndependence"": 90}, ""independencePercentage"": 10}",ideation,unique,,,,,pending,,,pending,,,,pending,,,,,pending,,,,,,,ff9f60ad-18f3-44f6-a2a4-78d22a2201a9,,low,false,,,
710c0189-dc47-4699-8f18-c23012cf53e1,Motor - Interventions - Triaging Delays,Predicts claims that are likely to be delayed to enable proactive management,,0,0,0,0,0,0,0,0,0,0,Evaluate,2025-09-03 17:12:28.057851,0,0,,"{""Claims Management""}","{""Claims Triage & Assessment"",""Investigation & Evidence Gathering"",""Claims Adjudication""}",,,,false,false,reference,,,ai_inventory,,,,,,,,Discovery,,,,,,,,,,,3,3,,"Risk that the model makes an incorrect recommendation that a handler then follows, resulting in worse outcomes for the customer and RSA","Risk that the model makes an incorrect recommendation that a handler then follows, resulting in worse outcomes for the customer and RSA",ClaimCenter,,,,,Active,,,COO,,,,false,false,false,false,,,,,false,,,HEX_AITOOL_005,false,,XS,9281,18563,2,4,1-2,,2026-01-29 07:56:32.636,,"{""derived"": true, ""tracking"": {""entries"": []}, ""derivedAt"": ""2026-02-03T14:22:50.982Z"", ""kpiValues"": {}, ""investment"": null, ""lastUpdated"": ""2026-02-03T14:22:50.982Z"", ""kpiEstimates"": [], ""selectedKpis"": [], ""trackingEnabled"": false, ""validationStatus"": ""unvalidated"", ""calculatedMetrics"": {""currentRoi"": null, ""lastCalculated"": null, ""cumulativeValueGbp"": null, ""projectedBreakevenMonth"": null}, ""totalEstimatedValue"": {""max"": 469800, ""min"": 0, ""currency"": ""GBP""}, ""confidenceAdjustment"": null}","{""derived"": true, ""staffing"": {""current"": {""client"": {""total"": 0.6, ""byRole"": {}}, ""vendor"": {""total"": 1.4, ""byRole"": {}}}, ""planned"": {""month6"": {""client"": 0.9, ""vendor"": 1.1}, ""month12"": {""client"": 1.3, ""vendor"": 0.7}, ""month18"": {""client"": 1.6, ""vendor"": 0.5}}}, ""training"": {""plannedCertifications"": [], ""completedCertifications"": [], ""totalTrainingHoursPlanned"": 40, ""totalTrainingHoursCompleted"": 0}, ""derivedAt"": ""2026-01-29T08:58:21.903Z"", ""derivedFrom"": {""quadrant"": ""Experimental"", ""tomPhase"": ""ideation"", ""tShirtSize"": ""XS"", ""operatingModel"": ""coe_led""}, ""roleEvolution"": [], ""knowledgeTransfer"": {""milestoneNotes"": {}, ""completedMilestones"": [], ""inProgressMilestones"": [""kt_001""]}, ""independenceHistory"": [{""date"": ""2026-01"", ""note"": ""Auto-derived from use case attributes"", ""percentage"": 10}], ""selfSufficiencyTarget"": {""targetDate"": ""2027-07-23"", ""advisoryRetainer"": ""false"", ""targetIndependence"": 90}, ""independencePercentage"": 10}",ideation,unique,,,,,pending,,,pending,,,,pending,,,,,pending,,,,,,,ff9f60ad-18f3-44f6-a2a4-78d22a2201a9,,low,false,,,
60e523c7-85c9-4a73-8e55-bfbc3d89a87d,Motor - Interventions - Credit Repair,"CURRENTLY INACTIVE POST PL MOTOR EXIT Predict the likelihood that a claim will be subject to credit repair, to enable claim handlers to intervene proactively",,0,0,0,0,0,0,0,0,0,0,Evaluate,2025-09-03 17:12:28.025341,0,0,,"{""Claims Management""}","{""Claims Triage & Assessment"",""Investigation & Evidence Gathering"",""Claims Adjudication""}",,,,false,false,reference,,,ai_inventory,,,,,,,,Discovery,,,,,,,,,,,3,3,,"Risk that the model makes an incorrect recommendation that a handler then follows, resulting in worse outcomes for the customer and RSA","Risk that the model makes an incorrect recommendation that a handler then follows, resulting in worse outcomes for the customer and RSA",ClaimCenter,,,,,Pending_Closure,,,COO,,,,false,false,false,false,,,,,false,,,HEX_AITOOL_006,false,,XS,9281,18563,2,4,1-2,,2026-01-29 07:56:32.663,,"{""derived"": true, ""tracking"": {""entries"": []}, ""derivedAt"": ""2026-02-03T14:22:51.018Z"", ""kpiValues"": {}, ""investment"": null, ""lastUpdated"": ""2026-02-03T14:22:51.018Z"", ""kpiEstimates"": [], ""selectedKpis"": [], ""trackingEnabled"": false, ""validationStatus"": ""unvalidated"", ""calculatedMetrics"": {""currentRoi"": null, ""lastCalculated"": null, ""cumulativeValueGbp"": null, ""projectedBreakevenMonth"": null}, ""totalEstimatedValue"": {""max"": 469800, ""min"": 0, ""currency"": ""GBP""}, ""confidenceAdjustment"": null}","{""derived"": true, ""staffing"": {""current"": {""client"": {""total"": 0.6, ""byRole"": {}}, ""vendor"": {""total"": 1.4, ""byRole"": {}}}, ""planned"": {""month6"": {""client"": 0.9, ""vendor"": 1.1}, ""month12"": {""client"": 1.3, ""vendor"": 0.7}, ""month18"": {""client"": 1.6, ""vendor"": 0.5}}}, ""training"": {""plannedCertifications"": [], ""completedCertifications"": [], ""totalTrainingHoursPlanned"": 40, ""totalTrainingHoursCompleted"": 0}, ""derivedAt"": ""2026-01-29T08:58:21.935Z"", ""derivedFrom"": {""quadrant"": ""Experimental"", ""tomPhase"": ""ideation"", ""tShirtSize"": ""XS"", ""operatingModel"": ""coe_led""}, ""roleEvolution"": [], ""knowledgeTransfer"": {""milestoneNotes"": {}, ""completedMilestones"": [], ""inProgressMilestones"": [""kt_001""]}, ""independenceHistory"": [{""date"": ""2026-01"", ""note"": ""Auto-derived from use case attributes"", ""percentage"": 10}], ""selfSufficiencyTarget"": {""targetDate"": ""2027-07-23"", ""advisoryRetainer"": ""false"", ""targetIndependence"": 90}, ""independencePercentage"": 10}",ideation,unique,,,,,pending,,,pending,,,,pending,,,,,pending,,,,,,,ff9f60ad-18f3-44f6-a2a4-78d22a2201a9,,low,false,,,
d7bbe570-0b15-497b-a50a-cedfda03e61b,Havas – Display DSPs (Digital Media – targeting),Obsolete from April 24 and can be deleted,,0,0,0,0,0,0,0,0,0,0,Evaluate,2025-09-03 17:12:27.466127,0,0,,"{""Sales & Distribution (Including Broker Relationships)""}","{""Lead Generation"",""Broker Relations"",""Channel Management""}",,,,false,false,reference,,,ai_inventory,,,,,,,,Discovery,,,,,,,,,,,3,3,,None - AI is used by the different providers to ensure our ads are being seen by the most relevant people.,No risk to RSA and AI is used to make our targeting more efficient.,,,,,,Obsolete,,,Marketing,,,,false,false,false,false,,,,,false,,,HEX_AITOOL_007,false,,XS,9281,18563,2,4,1-2,,2026-01-29 07:56:32.689,,"{""derived"": true, ""tracking"": {""entries"": []}, ""derivedAt"": ""2026-02-03T14:22:51.050Z"", ""kpiValues"": {}, ""investment"": null, ""lastUpdated"": ""2026-02-03T14:22:51.050Z"", ""kpiEstimates"": [], ""selectedKpis"": [], ""trackingEnabled"": false, ""validationStatus"": ""unvalidated"", ""calculatedMetrics"": {""currentRoi"": null, ""lastCalculated"": null, ""cumulativeValueGbp"": null, ""projectedBreakevenMonth"": null}, ""totalEstimatedValue"": {""max"": 415800, ""min"": 0, ""currency"": ""GBP""}, ""confidenceAdjustment"": null}","{""derived"": true, ""staffing"": {""current"": {""client"": {""total"": 0.6, ""byRole"": {}}, ""vendor"": {""total"": 1.4, ""byRole"": {}}}, ""planned"": {""month6"": {""client"": 0.9, ""vendor"": 1.1}, ""month12"": {""client"": 1.3, ""vendor"": 0.7}, ""month18"": {""client"": 1.6, ""vendor"": 0.5}}}, ""training"": {""plannedCertifications"": [], ""completedCertifications"": [], ""totalTrainingHoursPlanned"": 40, ""totalTrainingHoursCompleted"": 0}, ""derivedAt"": ""2026-01-29T08:58:21.959Z"", ""derivedFrom"": {""quadrant"": ""Experimental"", ""tomPhase"": ""ideation"", ""tShirtSize"": ""XS"", ""operatingModel"": ""coe_led""}, ""roleEvolution"": [], ""knowledgeTransfer"": {""milestoneNotes"": {}, ""completedMilestones"": [], ""inProgressMilestones"": [""kt_001""]}, ""independenceHistory"": [{""date"": ""2026-01"", ""note"": ""Auto-derived from use case attributes"", ""percentage"": 10}], ""selfSufficiencyTarget"": {""targetDate"": ""2027-07-23"", ""advisoryRetainer"": ""false"", ""targetIndependence"": 90}, ""independencePercentage"": 10}",ideation,unique,,,,,pending,,,pending,,,,pending,,,,,pending,,,,,,,ff9f60ad-18f3-44f6-a2a4-78d22a2201a9,,low,false,,,
b0033e17-ab7c-40ab-b23d-27c9a098ce60,ScanmarQED (Econometric Analysis),Obsolete end March 2024,,0,0,0,0,0,0,0,0,0,0,Evaluate,2025-09-03 17:12:27.467858,0,0,,"{""Sales & Distribution (Including Broker Relationships)""}","{""Lead Generation"",""Broker Relations"",""Channel Management""}",,,,false,false,reference,,,ai_inventory,,,,,,,,Discovery,,,,,,,,,,,3,3,,None - AI was used to model performance of our marketing campaigns.,This would make it more difficult to measure performance of or marketing activity.,,,,,,Obsolete,,,Marketing,,,,false,false,false,false,,,,,false,,,HEX_AITOOL_008,false,,XS,9281,18563,2,4,1-2,,2026-01-29 07:56:32.676,,"{""derived"": true, ""tracking"": {""entries"": []}, ""derivedAt"": ""2026-02-03T14:22:51.034Z"", ""kpiValues"": {}, ""investment"": null, ""lastUpdated"": ""2026-02-03T14:22:51.034Z"", ""kpiEstimates"": [], ""selectedKpis"": [], ""trackingEnabled"": false, ""validationStatus"": ""unvalidated"", ""calculatedMetrics"": {""currentRoi"": null, ""lastCalculated"": null, ""cumulativeValueGbp"": null, ""projectedBreakevenMonth"": null}, ""totalEstimatedValue"": {""max"": 415800, ""min"": 0, ""currency"": ""GBP""}, ""confidenceAdjustment"": null}","{""derived"": true, ""staffing"": {""current"": {""client"": {""total"": 0.6, ""byRole"": {}}, ""vendor"": {""total"": 1.4, ""byRole"": {}}}, ""planned"": {""month6"": {""client"": 0.9, ""vendor"": 1.1}, ""month12"": {""client"": 1.3, ""vendor"": 0.7}, ""month18"": {""client"": 1.6, ""vendor"": 0.5}}}, ""training"": {""plannedCertifications"": [], ""completedCertifications"": [], ""totalTrainingHoursPlanned"": 40, ""totalTrainingHoursCompleted"": 0}, ""derivedAt"": ""2026-01-29T08:58:21.948Z"", ""derivedFrom"": {""quadrant"": ""Experimental"", ""tomPhase"": ""ideation"", ""tShirtSize"": ""XS"", ""operatingModel"": ""coe_led""}, ""roleEvolution"": [], ""knowledgeTransfer"": {""milestoneNotes"": {}, ""completedMilestones"": [], ""inProgressMilestones"": [""kt_001""]}, ""independenceHistory"": [{""date"": ""2026-01"", ""note"": ""Auto-derived from use case attributes"", ""percentage"": 10}], ""selfSufficiencyTarget"": {""targetDate"": ""2027-07-23"", ""advisoryRetainer"": ""false"", ""targetIndependence"": 90}, ""independencePercentage"": 10}",ideation,unique,,,,,pending,,,pending,,,,pending,,,,,pending,,,,,,,ff9f60ad-18f3-44f6-a2a4-78d22a2201a9,,low,false,,,
fb6b6b22-550a-428d-82cf-4d1be164980a,Instabase (pilot phase),Recently signed a 3-year deal to license AI tooling from Instabase Uses generative AI to extract rating information from broker submissions.,,0,0,0,0,0,0,0,0,0,0,Evaluate,2025-09-03 17:12:27.453099,0,0,,"{""Underwriting & Triage""}","{""Risk Assessment"",Rating,""Quality Assurance""}",,,,false,false,reference,,,ai_inventory,,,,,,,,Discovery,,,,,,,,,,,3,3,,,,,,,,,Proof_of_Concept,,,Commercial,,,,false,false,false,false,,,,,false,,,HEX_AITOOL_009,false,,XS,9281,18563,2,4,1-2,,2026-01-29 07:56:32.729,,"{""derived"": true, ""tracking"": {""entries"": []}, ""derivedAt"": ""2026-02-03T14:22:51.097Z"", ""kpiValues"": {}, ""investment"": null, ""lastUpdated"": ""2026-02-03T14:22:51.097Z"", ""kpiEstimates"": [], ""selectedKpis"": [], ""trackingEnabled"": false, ""validationStatus"": ""unvalidated"", ""calculatedMetrics"": {""currentRoi"": null, ""lastCalculated"": null, ""cumulativeValueGbp"": null, ""projectedBreakevenMonth"": null}, ""totalEstimatedValue"": {""max"": 448200, ""min"": 0, ""currency"": ""GBP""}, ""confidenceAdjustment"": null}","{""derived"": true, ""staffing"": {""current"": {""client"": {""total"": 0.6, ""byRole"": {}}, ""vendor"": {""total"": 1.4, ""byRole"": {}}}, ""planned"": {""month6"": {""client"": 0.9, ""vendor"": 1.1}, ""month12"": {""client"": 1.3, ""vendor"": 0.7}, ""month18"": {""client"": 1.6, ""vendor"": 0.5}}}, ""training"": {""plannedCertifications"": [], ""completedCertifications"": [], ""totalTrainingHoursPlanned"": 40, ""totalTrainingHoursCompleted"": 0}, ""derivedAt"": ""2026-01-29T08:58:21.997Z"", ""derivedFrom"": {""quadrant"": ""Experimental"", ""tomPhase"": ""ideation"", ""tShirtSize"": ""XS"", ""operatingModel"": ""coe_led""}, ""roleEvolution"": [], ""knowledgeTransfer"": {""milestoneNotes"": {}, ""completedMilestones"": [], ""inProgressMilestones"": [""kt_001""]}, ""independenceHistory"": [{""date"": ""2026-01"", ""note"": ""Auto-derived from use case attributes"", ""percentage"": 10}], ""selfSufficiencyTarget"": {""targetDate"": ""2027-07-23"", ""advisoryRetainer"": ""false"", ""targetIndependence"": 90}, ""independencePercentage"": 10}",ideation,unique,,,,,pending,,,pending,,,,pending,,,,,pending,,,,,,,ff9f60ad-18f3-44f6-a2a4-78d22a2201a9,,low,false,,,
68652d8d-2383-44aa-9554-01d6be297e3f,Carpe Data (PoC),Automated open source searching software deployed currently as part of a PoC in Commercial Claims.,,0,0,0,0,0,0,0,0,0,0,Evaluate,2025-09-03 17:12:27.454288,0,0,,"{""Claims Management""}","{""Claims Triage & Assessment"",""Investigation & Evidence Gathering"",""Claims Adjudication""}",,,,false,false,reference,,,ai_inventory,,,,,,,,Discovery,,,,,,,,,,,3,3,,None as this is part of a PoC on historic data,None as this is part of a PoC on historic data,Used Commercial EL & PL data obtained by Claims Analytics. This has been shared via RSA SFTP and signed off by InfoSec as part of TPM process.,,,,,Inactive,,,CFU,,,,false,false,false,false,,,,,false,,,HEX_AITOOL_010,false,,XS,9281,18563,2,4,1-2,,2026-01-29 07:56:32.716,,"{""derived"": true, ""tracking"": {""entries"": []}, ""derivedAt"": ""2026-02-03T14:22:51.082Z"", ""kpiValues"": {}, ""investment"": null, ""lastUpdated"": ""2026-02-03T14:22:51.082Z"", ""kpiEstimates"": [], ""selectedKpis"": [], ""trackingEnabled"": false, ""validationStatus"": ""unvalidated"", ""calculatedMetrics"": {""currentRoi"": null, ""lastCalculated"": null, ""cumulativeValueGbp"": null, ""projectedBreakevenMonth"": null}, ""totalEstimatedValue"": {""max"": 469800, ""min"": 0, ""currency"": ""GBP""}, ""confidenceAdjustment"": null}","{""derived"": true, ""staffing"": {""current"": {""client"": {""total"": 0.6, ""byRole"": {}}, ""vendor"": {""total"": 1.4, ""byRole"": {}}}, ""planned"": {""month6"": {""client"": 0.9, ""vendor"": 1.1}, ""month12"": {""client"": 1.3, ""vendor"": 0.7}, ""month18"": {""client"": 1.6, ""vendor"": 0.5}}}, ""training"": {""plannedCertifications"": [], ""completedCertifications"": [], ""totalTrainingHoursPlanned"": 40, ""totalTrainingHoursCompleted"": 0}, ""derivedAt"": ""2026-01-29T08:58:21.984Z"", ""derivedFrom"": {""quadrant"": ""Experimental"", ""tomPhase"": ""ideation"", ""tShirtSize"": ""XS"", ""operatingModel"": ""coe_led""}, ""roleEvolution"": [], ""knowledgeTransfer"": {""milestoneNotes"": {}, ""completedMilestones"": [], ""inProgressMilestones"": [""kt_001""]}, ""independenceHistory"": [{""date"": ""2026-01"", ""note"": ""Auto-derived from use case attributes"", ""percentage"": 10}], ""selfSufficiencyTarget"": {""targetDate"": ""2027-07-23"", ""advisoryRetainer"": ""false"", ""targetIndependence"": 90}, ""independencePercentage"": 10}",ideation,unique,,,,,pending,,,pending,,,,pending,,,,,pending,,,,,,,ff9f60ad-18f3-44f6-a2a4-78d22a2201a9,,low,false,,,
1f67fe0c-34e3-4217-9c8a-5ea39479163c,Motor - Interventions - Vehicle Damage Estimate,Estimate the damage to a vehicle in a motor claim,,0,0,0,0,0,0,0,0,0,0,Evaluate,2025-09-03 17:12:27.454914,0,0,,"{""Claims Management""}","{""Claims Triage & Assessment"",""Investigation & Evidence Gathering"",""Claims Adjudication""}",,,,false,false,reference,,,ai_inventory,,,,,,,,Discovery,,,,,,,,,,,3,3,,"Risk that the model makes an incorrect recommendation that a handler then follows, resulting in worse outcomes for the customer and RSA","Risk that the model makes an incorrect recommendation that a handler then follows, resulting in worse outcomes for the customer and RSA",ClaimCenter,,,,,Active,,,COO,,,,false,false,false,false,,,,,false,,,HEX_AITOOL_011,false,,XS,9281,18563,2,4,1-2,,2026-01-29 07:56:32.702,,"{""derived"": true, ""tracking"": {""entries"": []}, ""derivedAt"": ""2026-02-03T14:22:51.065Z"", ""kpiValues"": {}, ""investment"": null, ""lastUpdated"": ""2026-02-03T14:22:51.065Z"", ""kpiEstimates"": [], ""selectedKpis"": [], ""trackingEnabled"": false, ""validationStatus"": ""unvalidated"", ""calculatedMetrics"": {""currentRoi"": null, ""lastCalculated"": null, ""cumulativeValueGbp"": null, ""projectedBreakevenMonth"": null}, ""totalEstimatedValue"": {""max"": 469800, ""min"": 0, ""currency"": ""GBP""}, ""confidenceAdjustment"": null}","{""derived"": true, ""staffing"": {""current"": {""client"": {""total"": 0.6, ""byRole"": {}}, ""vendor"": {""total"": 1.4, ""byRole"": {}}}, ""planned"": {""month6"": {""client"": 0.9, ""vendor"": 1.1}, ""month12"": {""client"": 1.3, ""vendor"": 0.7}, ""month18"": {""client"": 1.6, ""vendor"": 0.5}}}, ""training"": {""plannedCertifications"": [], ""completedCertifications"": [], ""totalTrainingHoursPlanned"": 40, ""totalTrainingHoursCompleted"": 0}, ""derivedAt"": ""2026-01-29T08:58:21.971Z"", ""derivedFrom"": {""quadrant"": ""Experimental"", ""tomPhase"": ""ideation"", ""tShirtSize"": ""XS"", ""operatingModel"": ""coe_led""}, ""roleEvolution"": [], ""knowledgeTransfer"": {""milestoneNotes"": {}, ""completedMilestones"": [], ""inProgressMilestones"": [""kt_001""]}, ""independenceHistory"": [{""date"": ""2026-01"", ""note"": ""Auto-derived from use case attributes"", ""percentage"": 10}], ""selfSufficiencyTarget"": {""targetDate"": ""2027-07-23"", ""advisoryRetainer"": ""false"", ""targetIndependence"": 90}, ""independencePercentage"": 10}",ideation,unique,,,,,pending,,,pending,,,,pending,,,,,pending,,,,,,,ff9f60ad-18f3-44f6-a2a4-78d22a2201a9,,low,false,,,
03399271-4b5e-4409-a6d0-0a0009128e86,ENI IVI Total Loss,19/06/24 - Tool is no longer used so updated status AI assessment of vehicle damage photos to assess whether the vehicle can be repaired or will be a total loss,,0,0,0,0,0,0,0,0,0,0,Evaluate,2025-09-03 17:12:26.88839,0,0,,"{""Claims Management""}","{""Claims Triage & Assessment"",""Investigation & Evidence Gathering"",""Claims Adjudication""}",,,,false,false,reference,,,ai_inventory,,,,,,,,Discovery,,,,,,,,,,,3,3,,The tool works to speed up the vehicle damage assessment process. Risk to customers is minimal as if a total loss was predicted the customer would then be consulted as part of this process to agree any settlement amount,If the calculation was incorrect then there could be a risk of increased indemnity cost associated with the process,Customer submitted vehicle damage photos,,,,,Pending_Closure,,,Claims,,,,false,false,false,false,,,,,false,,,HEX_AITOOL_012,false,,XS,9281,18563,2,4,1-2,,2026-01-29 07:56:32.782,,"{""derived"": true, ""tracking"": {""entries"": []}, ""derivedAt"": ""2026-02-03T14:22:51.158Z"", ""kpiValues"": {}, ""investment"": null, ""lastUpdated"": ""2026-02-03T14:22:51.158Z"", ""kpiEstimates"": [], ""selectedKpis"": [], ""trackingEnabled"": false, ""validationStatus"": ""unvalidated"", ""calculatedMetrics"": {""currentRoi"": null, ""lastCalculated"": null, ""cumulativeValueGbp"": null, ""projectedBreakevenMonth"": null}, ""totalEstimatedValue"": {""max"": 469800, ""min"": 0, ""currency"": ""GBP""}, ""confidenceAdjustment"": null}","{""derived"": true, ""staffing"": {""current"": {""client"": {""total"": 0.6, ""byRole"": {}}, ""vendor"": {""total"": 1.4, ""byRole"": {}}}, ""planned"": {""month6"": {""client"": 0.9, ""vendor"": 1.1}, ""month12"": {""client"": 1.3, ""vendor"": 0.7}, ""month18"": {""client"": 1.6, ""vendor"": 0.5}}}, ""training"": {""plannedCertifications"": [], ""completedCertifications"": [], ""totalTrainingHoursPlanned"": 40, ""totalTrainingHoursCompleted"": 0}, ""derivedAt"": ""2026-01-29T08:58:22.139Z"", ""derivedFrom"": {""quadrant"": ""Experimental"", ""tomPhase"": ""ideation"", ""tShirtSize"": ""XS"", ""operatingModel"": ""coe_led""}, ""roleEvolution"": [], ""knowledgeTransfer"": {""milestoneNotes"": {}, ""completedMilestones"": [], ""inProgressMilestones"": [""kt_001""]}, ""independenceHistory"": [{""date"": ""2026-01"", ""note"": ""Auto-derived from use case attributes"", ""percentage"": 10}], ""selfSufficiencyTarget"": {""targetDate"": ""2027-07-23"", ""advisoryRetainer"": ""false"", ""targetIndependence"": 90}, ""independencePercentage"": 10}",ideation,unique,,,,,pending,,,pending,,,,pending,,,,,pending,,,,,,,ff9f60ad-18f3-44f6-a2a4-78d22a2201a9,,low,false,,,
8926d885-3583-48c5-96af-91a81060304e,Google Analytics (media attribution within the tool),Enables understanding of origin of our website traffic. Supports our marketing approach,,0,0,0,0,0,0,0,0,0,0,Evaluate,2025-09-03 17:12:26.888841,0,0,,"{""Sales & Distribution (Including Broker Relationships)""}","{""Lead Generation"",""Broker Relations"",""Channel Management""}",,,,false,false,reference,,,ai_inventory,,,,,,,,Discovery,,,,,,,,,,,3,3,,,,,,,,,Active,,,CIO | Digital Analytics,,,,false,false,false,false,,,,,false,,,HEX_AITOOL_013,false,,XS,9281,18563,2,4,1-2,,2026-01-29 07:56:32.767,,"{""derived"": true, ""tracking"": {""entries"": []}, ""derivedAt"": ""2026-02-03T14:22:51.144Z"", ""kpiValues"": {}, ""investment"": null, ""lastUpdated"": ""2026-02-03T14:22:51.144Z"", ""kpiEstimates"": [], ""selectedKpis"": [], ""trackingEnabled"": false, ""validationStatus"": ""unvalidated"", ""calculatedMetrics"": {""currentRoi"": null, ""lastCalculated"": null, ""cumulativeValueGbp"": null, ""projectedBreakevenMonth"": null}, ""totalEstimatedValue"": {""max"": 415800, ""min"": 0, ""currency"": ""GBP""}, ""confidenceAdjustment"": null}","{""derived"": true, ""staffing"": {""current"": {""client"": {""total"": 0.6, ""byRole"": {}}, ""vendor"": {""total"": 1.4, ""byRole"": {}}}, ""planned"": {""month6"": {""client"": 0.9, ""vendor"": 1.1}, ""month12"": {""client"": 1.3, ""vendor"": 0.7}, ""month18"": {""client"": 1.6, ""vendor"": 0.5}}}, ""training"": {""plannedCertifications"": [], ""completedCertifications"": [], ""totalTrainingHoursPlanned"": 40, ""totalTrainingHoursCompleted"": 0}, ""derivedAt"": ""2026-01-29T08:58:22.035Z"", ""derivedFrom"": {""quadrant"": ""Experimental"", ""tomPhase"": ""ideation"", ""tShirtSize"": ""XS"", ""operatingModel"": ""coe_led""}, ""roleEvolution"": [], ""knowledgeTransfer"": {""milestoneNotes"": {}, ""completedMilestones"": [], ""inProgressMilestones"": [""kt_001""]}, ""independenceHistory"": [{""date"": ""2026-01"", ""note"": ""Auto-derived from use case attributes"", ""percentage"": 10}], ""selfSufficiencyTarget"": {""targetDate"": ""2027-07-23"", ""advisoryRetainer"": ""false"", ""targetIndependence"": 90}, ""independencePercentage"": 10}",ideation,unique,,,,,pending,,,pending,,,,pending,,,,,pending,,,,,,,ff9f60ad-18f3-44f6-a2a4-78d22a2201a9,,low,false,,,
9728c0e7-c990-4c80-9c88-f6545bd350e3,Google Performance Max (Digital Media – targeting),Obsolete at end March 2024,,0,0,0,0,0,0,0,0,0,0,Evaluate,2025-09-03 17:12:26.891254,0,0,,"{""Sales & Distribution (Including Broker Relationships)""}","{""Lead Generation"",""Broker Relations"",""Channel Management""}",,,,false,false,reference,,,ai_inventory,,,,,,,,Discovery,,,,,,,,,,,3,3,,None - AI is used by Performance Max to ensure our ads are being seen by the most relevant people.,No risk to RSA and Google use AI for Performance Max when deciding which ads to show and when.,,,,,,Obsolete,,,Marketing,,,,false,false,false,false,,,,,false,,,HEX_AITOOL_014,false,,XS,9281,18563,2,4,1-2,,2026-01-29 07:56:32.755,,"{""derived"": true, ""tracking"": {""entries"": []}, ""derivedAt"": ""2026-02-03T14:22:51.130Z"", ""kpiValues"": {}, ""investment"": null, ""lastUpdated"": ""2026-02-03T14:22:51.130Z"", ""kpiEstimates"": [], ""selectedKpis"": [], ""trackingEnabled"": false, ""validationStatus"": ""unvalidated"", ""calculatedMetrics"": {""currentRoi"": null, ""lastCalculated"": null, ""cumulativeValueGbp"": null, ""projectedBreakevenMonth"": null}, ""totalEstimatedValue"": {""max"": 415800, ""min"": 0, ""currency"": ""GBP""}, ""confidenceAdjustment"": null}","{""derived"": true, ""staffing"": {""current"": {""client"": {""total"": 0.6, ""byRole"": {}}, ""vendor"": {""total"": 1.4, ""byRole"": {}}}, ""planned"": {""month6"": {""client"": 0.9, ""vendor"": 1.1}, ""month12"": {""client"": 1.3, ""vendor"": 0.7}, ""month18"": {""client"": 1.6, ""vendor"": 0.5}}}, ""training"": {""plannedCertifications"": [], ""completedCertifications"": [], ""totalTrainingHoursPlanned"": 40, ""totalTrainingHoursCompleted"": 0}, ""derivedAt"": ""2026-01-29T08:58:22.024Z"", ""derivedFrom"": {""quadrant"": ""Experimental"", ""tomPhase"": ""ideation"", ""tShirtSize"": ""XS"", ""operatingModel"": ""coe_led""}, ""roleEvolution"": [], ""knowledgeTransfer"": {""milestoneNotes"": {}, ""completedMilestones"": [], ""inProgressMilestones"": [""kt_001""]}, ""independenceHistory"": [{""date"": ""2026-01"", ""note"": ""Auto-derived from use case attributes"", ""percentage"": 10}], ""selfSufficiencyTarget"": {""targetDate"": ""2027-07-23"", ""advisoryRetainer"": ""false"", ""targetIndependence"": 90}, ""independencePercentage"": 10}",ideation,unique,,,,,pending,,,pending,,,,pending,,,,,pending,,,,,,,ff9f60ad-18f3-44f6-a2a4-78d22a2201a9,,low,false,,,
d40dd931-c4a9-4e73-8684-d5701e894325,Meta (Digital Media – targeting),Obsolete by end of June 2024,,0,0,0,0,0,0,0,0,0,0,Evaluate,2025-09-03 17:12:26.887769,0,0,,"{""Sales & Distribution (Including Broker Relationships)""}","{""Lead Generation"",""Broker Relations"",""Channel Management""}",,,,false,false,reference,,,ai_inventory,,,,,,,,Discovery,,,,,,,,,,,3,3,,,,,,,,,Obsolete,,,Marketing,,,,false,false,false,false,,,,,false,,,HEX_AITOOL_015,false,,XS,9281,18563,2,4,1-2,,2026-01-29 07:56:32.799,,"{""derived"": true, ""tracking"": {""entries"": []}, ""derivedAt"": ""2026-02-03T14:22:51.171Z"", ""kpiValues"": {}, ""investment"": null, ""lastUpdated"": ""2026-02-03T14:22:51.171Z"", ""kpiEstimates"": [], ""selectedKpis"": [], ""trackingEnabled"": false, ""validationStatus"": ""unvalidated"", ""calculatedMetrics"": {""currentRoi"": null, ""lastCalculated"": null, ""cumulativeValueGbp"": null, ""projectedBreakevenMonth"": null}, ""totalEstimatedValue"": {""max"": 415800, ""min"": 0, ""currency"": ""GBP""}, ""confidenceAdjustment"": null}","{""derived"": true, ""staffing"": {""current"": {""client"": {""total"": 0.6, ""byRole"": {}}, ""vendor"": {""total"": 1.4, ""byRole"": {}}}, ""planned"": {""month6"": {""client"": 0.9, ""vendor"": 1.1}, ""month12"": {""client"": 1.3, ""vendor"": 0.7}, ""month18"": {""client"": 1.6, ""vendor"": 0.5}}}, ""training"": {""plannedCertifications"": [], ""completedCertifications"": [], ""totalTrainingHoursPlanned"": 40, ""totalTrainingHoursCompleted"": 0}, ""derivedAt"": ""2026-01-29T08:58:22.153Z"", ""derivedFrom"": {""quadrant"": ""Experimental"", ""tomPhase"": ""ideation"", ""tShirtSize"": ""XS"", ""operatingModel"": ""coe_led""}, ""roleEvolution"": [], ""knowledgeTransfer"": {""milestoneNotes"": {}, ""completedMilestones"": [], ""inProgressMilestones"": [""kt_001""]}, ""independenceHistory"": [{""date"": ""2026-01"", ""note"": ""Auto-derived from use case attributes"", ""percentage"": 10}], ""selfSufficiencyTarget"": {""targetDate"": ""2027-07-23"", ""advisoryRetainer"": ""false"", ""targetIndependence"": 90}, ""independencePercentage"": 10}",ideation,unique,,,,,pending,,,pending,,,,pending,,,,,pending,,,,,,,ff9f60ad-18f3-44f6-a2a4-78d22a2201a9,,low,false,,,
938ab186-ec2b-4b3f-9819-a8103d34a559,Motor - Interventions - Courtesy Car Eligibility,Determine whether the customer is entitled to a courtesy car for their claim,,0,0,0,0,0,0,0,0,0,0,Evaluate,2025-09-03 17:12:26.891298,0,0,,"{""Claims Management""}","{""Claims Triage & Assessment"",""Investigation & Evidence Gathering"",""Claims Adjudication""}",,,,false,false,reference,,,ai_inventory,,,,,,,,Discovery,,,,,,,,,,,3,3,,"Risk that the model makes an incorrect recommendation that a handler then follows, resulting in worse outcomes for the customer and RSA","Risk that the model makes an incorrect recommendation that a handler then follows, resulting in worse outcomes for the customer and RSA",ClaimCenter,,,,,Active,,,COO,,,,false,false,false,false,,,,,false,,,HEX_AITOOL_016,false,,XS,9281,18563,2,4,1-2,,2026-01-29 07:56:32.741,,"{""derived"": true, ""tracking"": {""entries"": []}, ""derivedAt"": ""2026-02-03T14:22:51.113Z"", ""kpiValues"": {}, ""investment"": null, ""lastUpdated"": ""2026-02-03T14:22:51.113Z"", ""kpiEstimates"": [], ""selectedKpis"": [], ""trackingEnabled"": false, ""validationStatus"": ""unvalidated"", ""calculatedMetrics"": {""currentRoi"": null, ""lastCalculated"": null, ""cumulativeValueGbp"": null, ""projectedBreakevenMonth"": null}, ""totalEstimatedValue"": {""max"": 469800, ""min"": 0, ""currency"": ""GBP""}, ""confidenceAdjustment"": null}","{""derived"": true, ""staffing"": {""current"": {""client"": {""total"": 0.6, ""byRole"": {}}, ""vendor"": {""total"": 1.4, ""byRole"": {}}}, ""planned"": {""month6"": {""client"": 0.9, ""vendor"": 1.1}, ""month12"": {""client"": 1.3, ""vendor"": 0.7}, ""month18"": {""client"": 1.6, ""vendor"": 0.5}}}, ""training"": {""plannedCertifications"": [], ""completedCertifications"": [], ""totalTrainingHoursPlanned"": 40, ""totalTrainingHoursCompleted"": 0}, ""derivedAt"": ""2026-01-29T08:58:22.011Z"", ""derivedFrom"": {""quadrant"": ""Experimental"", ""tomPhase"": ""ideation"", ""tShirtSize"": ""XS"", ""operatingModel"": ""coe_led""}, ""roleEvolution"": [], ""knowledgeTransfer"": {""milestoneNotes"": {}, ""completedMilestones"": [], ""inProgressMilestones"": [""kt_001""]}, ""independenceHistory"": [{""date"": ""2026-01"", ""note"": ""Auto-derived from use case attributes"", ""percentage"": 10}], ""selfSufficiencyTarget"": {""targetDate"": ""2027-07-23"", ""advisoryRetainer"": ""false"", ""targetIndependence"": 90}, ""independencePercentage"": 10}",ideation,unique,,,,,pending,,,pending,,,,pending,,,,,pending,,,,,,,ff9f60ad-18f3-44f6-a2a4-78d22a2201a9,,low,false,,,
9aaa0a5d-fc18-4670-80f1-2434dca1fa29,Motor - Interventions - Fast Track,Identify motor claims that can be allocated to fast track processing,,0,0,0,0,0,0,0,0,0,0,Evaluate,2025-09-03 17:12:26.309565,0,0,,"{""Claims Management""}","{""Claims Triage & Assessment"",""Investigation & Evidence Gathering"",""Claims Adjudication""}",,,,false,false,reference,,,ai_inventory,,,,,,,,Discovery,,,,,,,,,,,3,3,,"Risk that the model makes an incorrect recommendation that a handler then follows, resulting in worse outcomes for the customer and RSA","Risk that the model makes an incorrect recommendation that a handler then follows, resulting in worse outcomes for the customer and RSA",ClaimCenter,,,,,Active,,,COO,,,,false,false,false,false,,,,,false,,,HEX_AITOOL_017,false,,XS,9281,18563,2,4,1-2,,2026-01-29 07:56:32.907,,"{""derived"": true, ""tracking"": {""entries"": []}, ""derivedAt"": ""2026-02-03T14:22:51.224Z"", ""kpiValues"": {}, ""investment"": null, ""lastUpdated"": ""2026-02-03T14:22:51.224Z"", ""kpiEstimates"": [], ""selectedKpis"": [], ""trackingEnabled"": false, ""validationStatus"": ""unvalidated"", ""calculatedMetrics"": {""currentRoi"": null, ""lastCalculated"": null, ""cumulativeValueGbp"": null, ""projectedBreakevenMonth"": null}, ""totalEstimatedValue"": {""max"": 469800, ""min"": 0, ""currency"": ""GBP""}, ""confidenceAdjustment"": null}","{""derived"": true, ""staffing"": {""current"": {""client"": {""total"": 0.6, ""byRole"": {}}, ""vendor"": {""total"": 1.4, ""byRole"": {}}}, ""planned"": {""month6"": {""client"": 0.9, ""vendor"": 1.1}, ""month12"": {""client"": 1.3, ""vendor"": 0.7}, ""month18"": {""client"": 1.6, ""vendor"": 0.5}}}, ""training"": {""plannedCertifications"": [], ""completedCertifications"": [], ""totalTrainingHoursPlanned"": 40, ""totalTrainingHoursCompleted"": 0}, ""derivedAt"": ""2026-01-29T08:58:22.204Z"", ""derivedFrom"": {""quadrant"": ""Experimental"", ""tomPhase"": ""ideation"", ""tShirtSize"": ""XS"", ""operatingModel"": ""coe_led""}, ""roleEvolution"": [], ""knowledgeTransfer"": {""milestoneNotes"": {}, ""completedMilestones"": [], ""inProgressMilestones"": [""kt_001""]}, ""independenceHistory"": [{""date"": ""2026-01"", ""note"": ""Auto-derived from use case attributes"", ""percentage"": 10}], ""selfSufficiencyTarget"": {""targetDate"": ""2027-07-23"", ""advisoryRetainer"": ""false"", ""targetIndependence"": 90}, ""independencePercentage"": 10}",ideation,unique,,,,,pending,,,pending,,,,pending,,,,,pending,,,,,,,ff9f60ad-18f3-44f6-a2a4-78d22a2201a9,,low,false,,,
1a0f8789-e38c-4fb5-9c3e-1c961e6c55f9,Visual Studio IDE,Developers and testers scripting code using integrated dev environments like Visual Studio which provides help with assisted coding in terms of prompts. No transfer of data that is involved.,,0,0,0,0,0,0,0,0,0,0,Evaluate,2025-09-03 17:12:26.326234,0,0,,{General},"{""Issue Resolution""}",,,,false,false,reference,,,ai_inventory,,,,,,,,Discovery,,,,,,,,,,,3,3,,No risk to customers as this tool is used during software development and testing processes. They are not used in live environments.,No risk to RSA. This tool does not impact applications running in live or production environments. No live/customer data is used.,"The tool works in context of the code being developed so the code, which is being developed and ultimately stored in code version management tools like Azure DevOps Repo can be considered as the data source.",,,,,Active,,,CIO,,,,false,false,false,false,,,,,false,,,HEX_AITOOL_018,false,,XS,9281,18563,2,4,1-2,,2026-01-29 07:56:32.872,,"{""derived"": true, ""tracking"": {""entries"": []}, ""derivedAt"": ""2026-02-03T14:22:51.197Z"", ""kpiValues"": {}, ""investment"": null, ""lastUpdated"": ""2026-02-03T14:22:51.197Z"", ""kpiEstimates"": [], ""selectedKpis"": [], ""trackingEnabled"": false, ""validationStatus"": ""unvalidated"", ""calculatedMetrics"": {""currentRoi"": null, ""lastCalculated"": null, ""cumulativeValueGbp"": null, ""projectedBreakevenMonth"": null}, ""totalEstimatedValue"": {""max"": 367200, ""min"": 0, ""currency"": ""GBP""}, ""confidenceAdjustment"": null}","{""derived"": true, ""staffing"": {""current"": {""client"": {""total"": 0.6, ""byRole"": {}}, ""vendor"": {""total"": 1.4, ""byRole"": {}}}, ""planned"": {""month6"": {""client"": 0.9, ""vendor"": 1.1}, ""month12"": {""client"": 1.3, ""vendor"": 0.7}, ""month18"": {""client"": 1.6, ""vendor"": 0.5}}}, ""training"": {""plannedCertifications"": [], ""completedCertifications"": [], ""totalTrainingHoursPlanned"": 40, ""totalTrainingHoursCompleted"": 0}, ""derivedAt"": ""2026-01-29T08:58:22.179Z"", ""derivedFrom"": {""quadrant"": ""Experimental"", ""tomPhase"": ""ideation"", ""tShirtSize"": ""XS"", ""operatingModel"": ""coe_led""}, ""roleEvolution"": [], ""knowledgeTransfer"": {""milestoneNotes"": {}, ""completedMilestones"": [], ""inProgressMilestones"": [""kt_001""]}, ""independenceHistory"": [{""date"": ""2026-01"", ""note"": ""Auto-derived from use case attributes"", ""percentage"": 10}], ""selfSufficiencyTarget"": {""targetDate"": ""2027-07-23"", ""advisoryRetainer"": ""false"", ""targetIndependence"": 90}, ""independencePercentage"": 10}",ideation,unique,,,,,pending,,,pending,,,,pending,,,,,pending,,,,,,,ff9f60ad-18f3-44f6-a2a4-78d22a2201a9,,low,false,,,
67cee301-8e03-40af-b82a-f668ffd44c0e,Motor - Interventions - Recoveries,Identifies potential recovery opportunities for investigation. Significant update implemented in ClaimCenter BAU2 release on September 2024.,,0,0,0,0,0,0,0,0,0,0,Evaluate,2025-09-03 17:12:26.306375,0,0,,"{""Claims Management""}","{""Claims Triage & Assessment"",""Investigation & Evidence Gathering"",""Claims Adjudication""}",,,,false,false,reference,,,ai_inventory,,,,,,,,Discovery,,,,,,,,,,,3,3,,"Risk that the model makes an incorrect recommendation that a handler then follows, resulting in worse outcomes for the customer and RSA","Risk that the model makes an incorrect recommendation that a handler then follows, resulting in worse outcomes for the customer and RSA",ClaimCenter,,,,,Active,,,COO,,,,false,false,false,false,,,,,false,,,HEX_AITOOL_019,false,,XS,9281,18563,2,4,1-2,,2026-01-29 07:56:32.923,,"{""derived"": true, ""tracking"": {""entries"": []}, ""derivedAt"": ""2026-02-03T14:22:51.238Z"", ""kpiValues"": {}, ""investment"": null, ""lastUpdated"": ""2026-02-03T14:22:51.238Z"", ""kpiEstimates"": [], ""selectedKpis"": [], ""trackingEnabled"": false, ""validationStatus"": ""unvalidated"", ""calculatedMetrics"": {""currentRoi"": null, ""lastCalculated"": null, ""cumulativeValueGbp"": null, ""projectedBreakevenMonth"": null}, ""totalEstimatedValue"": {""max"": 469800, ""min"": 0, ""currency"": ""GBP""}, ""confidenceAdjustment"": null}","{""derived"": true, ""staffing"": {""current"": {""client"": {""total"": 0.6, ""byRole"": {}}, ""vendor"": {""total"": 1.4, ""byRole"": {}}}, ""planned"": {""month6"": {""client"": 0.9, ""vendor"": 1.1}, ""month12"": {""client"": 1.3, ""vendor"": 0.7}, ""month18"": {""client"": 1.6, ""vendor"": 0.5}}}, ""training"": {""plannedCertifications"": [], ""completedCertifications"": [], ""totalTrainingHoursPlanned"": 40, ""totalTrainingHoursCompleted"": 0}, ""derivedAt"": ""2026-01-29T08:58:22.215Z"", ""derivedFrom"": {""quadrant"": ""Experimental"", ""tomPhase"": ""ideation"", ""tShirtSize"": ""XS"", ""operatingModel"": ""coe_led""}, ""roleEvolution"": [], ""knowledgeTransfer"": {""milestoneNotes"": {}, ""completedMilestones"": [], ""inProgressMilestones"": [""kt_001""]}, ""independenceHistory"": [{""date"": ""2026-01"", ""note"": ""Auto-derived from use case attributes"", ""percentage"": 10}], ""selfSufficiencyTarget"": {""targetDate"": ""2027-07-23"", ""advisoryRetainer"": ""false"", ""targetIndependence"": 90}, ""independencePercentage"": 10}",ideation,unique,,,,,pending,,,pending,,,,pending,,,,,pending,,,,,,,ff9f60ad-18f3-44f6-a2a4-78d22a2201a9,,low,false,,,
2cf98998-de61-46d8-b59f-d5393a8d3266,Havas - DAX,Obsolete from April 24 and can be deleted,,0,0,0,0,0,0,0,0,0,0,Evaluate,2025-09-03 17:12:26.310529,0,0,,"{""Sales & Distribution (Including Broker Relationships)""}","{""Lead Generation"",""Broker Relations"",""Channel Management""}",,,,false,false,reference,,,ai_inventory,,,,,,,,Discovery,,,,,,,,,,,3,3,,None - AI is used the DAX to ensure our ads are being seen by the most relevant people.,No risk to RSA and AI is used to make our targeting more efficient.,,,,,,Obsolete,,,Marketing,,,,false,false,false,false,,,,,false,,,HEX_AITOOL_020,false,,XS,9281,18563,2,4,1-2,,2026-01-29 07:56:32.89,,"{""derived"": true, ""tracking"": {""entries"": []}, ""derivedAt"": ""2026-02-03T14:22:51.211Z"", ""kpiValues"": {}, ""investment"": null, ""lastUpdated"": ""2026-02-03T14:22:51.211Z"", ""kpiEstimates"": [], ""selectedKpis"": [], ""trackingEnabled"": false, ""validationStatus"": ""unvalidated"", ""calculatedMetrics"": {""currentRoi"": null, ""lastCalculated"": null, ""cumulativeValueGbp"": null, ""projectedBreakevenMonth"": null}, ""totalEstimatedValue"": {""max"": 415800, ""min"": 0, ""currency"": ""GBP""}, ""confidenceAdjustment"": null}","{""derived"": true, ""staffing"": {""current"": {""client"": {""total"": 0.6, ""byRole"": {}}, ""vendor"": {""total"": 1.4, ""byRole"": {}}}, ""planned"": {""month6"": {""client"": 0.9, ""vendor"": 1.1}, ""month12"": {""client"": 1.3, ""vendor"": 0.7}, ""month18"": {""client"": 1.6, ""vendor"": 0.5}}}, ""training"": {""plannedCertifications"": [], ""completedCertifications"": [], ""totalTrainingHoursPlanned"": 40, ""totalTrainingHoursCompleted"": 0}, ""derivedAt"": ""2026-01-29T08:58:22.190Z"", ""derivedFrom"": {""quadrant"": ""Experimental"", ""tomPhase"": ""ideation"", ""tShirtSize"": ""XS"", ""operatingModel"": ""coe_led""}, ""roleEvolution"": [], ""knowledgeTransfer"": {""milestoneNotes"": {}, ""completedMilestones"": [], ""inProgressMilestones"": [""kt_001""]}, ""independenceHistory"": [{""date"": ""2026-01"", ""note"": ""Auto-derived from use case attributes"", ""percentage"": 10}], ""selfSufficiencyTarget"": {""targetDate"": ""2027-07-23"", ""advisoryRetainer"": ""false"", ""targetIndependence"": 90}, ""independencePercentage"": 10}",ideation,unique,,,,,pending,,,pending,,,,pending,,,,,pending,,,,,,,ff9f60ad-18f3-44f6-a2a4-78d22a2201a9,,low,false,,,
9479e4cd-f564-41b2-bfaf-e0dea93c33fc,Earnix Optimisation - Home Market price model,No Description,,0,0,0,0,0,0,0,0,0,0,Evaluate,2025-09-03 17:12:26.328493,0,0,,"{""Financial Management""}","{Accounting,""Financial Reporting"",""Payment Processing""}",,,,false,false,reference,,,ai_inventory,,,,,,,,Discovery,,,,,,,,,,,3,3,,,,Money Supermarket licensed data feed,,,,,Active,,,CUO,,,,false,false,false,false,,,,,false,,,HEX_AITOOL_021,false,,XS,9281,18563,2,4,1-2,,2026-01-29 07:56:32.817,,"{""derived"": true, ""tracking"": {""entries"": []}, ""derivedAt"": ""2026-02-03T14:22:51.184Z"", ""kpiValues"": {}, ""investment"": null, ""lastUpdated"": ""2026-02-03T14:22:51.184Z"", ""kpiEstimates"": [], ""selectedKpis"": [], ""trackingEnabled"": false, ""validationStatus"": ""unvalidated"", ""calculatedMetrics"": {""currentRoi"": null, ""lastCalculated"": null, ""cumulativeValueGbp"": null, ""projectedBreakevenMonth"": null}, ""totalEstimatedValue"": {""max"": 367200, ""min"": 0, ""currency"": ""GBP""}, ""confidenceAdjustment"": null}","{""derived"": true, ""staffing"": {""current"": {""client"": {""total"": 0.6, ""byRole"": {}}, ""vendor"": {""total"": 1.4, ""byRole"": {}}}, ""planned"": {""month6"": {""client"": 0.9, ""vendor"": 1.1}, ""month12"": {""client"": 1.3, ""vendor"": 0.7}, ""month18"": {""client"": 1.6, ""vendor"": 0.5}}}, ""training"": {""plannedCertifications"": [], ""completedCertifications"": [], ""totalTrainingHoursPlanned"": 40, ""totalTrainingHoursCompleted"": 0}, ""derivedAt"": ""2026-01-29T08:58:22.166Z"", ""derivedFrom"": {""quadrant"": ""Experimental"", ""tomPhase"": ""ideation"", ""tShirtSize"": ""XS"", ""operatingModel"": ""coe_led""}, ""roleEvolution"": [], ""knowledgeTransfer"": {""milestoneNotes"": {}, ""completedMilestones"": [], ""inProgressMilestones"": [""kt_001""]}, ""independenceHistory"": [{""date"": ""2026-01"", ""note"": ""Auto-derived from use case attributes"", ""percentage"": 10}], ""selfSufficiencyTarget"": {""targetDate"": ""2027-07-23"", ""advisoryRetainer"": ""false"", ""targetIndependence"": 90}, ""independencePercentage"": 10}",ideation,unique,,,,,pending,,,pending,,,,pending,,,,,pending,,,,,,,ff9f60ad-18f3-44f6-a2a4-78d22a2201a9,,low,false,,,
b214b057-88e9-4558-aee9-8446f8c778c8,HR - Horizon Machine Learning,"Makes recommendations for learning based on previous training completed, or skill gaps identified in an assessment, or a user's interests/topics. New Generative AI tool for learning content curation - this allows you to input a topic/subject and it will generate a description and curate learning from the catalogue.",,0,0,0,0,0,0,0,0,0,0,Evaluate,2025-09-03 17:12:25.747516,0,0,,"{""Human Resources""}","{""Issue Resolution""}",,,,false,false,reference,,,ai_inventory,,,,,,,,Discovery,,,,,,,,,,,3,3,,None - Internal employee training data only held on this system,None - Internal training data and training recommendations only.,Cornerstone,,,,,Active,,,HR L & D,,,,false,false,false,false,,,,,false,,,HEX_AITOOL_022,false,,XS,9281,18563,2,4,1-2,,2026-01-29 07:56:32.97,,"{""derived"": true, ""tracking"": {""entries"": []}, ""derivedAt"": ""2026-02-03T14:22:51.279Z"", ""kpiValues"": {}, ""investment"": null, ""lastUpdated"": ""2026-02-03T14:22:51.279Z"", ""kpiEstimates"": [], ""selectedKpis"": [], ""trackingEnabled"": false, ""validationStatus"": ""unvalidated"", ""calculatedMetrics"": {""currentRoi"": null, ""lastCalculated"": null, ""cumulativeValueGbp"": null, ""projectedBreakevenMonth"": null}, ""totalEstimatedValue"": {""max"": 367200, ""min"": 0, ""currency"": ""GBP""}, ""confidenceAdjustment"": null}","{""derived"": true, ""staffing"": {""current"": {""client"": {""total"": 0.6, ""byRole"": {}}, ""vendor"": {""total"": 1.4, ""byRole"": {}}}, ""planned"": {""month6"": {""client"": 0.9, ""vendor"": 1.1}, ""month12"": {""client"": 1.3, ""vendor"": 0.7}, ""month18"": {""client"": 1.6, ""vendor"": 0.5}}}, ""training"": {""plannedCertifications"": [], ""completedCertifications"": [], ""totalTrainingHoursPlanned"": 40, ""totalTrainingHoursCompleted"": 0}, ""derivedAt"": ""2026-01-29T08:58:22.254Z"", ""derivedFrom"": {""quadrant"": ""Experimental"", ""tomPhase"": ""ideation"", ""tShirtSize"": ""XS"", ""operatingModel"": ""coe_led""}, ""roleEvolution"": [], ""knowledgeTransfer"": {""milestoneNotes"": {}, ""completedMilestones"": [], ""inProgressMilestones"": [""kt_001""]}, ""independenceHistory"": [{""date"": ""2026-01"", ""note"": ""Auto-derived from use case attributes"", ""percentage"": 10}], ""selfSufficiencyTarget"": {""targetDate"": ""2027-07-23"", ""advisoryRetainer"": ""false"", ""targetIndependence"": 90}, ""independencePercentage"": 10}",ideation,unique,,,,,pending,,,pending,,,,pending,,,,,pending,,,,,,,ff9f60ad-18f3-44f6-a2a4-78d22a2201a9,,low,false,,,
30b14d3e-e8db-469f-96ba-569097e29f7f,Scoring Engine,Audatex rules engine linked to digital FNOL front end to assess claim submission details and allow for straight through processing where acceptable to do so,,0,0,0,0,0,0,0,0,0,0,Evaluate,2025-09-03 17:12:25.745584,0,0,,"{""Claims Management""}","{""Claims Triage & Assessment"",""Investigation & Evidence Gathering"",""Claims Adjudication""}",,,,false,false,reference,,,ai_inventory,,,,,,,,Discovery,,,,,,,,,,,3,3,,No risks for customers. This capability helps to negate back office processes to improve claim settlements time frames,Risk would be if rules engine rule allowed incorrect claims to be STP'd. This would impact indemnity. Testing and controls are in place to tightly monitor performance,Customer FNOL claim submission data,,,,,Active,,,Claims,,,,false,false,false,false,,,,,false,,,HEX_AITOOL_023,false,,XS,9281,18563,2,4,1-2,,2026-01-29 07:56:32.981,,"{""derived"": true, ""tracking"": {""entries"": []}, ""derivedAt"": ""2026-02-03T14:22:51.294Z"", ""kpiValues"": {}, ""investment"": null, ""lastUpdated"": ""2026-02-03T14:22:51.294Z"", ""kpiEstimates"": [], ""selectedKpis"": [], ""trackingEnabled"": false, ""validationStatus"": ""unvalidated"", ""calculatedMetrics"": {""currentRoi"": null, ""lastCalculated"": null, ""cumulativeValueGbp"": null, ""projectedBreakevenMonth"": null}, ""totalEstimatedValue"": {""max"": 469800, ""min"": 0, ""currency"": ""GBP""}, ""confidenceAdjustment"": null}","{""derived"": true, ""staffing"": {""current"": {""client"": {""total"": 0.6, ""byRole"": {}}, ""vendor"": {""total"": 1.4, ""byRole"": {}}}, ""planned"": {""month6"": {""client"": 0.9, ""vendor"": 1.1}, ""month12"": {""client"": 1.3, ""vendor"": 0.7}, ""month18"": {""client"": 1.6, ""vendor"": 0.5}}}, ""training"": {""plannedCertifications"": [], ""completedCertifications"": [], ""totalTrainingHoursPlanned"": 40, ""totalTrainingHoursCompleted"": 0}, ""derivedAt"": ""2026-01-29T08:58:22.265Z"", ""derivedFrom"": {""quadrant"": ""Experimental"", ""tomPhase"": ""ideation"", ""tShirtSize"": ""XS"", ""operatingModel"": ""coe_led""}, ""roleEvolution"": [], ""knowledgeTransfer"": {""milestoneNotes"": {}, ""completedMilestones"": [], ""inProgressMilestones"": [""kt_001""]}, ""independenceHistory"": [{""date"": ""2026-01"", ""note"": ""Auto-derived from use case attributes"", ""percentage"": 10}], ""selfSufficiencyTarget"": {""targetDate"": ""2027-07-23"", ""advisoryRetainer"": ""false"", ""targetIndependence"": 90}, ""independencePercentage"": 10}",ideation,unique,,,,,pending,,,pending,,,,pending,,,,,pending,,,,,,,ff9f60ad-18f3-44f6-a2a4-78d22a2201a9,,low,false,,,
89414552-109f-498f-9ddb-32904c2aa5c9,Motor - Interventions - Predictive Total Loss,"Predicts based on loss characteristics whether vehicle (both first party and third party) should be repaired or written off, makes recommendation with explainers to Claims Handler",,0,0,0,0,0,0,0,0,0,0,Evaluate,2025-09-03 17:12:25.748515,0,0,,"{""Claims Management""}","{""Claims Triage & Assessment"",""Investigation & Evidence Gathering"",""Claims Adjudication""}",,,,false,false,reference,,,ai_inventory,,,,,,,,Discovery,,,,,,,,,,,3,3,,"Risk that the model makes an incorrect recommendation that a handler then follows, resulting in worse outcomes for the customer and RSA","Risk that the model makes an incorrect recommendation that a handler then follows, resulting in worse outcomes for the customer and RSA","ClaimCenter, ABI",,,,,Active,,,COO,,,,false,false,false,false,,,,,false,,,HEX_AITOOL_024,false,,XS,9281,18563,2,4,1-2,,2026-01-29 07:56:32.956,,"{""derived"": true, ""tracking"": {""entries"": []}, ""derivedAt"": ""2026-02-03T14:22:51.265Z"", ""kpiValues"": {}, ""investment"": null, ""lastUpdated"": ""2026-02-03T14:22:51.265Z"", ""kpiEstimates"": [], ""selectedKpis"": [], ""trackingEnabled"": false, ""validationStatus"": ""unvalidated"", ""calculatedMetrics"": {""currentRoi"": null, ""lastCalculated"": null, ""cumulativeValueGbp"": null, ""projectedBreakevenMonth"": null}, ""totalEstimatedValue"": {""max"": 469800, ""min"": 0, ""currency"": ""GBP""}, ""confidenceAdjustment"": null}","{""derived"": true, ""staffing"": {""current"": {""client"": {""total"": 0.6, ""byRole"": {}}, ""vendor"": {""total"": 1.4, ""byRole"": {}}}, ""planned"": {""month6"": {""client"": 0.9, ""vendor"": 1.1}, ""month12"": {""client"": 1.3, ""vendor"": 0.7}, ""month18"": {""client"": 1.6, ""vendor"": 0.5}}}, ""training"": {""plannedCertifications"": [], ""completedCertifications"": [], ""totalTrainingHoursPlanned"": 40, ""totalTrainingHoursCompleted"": 0}, ""derivedAt"": ""2026-01-29T08:58:22.241Z"", ""derivedFrom"": {""quadrant"": ""Experimental"", ""tomPhase"": ""ideation"", ""tShirtSize"": ""XS"", ""operatingModel"": ""coe_led""}, ""roleEvolution"": [], ""knowledgeTransfer"": {""milestoneNotes"": {}, ""completedMilestones"": [], ""inProgressMilestones"": [""kt_001""]}, ""independenceHistory"": [{""date"": ""2026-01"", ""note"": ""Auto-derived from use case attributes"", ""percentage"": 10}], ""selfSufficiencyTarget"": {""targetDate"": ""2027-07-23"", ""advisoryRetainer"": ""false"", ""targetIndependence"": 90}, ""independencePercentage"": 10}",ideation,unique,,,,,pending,,,pending,,,,pending,,,,,pending,,,,,,,ff9f60ad-18f3-44f6-a2a4-78d22a2201a9,,low,false,,,
8afc1422-ec1c-4989-8669-4513c2da1f8e,Motor - Interventions - Allocation of Liability,Predicts the probability of fault/non fault to enable rapid claim routing. Significant update implemented in ClaimCenter BAU2 release on September 2024.,,0,0,0,0,0,0,0,0,0,0,Evaluate,2025-09-03 17:12:25.745,0,0,,"{""Claims Management""}","{""Claims Triage & Assessment"",""Investigation & Evidence Gathering"",""Claims Adjudication""}",,,,false,false,reference,,,ai_inventory,,,,,,,,Discovery,,,,,,,,,,,3,3,,"Risk that the model makes an incorrect recommendation that a handler then follows, resulting in worse outcomes for the customer and RSA","Risk that the model makes an incorrect recommendation that a handler then follows, resulting in worse outcomes for the customer and RSA",ClaimCenter,,,,,Active,,,COO,,,,false,false,false,false,,,,,false,,,HEX_AITOOL_025,false,,XS,9281,18563,2,4,1-2,,2026-01-29 07:56:32.993,,"{""derived"": true, ""tracking"": {""entries"": []}, ""derivedAt"": ""2026-02-03T14:22:51.313Z"", ""kpiValues"": {}, ""investment"": null, ""lastUpdated"": ""2026-02-03T14:22:51.313Z"", ""kpiEstimates"": [], ""selectedKpis"": [], ""trackingEnabled"": false, ""validationStatus"": ""unvalidated"", ""calculatedMetrics"": {""currentRoi"": null, ""lastCalculated"": null, ""cumulativeValueGbp"": null, ""projectedBreakevenMonth"": null}, ""totalEstimatedValue"": {""max"": 469800, ""min"": 0, ""currency"": ""GBP""}, ""confidenceAdjustment"": null}","{""derived"": true, ""staffing"": {""current"": {""client"": {""total"": 0.6, ""byRole"": {}}, ""vendor"": {""total"": 1.4, ""byRole"": {}}}, ""planned"": {""month6"": {""client"": 0.9, ""vendor"": 1.1}, ""month12"": {""client"": 1.3, ""vendor"": 0.7}, ""month18"": {""client"": 1.6, ""vendor"": 0.5}}}, ""training"": {""plannedCertifications"": [], ""completedCertifications"": [], ""totalTrainingHoursPlanned"": 40, ""totalTrainingHoursCompleted"": 0}, ""derivedAt"": ""2026-01-29T08:58:22.278Z"", ""derivedFrom"": {""quadrant"": ""Experimental"", ""tomPhase"": ""ideation"", ""tShirtSize"": ""XS"", ""operatingModel"": ""coe_led""}, ""roleEvolution"": [], ""knowledgeTransfer"": {""milestoneNotes"": {}, ""completedMilestones"": [], ""inProgressMilestones"": [""kt_001""]}, ""independenceHistory"": [{""date"": ""2026-01"", ""note"": ""Auto-derived from use case attributes"", ""percentage"": 10}], ""selfSufficiencyTarget"": {""targetDate"": ""2027-07-23"", ""advisoryRetainer"": ""false"", ""targetIndependence"": 90}, ""independencePercentage"": 10}",ideation,unique,,,,,pending,,,pending,,,,pending,,,,,pending,,,,,,,ff9f60ad-18f3-44f6-a2a4-78d22a2201a9,,low,false,,,
50ebedec-ea07-4307-b2b9-298d2d58c622,Qubit (Digital Media – targeting),No Description,,0,0,0,0,0,0,0,0,0,0,Evaluate,2025-09-03 17:12:25.749005,0,0,,"{""Sales & Distribution (Including Broker Relationships)""}","{""Lead Generation"",""Broker Relations"",""Channel Management""}",,,,false,false,reference,,,ai_inventory,,,,,,,,Discovery,,,,,,,,,,,3,3,,,,,,,,,Obsolete,,,CIO | Digital Analytics,,,,false,false,false,false,,,,,false,,,HEX_AITOOL_026,false,,XS,9281,18563,2,4,1-2,,2026-01-29 07:56:32.942,,"{""derived"": true, ""tracking"": {""entries"": []}, ""derivedAt"": ""2026-02-03T14:22:51.252Z"", ""kpiValues"": {}, ""investment"": null, ""lastUpdated"": ""2026-02-03T14:22:51.252Z"", ""kpiEstimates"": [], ""selectedKpis"": [], ""trackingEnabled"": false, ""validationStatus"": ""unvalidated"", ""calculatedMetrics"": {""currentRoi"": null, ""lastCalculated"": null, ""cumulativeValueGbp"": null, ""projectedBreakevenMonth"": null}, ""totalEstimatedValue"": {""max"": 415800, ""min"": 0, ""currency"": ""GBP""}, ""confidenceAdjustment"": null}","{""derived"": true, ""staffing"": {""current"": {""client"": {""total"": 0.6, ""byRole"": {}}, ""vendor"": {""total"": 1.4, ""byRole"": {}}}, ""planned"": {""month6"": {""client"": 0.9, ""vendor"": 1.1}, ""month12"": {""client"": 1.3, ""vendor"": 0.7}, ""month18"": {""client"": 1.6, ""vendor"": 0.5}}}, ""training"": {""plannedCertifications"": [], ""completedCertifications"": [], ""totalTrainingHoursPlanned"": 40, ""totalTrainingHoursCompleted"": 0}, ""derivedAt"": ""2026-01-29T08:58:22.228Z"", ""derivedFrom"": {""quadrant"": ""Experimental"", ""tomPhase"": ""ideation"", ""tShirtSize"": ""XS"", ""operatingModel"": ""coe_led""}, ""roleEvolution"": [], ""knowledgeTransfer"": {""milestoneNotes"": {}, ""completedMilestones"": [], ""inProgressMilestones"": [""kt_001""]}, ""independenceHistory"": [{""date"": ""2026-01"", ""note"": ""Auto-derived from use case attributes"", ""percentage"": 10}], ""selfSufficiencyTarget"": {""targetDate"": ""2027-07-23"", ""advisoryRetainer"": ""false"", ""targetIndependence"": 90}, ""independencePercentage"": 10}",ideation,unique,,,,,pending,,,pending,,,,pending,,,,,pending,,,,,,,ff9f60ad-18f3-44f6-a2a4-78d22a2201a9,,low,false,,,
653252d6-5f2d-4a88-bf40-a527d1aa8aa8,Motor - Interventions - Credit Hire Reduction,"CURRENTLY INACTIVE POST PL MOTOR EXIT Predicts the probably length and cost of hire, and flags higher risk cases to Claims Handler for proactive management",,0,0,0,0,0,0,0,0,0,0,Evaluate,2025-09-03 17:12:25.170757,0,0,,"{""Claims Management""}","{""Claims Triage & Assessment"",""Investigation & Evidence Gathering"",""Claims Adjudication""}",,,,false,false,reference,,,ai_inventory,,,,,,,,Discovery,,,,,,,,,,,3,3,,"Risk that the model makes an incorrect recommendation that a handler then follows, resulting in worse outcomes for the customer and RSA","Risk that the model makes an incorrect recommendation that a handler then follows, resulting in worse outcomes for the customer and RSA",ClaimCenter,,,,,Pending_Closure,,,COO,,,,false,false,false,false,,,,,false,,,HEX_AITOOL_027,false,,XS,9281,18563,2,4,1-2,,2026-01-29 07:56:33.059,,"{""derived"": true, ""tracking"": {""entries"": []}, ""derivedAt"": ""2026-02-03T14:22:51.400Z"", ""kpiValues"": {}, ""investment"": null, ""lastUpdated"": ""2026-02-03T14:22:51.400Z"", ""kpiEstimates"": [], ""selectedKpis"": [], ""trackingEnabled"": false, ""validationStatus"": ""unvalidated"", ""calculatedMetrics"": {""currentRoi"": null, ""lastCalculated"": null, ""cumulativeValueGbp"": null, ""projectedBreakevenMonth"": null}, ""totalEstimatedValue"": {""max"": 469800, ""min"": 0, ""currency"": ""GBP""}, ""confidenceAdjustment"": null}","{""derived"": true, ""staffing"": {""current"": {""client"": {""total"": 0.6, ""byRole"": {}}, ""vendor"": {""total"": 1.4, ""byRole"": {}}}, ""planned"": {""month6"": {""client"": 0.9, ""vendor"": 1.1}, ""month12"": {""client"": 1.3, ""vendor"": 0.7}, ""month18"": {""client"": 1.6, ""vendor"": 0.5}}}, ""training"": {""plannedCertifications"": [], ""completedCertifications"": [], ""totalTrainingHoursPlanned"": 40, ""totalTrainingHoursCompleted"": 0}, ""derivedAt"": ""2026-01-29T08:58:22.377Z"", ""derivedFrom"": {""quadrant"": ""Experimental"", ""tomPhase"": ""ideation"", ""tShirtSize"": ""XS"", ""operatingModel"": ""coe_led""}, ""roleEvolution"": [], ""knowledgeTransfer"": {""milestoneNotes"": {}, ""completedMilestones"": [], ""inProgressMilestones"": [""kt_001""]}, ""independenceHistory"": [{""date"": ""2026-01"", ""note"": ""Auto-derived from use case attributes"", ""percentage"": 10}], ""selfSufficiencyTarget"": {""targetDate"": ""2027-07-23"", ""advisoryRetainer"": ""false"", ""targetIndependence"": 90}, ""independencePercentage"": 10}",ideation,unique,,,,,pending,,,pending,,,,pending,,,,,pending,,,,,,,ff9f60ad-18f3-44f6-a2a4-78d22a2201a9,,low,false,,,
79d877e2-59e5-4fc6-a3a7-ec1245a704bf,Clear Speed,Voice sentiment analysis technology used as part of a current PoC in both PL & CL claims.,,0,0,0,0,0,0,0,0,0,0,Evaluate,2025-09-03 17:12:25.188217,0,0,,"{""Claims Management""}","{""Claims Triage & Assessment"",""Investigation & Evidence Gathering"",""Claims Adjudication""}",,,,false,false,reference,,,ai_inventory,,,,,,,,Discovery,,,,,,,,,,,3,3,,If not deployed in correct area with right question set could cause complaints. Mitigated by sign off process.,None,CCS/Guidewire,,,,,Active,,,CFU,,,,false,false,false,false,,,,,false,,,HEX_AITOOL_028,false,,XS,9281,18563,2,4,1-2,,2026-01-29 07:56:33.006,,"{""derived"": true, ""tracking"": {""entries"": []}, ""derivedAt"": ""2026-02-03T14:22:51.334Z"", ""kpiValues"": {}, ""investment"": null, ""lastUpdated"": ""2026-02-03T14:22:51.334Z"", ""kpiEstimates"": [], ""selectedKpis"": [], ""trackingEnabled"": false, ""validationStatus"": ""unvalidated"", ""calculatedMetrics"": {""currentRoi"": null, ""lastCalculated"": null, ""cumulativeValueGbp"": null, ""projectedBreakevenMonth"": null}, ""totalEstimatedValue"": {""max"": 469800, ""min"": 0, ""currency"": ""GBP""}, ""confidenceAdjustment"": null}","{""derived"": true, ""staffing"": {""current"": {""client"": {""total"": 0.6, ""byRole"": {}}, ""vendor"": {""total"": 1.4, ""byRole"": {}}}, ""planned"": {""month6"": {""client"": 0.9, ""vendor"": 1.1}, ""month12"": {""client"": 1.3, ""vendor"": 0.7}, ""month18"": {""client"": 1.6, ""vendor"": 0.5}}}, ""training"": {""plannedCertifications"": [], ""completedCertifications"": [], ""totalTrainingHoursPlanned"": 40, ""totalTrainingHoursCompleted"": 0}, ""derivedAt"": ""2026-01-29T08:58:22.291Z"", ""derivedFrom"": {""quadrant"": ""Experimental"", ""tomPhase"": ""ideation"", ""tShirtSize"": ""XS"", ""operatingModel"": ""coe_led""}, ""roleEvolution"": [], ""knowledgeTransfer"": {""milestoneNotes"": {}, ""completedMilestones"": [], ""inProgressMilestones"": [""kt_001""]}, ""independenceHistory"": [{""date"": ""2026-01"", ""note"": ""Auto-derived from use case attributes"", ""percentage"": 10}], ""selfSufficiencyTarget"": {""targetDate"": ""2027-07-23"", ""advisoryRetainer"": ""false"", ""targetIndependence"": 90}, ""independencePercentage"": 10}",ideation,unique,,,,,pending,,,pending,,,,pending,,,,,pending,,,,,,,ff9f60ad-18f3-44f6-a2a4-78d22a2201a9,,low,false,,,
c1886c56-6d36-4091-a391-913b29f593b0,Motor - Interventions - Allocation,Allocate claims to the most appropriate team,,0,0,0,0,0,0,0,0,0,0,Evaluate,2025-09-03 17:12:25.185926,0,0,,"{""Claims Management""}","{""Claims Triage & Assessment"",""Investigation & Evidence Gathering"",""Claims Adjudication""}",,,,false,false,reference,,,ai_inventory,,,,,,,,Discovery,,,,,,,,,,,3,3,,"Risk that the model makes an incorrect recommendation that a handler then follows, resulting in worse outcomes for the customer and RSA","Risk that the model makes an incorrect recommendation that a handler then follows, resulting in worse outcomes for the customer and RSA",ClaimCenter,,,,,Active,,,COO,,,,false,false,false,false,,,,,false,,,HEX_AITOOL_029,false,,XS,9281,18563,2,4,1-2,,2026-01-29 07:56:33.018,,"{""derived"": true, ""tracking"": {""entries"": []}, ""derivedAt"": ""2026-02-03T14:22:51.358Z"", ""kpiValues"": {}, ""investment"": null, ""lastUpdated"": ""2026-02-03T14:22:51.358Z"", ""kpiEstimates"": [], ""selectedKpis"": [], ""trackingEnabled"": false, ""validationStatus"": ""unvalidated"", ""calculatedMetrics"": {""currentRoi"": null, ""lastCalculated"": null, ""cumulativeValueGbp"": null, ""projectedBreakevenMonth"": null}, ""totalEstimatedValue"": {""max"": 469800, ""min"": 0, ""currency"": ""GBP""}, ""confidenceAdjustment"": null}","{""derived"": true, ""staffing"": {""current"": {""client"": {""total"": 0.6, ""byRole"": {}}, ""vendor"": {""total"": 1.4, ""byRole"": {}}}, ""planned"": {""month6"": {""client"": 0.9, ""vendor"": 1.1}, ""month12"": {""client"": 1.3, ""vendor"": 0.7}, ""month18"": {""client"": 1.6, ""vendor"": 0.5}}}, ""training"": {""plannedCertifications"": [], ""completedCertifications"": [], ""totalTrainingHoursPlanned"": 40, ""totalTrainingHoursCompleted"": 0}, ""derivedAt"": ""2026-01-29T08:58:22.306Z"", ""derivedFrom"": {""quadrant"": ""Experimental"", ""tomPhase"": ""ideation"", ""tShirtSize"": ""XS"", ""operatingModel"": ""coe_led""}, ""roleEvolution"": [], ""knowledgeTransfer"": {""milestoneNotes"": {}, ""completedMilestones"": [], ""inProgressMilestones"": [""kt_001""]}, ""independenceHistory"": [{""date"": ""2026-01"", ""note"": ""Auto-derived from use case attributes"", ""percentage"": 10}], ""selfSufficiencyTarget"": {""targetDate"": ""2027-07-23"", ""advisoryRetainer"": ""false"", ""targetIndependence"": 90}, ""independencePercentage"": 10}",ideation,unique,,,,,pending,,,pending,,,,pending,,,,,pending,,,,,,,ff9f60ad-18f3-44f6-a2a4-78d22a2201a9,,low,false,,,
93d66e9e-76a3-4295-963a-b313494c9d98,Motor - Interventions - Litigation Prop,"CURRENTLY INACTIVE POST PL MOTOR EXIT Predict the likelihood of a claim litigating, to enable claim handlers to intervene proactively",,0,0,0,0,0,0,0,0,0,0,Evaluate,2025-09-03 17:12:25.171933,0,0,,"{""Claims Management""}","{""Claims Triage & Assessment"",""Investigation & Evidence Gathering"",""Claims Adjudication""}",,,,false,false,reference,,,ai_inventory,,,,,,,,Discovery,,,,,,,,,,,3,3,,"Risk that the model makes an incorrect recommendation that a handler then follows, resulting in worse outcomes for the customer and RSA","Risk that the model makes an incorrect recommendation that a handler then follows, resulting in worse outcomes for the customer and RSA",ClaimCenter,,,,,Pending_Closure,,,COO,,,,false,false,false,false,,,,,false,,,HEX_AITOOL_030,false,,XS,9281,18563,2,4,1-2,,2026-01-29 07:56:33.032,,"{""derived"": true, ""tracking"": {""entries"": []}, ""derivedAt"": ""2026-02-03T14:22:51.375Z"", ""kpiValues"": {}, ""investment"": null, ""lastUpdated"": ""2026-02-03T14:22:51.375Z"", ""kpiEstimates"": [], ""selectedKpis"": [], ""trackingEnabled"": false, ""validationStatus"": ""unvalidated"", ""calculatedMetrics"": {""currentRoi"": null, ""lastCalculated"": null, ""cumulativeValueGbp"": null, ""projectedBreakevenMonth"": null}, ""totalEstimatedValue"": {""max"": 469800, ""min"": 0, ""currency"": ""GBP""}, ""confidenceAdjustment"": null}","{""derived"": true, ""staffing"": {""current"": {""client"": {""total"": 0.6, ""byRole"": {}}, ""vendor"": {""total"": 1.4, ""byRole"": {}}}, ""planned"": {""month6"": {""client"": 0.9, ""vendor"": 1.1}, ""month12"": {""client"": 1.3, ""vendor"": 0.7}, ""month18"": {""client"": 1.6, ""vendor"": 0.5}}}, ""training"": {""plannedCertifications"": [], ""completedCertifications"": [], ""totalTrainingHoursPlanned"": 40, ""totalTrainingHoursCompleted"": 0}, ""derivedAt"": ""2026-01-29T08:58:22.324Z"", ""derivedFrom"": {""quadrant"": ""Experimental"", ""tomPhase"": ""ideation"", ""tShirtSize"": ""XS"", ""operatingModel"": ""coe_led""}, ""roleEvolution"": [], ""knowledgeTransfer"": {""milestoneNotes"": {}, ""completedMilestones"": [], ""inProgressMilestones"": [""kt_001""]}, ""independenceHistory"": [{""date"": ""2026-01"", ""note"": ""Auto-derived from use case attributes"", ""percentage"": 10}], ""selfSufficiencyTarget"": {""targetDate"": ""2027-07-23"", ""advisoryRetainer"": ""false"", ""targetIndependence"": 90}, ""independencePercentage"": 10}",ideation,unique,,,,,pending,,,pending,,,,pending,,,,,pending,,,,,,,ff9f60ad-18f3-44f6-a2a4-78d22a2201a9,,low,false,,,
3ddb2b00-da4f-4e1c-b802-9ecadadd9b0c,Motor - Interventions - Commercial Motor Triage,Triages commercial motor claims to identify those that can be straight through processed and those that require more complex handling,,0,0,0,0,0,0,0,0,0,0,Evaluate,2025-09-03 17:12:25.171393,0,0,,"{""Claims Management""}","{""Claims Triage & Assessment"",""Investigation & Evidence Gathering"",""Claims Adjudication""}",,,,false,false,reference,,,ai_inventory,,,,,,,,Discovery,,,,,,,,,,,3,3,,"Risk that the model makes an incorrect recommendation that a handler then follows, resulting in worse outcomes for the customer and RSA","Risk that the model makes an incorrect recommendation that a handler then follows, resulting in worse outcomes for the customer and RSA",ClaimCenter,,,,,Active,,,COO,,,,false,false,false,false,,,,,false,,,HEX_AITOOL_031,false,,XS,9281,18563,2,4,1-2,,2026-01-29 07:56:33.046,,"{""derived"": true, ""tracking"": {""entries"": []}, ""derivedAt"": ""2026-02-03T14:22:51.388Z"", ""kpiValues"": {}, ""investment"": null, ""lastUpdated"": ""2026-02-03T14:22:51.388Z"", ""kpiEstimates"": [], ""selectedKpis"": [], ""trackingEnabled"": false, ""validationStatus"": ""unvalidated"", ""calculatedMetrics"": {""currentRoi"": null, ""lastCalculated"": null, ""cumulativeValueGbp"": null, ""projectedBreakevenMonth"": null}, ""totalEstimatedValue"": {""max"": 469800, ""min"": 0, ""currency"": ""GBP""}, ""confidenceAdjustment"": null}","{""derived"": true, ""staffing"": {""current"": {""client"": {""total"": 0.6, ""byRole"": {}}, ""vendor"": {""total"": 1.4, ""byRole"": {}}}, ""planned"": {""month6"": {""client"": 0.9, ""vendor"": 1.1}, ""month12"": {""client"": 1.3, ""vendor"": 0.7}, ""month18"": {""client"": 1.6, ""vendor"": 0.5}}}, ""training"": {""plannedCertifications"": [], ""completedCertifications"": [], ""totalTrainingHoursPlanned"": 40, ""totalTrainingHoursCompleted"": 0}, ""derivedAt"": ""2026-01-29T08:58:22.343Z"", ""derivedFrom"": {""quadrant"": ""Experimental"", ""tomPhase"": ""ideation"", ""tShirtSize"": ""XS"", ""operatingModel"": ""coe_led""}, ""roleEvolution"": [], ""knowledgeTransfer"": {""milestoneNotes"": {}, ""completedMilestones"": [], ""inProgressMilestones"": [""kt_001""]}, ""independenceHistory"": [{""date"": ""2026-01"", ""note"": ""Auto-derived from use case attributes"", ""percentage"": 10}], ""selfSufficiencyTarget"": {""targetDate"": ""2027-07-23"", ""advisoryRetainer"": ""false"", ""targetIndependence"": 90}, ""independencePercentage"": 10}",ideation,unique,,,,,pending,,,pending,,,,pending,,,,,pending,,,,,,,ff9f60ad-18f3-44f6-a2a4-78d22a2201a9,,low,false,,,
7d4d71bc-4d50-4f7d-9705-515fb4d8aaee,Motor - Interventions - Property Damage Estimate,Estimate the damage to property in a motor claim,,0,0,0,0,0,0,0,0,0,0,Evaluate,2025-09-03 17:12:24.604349,0,0,,"{""Claims Management""}","{""Claims Triage & Assessment"",""Investigation & Evidence Gathering"",""Claims Adjudication""}",,,,false,false,reference,,,ai_inventory,,,,,,,,Discovery,,,,,,,,,,,3,3,,"Risk that the model makes an incorrect recommendation that a handler then follows, resulting in worse outcomes for the customer and RSA","Risk that the model makes an incorrect recommendation that a handler then follows, resulting in worse outcomes for the customer and RSA",ClaimCenter,,,,,Active,,,COO,,,,false,false,false,false,,,,,false,,,HEX_AITOOL_032,false,,XS,9281,18563,2,4,1-2,,2026-01-29 07:56:33.095,,"{""derived"": true, ""tracking"": {""entries"": []}, ""derivedAt"": ""2026-02-03T14:22:51.444Z"", ""kpiValues"": {}, ""investment"": null, ""lastUpdated"": ""2026-02-03T14:22:51.444Z"", ""kpiEstimates"": [], ""selectedKpis"": [], ""trackingEnabled"": false, ""validationStatus"": ""unvalidated"", ""calculatedMetrics"": {""currentRoi"": null, ""lastCalculated"": null, ""cumulativeValueGbp"": null, ""projectedBreakevenMonth"": null}, ""totalEstimatedValue"": {""max"": 469800, ""min"": 0, ""currency"": ""GBP""}, ""confidenceAdjustment"": null}","{""derived"": true, ""staffing"": {""current"": {""client"": {""total"": 0.6, ""byRole"": {}}, ""vendor"": {""total"": 1.4, ""byRole"": {}}}, ""planned"": {""month6"": {""client"": 0.9, ""vendor"": 1.1}, ""month12"": {""client"": 1.3, ""vendor"": 0.7}, ""month18"": {""client"": 1.6, ""vendor"": 0.5}}}, ""training"": {""plannedCertifications"": [], ""completedCertifications"": [], ""totalTrainingHoursPlanned"": 40, ""totalTrainingHoursCompleted"": 0}, ""derivedAt"": ""2026-01-29T08:58:22.443Z"", ""derivedFrom"": {""quadrant"": ""Experimental"", ""tomPhase"": ""ideation"", ""tShirtSize"": ""XS"", ""operatingModel"": ""coe_led""}, ""roleEvolution"": [], ""knowledgeTransfer"": {""milestoneNotes"": {}, ""completedMilestones"": [], ""inProgressMilestones"": [""kt_001""]}, ""independenceHistory"": [{""date"": ""2026-01"", ""note"": ""Auto-derived from use case attributes"", ""percentage"": 10}], ""selfSufficiencyTarget"": {""targetDate"": ""2027-07-23"", ""advisoryRetainer"": ""false"", ""targetIndependence"": 90}, ""independencePercentage"": 10}",ideation,unique,,,,,pending,,,pending,,,,pending,,,,,pending,,,,,,,ff9f60ad-18f3-44f6-a2a4-78d22a2201a9,,low,false,,,
1e32bdd5-09e7-445d-8483-a8d1dbe833c6,Motor - Interventions - TP Liability Assessment,Assess third party liability in a motor claim,,0,0,0,0,0,0,0,0,0,0,Evaluate,2025-09-03 17:12:24.602905,0,0,,"{""Claims Management""}","{""Claims Triage & Assessment"",""Investigation & Evidence Gathering"",""Claims Adjudication""}",,,,false,false,reference,,,ai_inventory,,,,,,,,Discovery,,,,,,,,,,,3,3,,"Risk that the model makes an incorrect recommendation that a handler then follows, resulting in worse outcomes for the customer and RSA","Risk that the model makes an incorrect recommendation that a handler then follows, resulting in worse outcomes for the customer and RSA",ClaimCenter,,,,,Active,,,COO,,,,false,false,false,false,,,,,false,,,HEX_AITOOL_033,false,,XS,9281,18563,2,4,1-2,,2026-01-29 07:56:33.108,,"{""derived"": true, ""tracking"": {""entries"": []}, ""derivedAt"": ""2026-02-03T14:22:51.458Z"", ""kpiValues"": {}, ""investment"": null, ""lastUpdated"": ""2026-02-03T14:22:51.458Z"", ""kpiEstimates"": [], ""selectedKpis"": [], ""trackingEnabled"": false, ""validationStatus"": ""unvalidated"", ""calculatedMetrics"": {""currentRoi"": null, ""lastCalculated"": null, ""cumulativeValueGbp"": null, ""projectedBreakevenMonth"": null}, ""totalEstimatedValue"": {""max"": 469800, ""min"": 0, ""currency"": ""GBP""}, ""confidenceAdjustment"": null}","{""derived"": true, ""staffing"": {""current"": {""client"": {""total"": 0.6, ""byRole"": {}}, ""vendor"": {""total"": 1.4, ""byRole"": {}}}, ""planned"": {""month6"": {""client"": 0.9, ""vendor"": 1.1}, ""month12"": {""client"": 1.3, ""vendor"": 0.7}, ""month18"": {""client"": 1.6, ""vendor"": 0.5}}}, ""training"": {""plannedCertifications"": [], ""completedCertifications"": [], ""totalTrainingHoursPlanned"": 40, ""totalTrainingHoursCompleted"": 0}, ""derivedAt"": ""2026-01-29T08:58:22.456Z"", ""derivedFrom"": {""quadrant"": ""Experimental"", ""tomPhase"": ""ideation"", ""tShirtSize"": ""XS"", ""operatingModel"": ""coe_led""}, ""roleEvolution"": [], ""knowledgeTransfer"": {""milestoneNotes"": {}, ""completedMilestones"": [], ""inProgressMilestones"": [""kt_001""]}, ""independenceHistory"": [{""date"": ""2026-01"", ""note"": ""Auto-derived from use case attributes"", ""percentage"": 10}], ""selfSufficiencyTarget"": {""targetDate"": ""2027-07-23"", ""advisoryRetainer"": ""false"", ""targetIndependence"": 90}, ""independencePercentage"": 10}",ideation,unique,,,,,pending,,,pending,,,,pending,,,,,pending,,,,,,,ff9f60ad-18f3-44f6-a2a4-78d22a2201a9,,low,false,,,
b747065a-dd30-48c2-8dcf-1821a8a6d17d,Motor - Interventions - Total Loss Early Identification,Predict when claims should be routed for total loss early identification and management,,0,0,0,0,0,0,0,0,0,0,Evaluate,2025-09-03 17:12:24.596843,0,0,,"{""Claims Management""}","{""Claims Triage & Assessment"",""Investigation & Evidence Gathering"",""Claims Adjudication""}",,,,false,false,reference,,,ai_inventory,,,,,,,,Discovery,,,,,,,,,,,3,3,,"Risk that the model makes an incorrect recommendation that a handler then follows, resulting in worse outcomes for the customer and RSA","Risk that the model makes an incorrect recommendation that a handler then follows, resulting in worse outcomes for the customer and RSA",ClaimCenter,,,,,Active,,,COO,,,,false,false,false,false,,,,,false,,,HEX_AITOOL_034,false,,XS,9281,18563,2,4,1-2,,2026-01-29 07:56:33.12,,"{""derived"": true, ""tracking"": {""entries"": []}, ""derivedAt"": ""2026-02-03T14:22:51.472Z"", ""kpiValues"": {}, ""investment"": null, ""lastUpdated"": ""2026-02-03T14:22:51.472Z"", ""kpiEstimates"": [], ""selectedKpis"": [], ""trackingEnabled"": false, ""validationStatus"": ""unvalidated"", ""calculatedMetrics"": {""currentRoi"": null, ""lastCalculated"": null, ""cumulativeValueGbp"": null, ""projectedBreakevenMonth"": null}, ""totalEstimatedValue"": {""max"": 469800, ""min"": 0, ""currency"": ""GBP""}, ""confidenceAdjustment"": null}","{""derived"": true, ""staffing"": {""current"": {""client"": {""total"": 0.6, ""byRole"": {}}, ""vendor"": {""total"": 1.4, ""byRole"": {}}}, ""planned"": {""month6"": {""client"": 0.9, ""vendor"": 1.1}, ""month12"": {""client"": 1.3, ""vendor"": 0.7}, ""month18"": {""client"": 1.6, ""vendor"": 0.5}}}, ""training"": {""plannedCertifications"": [], ""completedCertifications"": [], ""totalTrainingHoursPlanned"": 40, ""totalTrainingHoursCompleted"": 0}, ""derivedAt"": ""2026-01-29T08:58:22.469Z"", ""derivedFrom"": {""quadrant"": ""Experimental"", ""tomPhase"": ""ideation"", ""tShirtSize"": ""XS"", ""operatingModel"": ""coe_led""}, ""roleEvolution"": [], ""knowledgeTransfer"": {""milestoneNotes"": {}, ""completedMilestones"": [], ""inProgressMilestones"": [""kt_001""]}, ""independenceHistory"": [{""date"": ""2026-01"", ""note"": ""Auto-derived from use case attributes"", ""percentage"": 10}], ""selfSufficiencyTarget"": {""targetDate"": ""2027-07-23"", ""advisoryRetainer"": ""false"", ""targetIndependence"": 90}, ""independencePercentage"": 10}",ideation,unique,,,,,pending,,,pending,,,,pending,,,,,pending,,,,,,,ff9f60ad-18f3-44f6-a2a4-78d22a2201a9,,low,false,,,
7922144e-4f9c-42eb-ace4-d5a9827eeb3c,Motor - Interventions - Virtual Settlement,Predict which claims may be suitable for digital settlement and customer contact management,,0,0,0,0,0,0,0,0,0,0,Evaluate,2025-09-03 17:12:24.609657,0,0,,"{""Claims Management""}","{""Claims Triage & Assessment"",""Investigation & Evidence Gathering"",""Claims Adjudication""}",,,,false,false,reference,,,ai_inventory,,,,,,,,Discovery,,,,,,,,,,,3,3,,"Risk that the model makes an incorrect recommendation that a handler then follows, resulting in worse outcomes for the customer and RSA","Risk that the model makes an incorrect recommendation that a handler then follows, resulting in worse outcomes for the customer and RSA",ClaimCenter,,,,,Active,,,COO,,,,false,false,false,false,,,,,false,,,HEX_AITOOL_035,false,,XS,9281,18563,2,4,1-2,,2026-01-29 07:56:33.072,,"{""derived"": true, ""tracking"": {""entries"": []}, ""derivedAt"": ""2026-02-03T14:22:51.415Z"", ""kpiValues"": {}, ""investment"": null, ""lastUpdated"": ""2026-02-03T14:22:51.415Z"", ""kpiEstimates"": [], ""selectedKpis"": [], ""trackingEnabled"": false, ""validationStatus"": ""unvalidated"", ""calculatedMetrics"": {""currentRoi"": null, ""lastCalculated"": null, ""cumulativeValueGbp"": null, ""projectedBreakevenMonth"": null}, ""totalEstimatedValue"": {""max"": 469800, ""min"": 0, ""currency"": ""GBP""}, ""confidenceAdjustment"": null}","{""derived"": true, ""staffing"": {""current"": {""client"": {""total"": 0.6, ""byRole"": {}}, ""vendor"": {""total"": 1.4, ""byRole"": {}}}, ""planned"": {""month6"": {""client"": 0.9, ""vendor"": 1.1}, ""month12"": {""client"": 1.3, ""vendor"": 0.7}, ""month18"": {""client"": 1.6, ""vendor"": 0.5}}}, ""training"": {""plannedCertifications"": [], ""completedCertifications"": [], ""totalTrainingHoursPlanned"": 40, ""totalTrainingHoursCompleted"": 0}, ""derivedAt"": ""2026-01-29T08:58:22.417Z"", ""derivedFrom"": {""quadrant"": ""Experimental"", ""tomPhase"": ""ideation"", ""tShirtSize"": ""XS"", ""operatingModel"": ""coe_led""}, ""roleEvolution"": [], ""knowledgeTransfer"": {""milestoneNotes"": {}, ""completedMilestones"": [], ""inProgressMilestones"": [""kt_001""]}, ""independenceHistory"": [{""date"": ""2026-01"", ""note"": ""Auto-derived from use case attributes"", ""percentage"": 10}], ""selfSufficiencyTarget"": {""targetDate"": ""2027-07-23"", ""advisoryRetainer"": ""false"", ""targetIndependence"": 90}, ""independencePercentage"": 10}",ideation,unique,,,,,pending,,,pending,,,,pending,,,,,pending,,,,,,,ff9f60ad-18f3-44f6-a2a4-78d22a2201a9,,low,false,,,
2ab6cce8-f9dc-48b9-91d8-09cc53f9ea2c,Motor - Interventions - Self Serve Customer Experience,Predict which claims may be suitable for self service customer experience,,0,0,0,0,0,0,0,0,0,0,Evaluate,2025-09-03 17:12:24.605755,0,0,,"{""Claims Management""}","{""Claims Triage & Assessment"",""Investigation & Evidence Gathering"",""Claims Adjudication""}",,,,false,false,reference,,,ai_inventory,,,,,,,,Discovery,,,,,,,,,,,3,3,,"Risk that the model makes an incorrect recommendation that a handler then follows, resulting in worse outcomes for the customer and RSA","Risk that the model makes an incorrect recommendation that a handler then follows, resulting in worse outcomes for the customer and RSA",ClaimCenter,,,,,Active,,,COO,,,,false,false,false,false,,,,,false,,,HEX_AITOOL_036,false,,XS,9281,18563,2,4,1-2,,2026-01-29 07:56:33.082,,"{""derived"": true, ""tracking"": {""entries"": []}, ""derivedAt"": ""2026-02-03T14:22:51.430Z"", ""kpiValues"": {}, ""investment"": null, ""lastUpdated"": ""2026-02-03T14:22:51.430Z"", ""kpiEstimates"": [], ""selectedKpis"": [], ""trackingEnabled"": false, ""validationStatus"": ""unvalidated"", ""calculatedMetrics"": {""currentRoi"": null, ""lastCalculated"": null, ""cumulativeValueGbp"": null, ""projectedBreakevenMonth"": null}, ""totalEstimatedValue"": {""max"": 469800, ""min"": 0, ""currency"": ""GBP""}, ""confidenceAdjustment"": null}","{""derived"": true, ""staffing"": {""current"": {""client"": {""total"": 0.6, ""byRole"": {}}, ""vendor"": {""total"": 1.4, ""byRole"": {}}}, ""planned"": {""month6"": {""client"": 0.9, ""vendor"": 1.1}, ""month12"": {""client"": 1.3, ""vendor"": 0.7}, ""month18"": {""client"": 1.6, ""vendor"": 0.5}}}, ""training"": {""plannedCertifications"": [], ""completedCertifications"": [], ""totalTrainingHoursPlanned"": 40, ""totalTrainingHoursCompleted"": 0}, ""derivedAt"": ""2026-01-29T08:58:22.430Z"", ""derivedFrom"": {""quadrant"": ""Experimental"", ""tomPhase"": ""ideation"", ""tShirtSize"": ""XS"", ""operatingModel"": ""coe_led""}, ""roleEvolution"": [], ""knowledgeTransfer"": {""milestoneNotes"": {}, ""completedMilestones"": [], ""inProgressMilestones"": [""kt_001""]}, ""independenceHistory"": [{""date"": ""2026-01"", ""note"": ""Auto-derived from use case attributes"", ""percentage"": 10}], ""selfSufficiencyTarget"": {""targetDate"": ""2027-07-23"", ""advisoryRetainer"": ""false"", ""targetIndependence"": 90}, ""independencePercentage"": 10}",ideation,unique,,,,,pending,,,pending,,,,pending,,,,,pending,,,,,,,ff9f60ad-18f3-44f6-a2a4-78d22a2201a9,,low,false,,,
3d77aad0-3ae3-4d18-a34e-2e033938ce29,Motor - Interventions - Dual Control Estimate,Predict which claims may require dual control estimate,,0,0,0,0,0,0,0,0,0,0,Evaluate,2025-09-03 17:12:24.037581,0,0,,"{""Claims Management""}","{""Claims Triage & Assessment"",""Investigation & Evidence Gathering"",""Claims Adjudication""}",,,,false,false,reference,,,ai_inventory,,,,,,,,Discovery,,,,,,,,,,,3,3,,"Risk that the model makes an incorrect recommendation that a handler then follows, resulting in worse outcomes for the customer and RSA","Risk that the model makes an incorrect recommendation that a handler then follows, resulting in worse outcomes for the customer and RSA",ClaimCenter,,,,,Active,,,COO,,,,false,false,false,false,,,,,false,,,HEX_AITOOL_037,false,,XS,9281,18563,2,4,1-2,,2026-01-29 07:56:33.156,,"{""derived"": true, ""tracking"": {""entries"": []}, ""derivedAt"": ""2026-02-03T14:22:51.513Z"", ""kpiValues"": {}, ""investment"": null, ""lastUpdated"": ""2026-02-03T14:22:51.513Z"", ""kpiEstimates"": [], ""selectedKpis"": [], ""trackingEnabled"": false, ""validationStatus"": ""unvalidated"", ""calculatedMetrics"": {""currentRoi"": null, ""lastCalculated"": null, ""cumulativeValueGbp"": null, ""projectedBreakevenMonth"": null}, ""totalEstimatedValue"": {""max"": 469800, ""min"": 0, ""currency"": ""GBP""}, ""confidenceAdjustment"": null}","{""derived"": true, ""staffing"": {""current"": {""client"": {""total"": 0.6, ""byRole"": {}}, ""vendor"": {""total"": 1.4, ""byRole"": {}}}, ""planned"": {""month6"": {""client"": 0.9, ""vendor"": 1.1}, ""month12"": {""client"": 1.3, ""vendor"": 0.7}, ""month18"": {""client"": 1.6, ""vendor"": 0.5}}}, ""training"": {""plannedCertifications"": [], ""completedCertifications"": [], ""totalTrainingHoursPlanned"": 40, ""totalTrainingHoursCompleted"": 0}, ""derivedAt"": ""2026-01-29T08:58:22.504Z"", ""derivedFrom"": {""quadrant"": ""Experimental"", ""tomPhase"": ""ideation"", ""tShirtSize"": ""XS"", ""operatingModel"": ""coe_led""}, ""roleEvolution"": [], ""knowledgeTransfer"": {""milestoneNotes"": {}, ""completedMilestones"": [], ""inProgressMilestones"": [""kt_001""]}, ""independenceHistory"": [{""date"": ""2026-01"", ""note"": ""Auto-derived from use case attributes"", ""percentage"": 10}], ""selfSufficiencyTarget"": {""targetDate"": ""2027-07-23"", ""advisoryRetainer"": ""false"", ""targetIndependence"": 90}, ""independencePercentage"": 10}",ideation,unique,,,,,pending,,,pending,,,,pending,,,,,pending,,,,,,,ff9f60ad-18f3-44f6-a2a4-78d22a2201a9,,low,false,,,
cd430ca6-78f4-4c01-b21d-bb1f39824be3,Motor - Interventions - Fraud Classification,Predicts various fraud related propensities within motor claims,,0,0,0,0,0,0,0,0,0,0,Evaluate,2025-09-03 17:12:24.038307,0,0,,"{""Claims Management""}","{""Claims Triage & Assessment"",""Investigation & Evidence Gathering"",""Claims Adjudication""}",,,,false,false,reference,,,ai_inventory,,,,,,,,Discovery,,,,,,,,,,,3,3,,"Risk that the model makes an incorrect recommendation that a handler then follows, resulting in worse outcomes for the customer and RSA","Risk that the model makes an incorrect recommendation that a handler then follows, resulting in worse outcomes for the customer and RSA",ClaimCenter,,,,,Active,,,COO,,,,false,false,false,false,,,,,false,,,HEX_AITOOL_038,false,,XS,9281,18563,2,4,1-2,,2026-01-29 07:56:33.145,,"{""derived"": true, ""tracking"": {""entries"": []}, ""derivedAt"": ""2026-02-03T14:22:51.499Z"", ""kpiValues"": {}, ""investment"": null, ""lastUpdated"": ""2026-02-03T14:22:51.499Z"", ""kpiEstimates"": [], ""selectedKpis"": [], ""trackingEnabled"": false, ""validationStatus"": ""unvalidated"", ""calculatedMetrics"": {""currentRoi"": null, ""lastCalculated"": null, ""cumulativeValueGbp"": null, ""projectedBreakevenMonth"": null}, ""totalEstimatedValue"": {""max"": 469800, ""min"": 0, ""currency"": ""GBP""}, ""confidenceAdjustment"": null}","{""derived"": true, ""staffing"": {""current"": {""client"": {""total"": 0.6, ""byRole"": {}}, ""vendor"": {""total"": 1.4, ""byRole"": {}}}, ""planned"": {""month6"": {""client"": 0.9, ""vendor"": 1.1}, ""month12"": {""client"": 1.3, ""vendor"": 0.7}, ""month18"": {""client"": 1.6, ""vendor"": 0.5}}}, ""training"": {""plannedCertifications"": [], ""completedCertifications"": [], ""totalTrainingHoursPlanned"": 40, ""totalTrainingHoursCompleted"": 0}, ""derivedAt"": ""2026-01-29T08:58:22.492Z"", ""derivedFrom"": {""quadrant"": ""Experimental"", ""tomPhase"": ""ideation"", ""tShirtSize"": ""XS"", ""operatingModel"": ""coe_led""}, ""roleEvolution"": [], ""knowledgeTransfer"": {""milestoneNotes"": {}, ""completedMilestones"": [], ""inProgressMilestones"": [""kt_001""]}, ""independenceHistory"": [{""date"": ""2026-01"", ""note"": ""Auto-derived from use case attributes"", ""percentage"": 10}], ""selfSufficiencyTarget"": {""targetDate"": ""2027-07-23"", ""advisoryRetainer"": ""false"", ""targetIndependence"": 90}, ""independencePercentage"": 10}",ideation,unique,,,,,pending,,,pending,,,,pending,,,,,pending,,,,,,,ff9f60ad-18f3-44f6-a2a4-78d22a2201a9,,low,false,,,
a326285e-2b2b-4dd7-8ae5-8f3430a7de71,Cogito,"Use of AI, NLP & OCR capabilities to mimic the handler / vet assessment processes of claim evaluations i.e., reading the claim history and invoice to assess claim validity and identify invoice deductibles",,0,0,0,0,0,0,0,0,0,0,Evaluate,2025-09-03 17:12:24.020127,0,0,,"{""Claims Management""}","{""Claims Triage & Assessment"",""Investigation & Evidence Gathering"",""Claims Adjudication""}",,,,false,false,reference,,,ai_inventory,,,,,,,,Discovery,,,,,,,,,,,3,3,,This capability helps mitigate the risk of manual handler error when assessing complex medical history's and invoices,"The tool is used as a guide to handlers, whom would still perform a sense check assessment on the summary findings. No risk to RSA",Customer pet medical history and claim invoice data,,,,,Active,,,Claims,,,,false,false,false,false,,,,,false,,,HEX_AITOOL_039,false,,XS,9281,18563,2,4,1-2,,2026-01-29 07:56:33.183,,"{""derived"": true, ""tracking"": {""entries"": []}, ""derivedAt"": ""2026-02-03T14:22:51.550Z"", ""kpiValues"": {}, ""investment"": null, ""lastUpdated"": ""2026-02-03T14:22:51.550Z"", ""kpiEstimates"": [], ""selectedKpis"": [], ""trackingEnabled"": false, ""validationStatus"": ""unvalidated"", ""calculatedMetrics"": {""currentRoi"": null, ""lastCalculated"": null, ""cumulativeValueGbp"": null, ""projectedBreakevenMonth"": null}, ""totalEstimatedValue"": {""max"": 469800, ""min"": 0, ""currency"": ""GBP""}, ""confidenceAdjustment"": null}","{""derived"": true, ""staffing"": {""current"": {""client"": {""total"": 0.6, ""byRole"": {}}, ""vendor"": {""total"": 1.4, ""byRole"": {}}}, ""planned"": {""month6"": {""client"": 0.9, ""vendor"": 1.1}, ""month12"": {""client"": 1.3, ""vendor"": 0.7}, ""month18"": {""client"": 1.6, ""vendor"": 0.5}}}, ""training"": {""plannedCertifications"": [], ""completedCertifications"": [], ""totalTrainingHoursPlanned"": 40, ""totalTrainingHoursCompleted"": 0}, ""derivedAt"": ""2026-01-29T08:58:22.529Z"", ""derivedFrom"": {""quadrant"": ""Experimental"", ""tomPhase"": ""ideation"", ""tShirtSize"": ""XS"", ""operatingModel"": ""coe_led""}, ""roleEvolution"": [], ""knowledgeTransfer"": {""milestoneNotes"": {}, ""completedMilestones"": [], ""inProgressMilestones"": [""kt_001""]}, ""independenceHistory"": [{""date"": ""2026-01"", ""note"": ""Auto-derived from use case attributes"", ""percentage"": 10}], ""selfSufficiencyTarget"": {""targetDate"": ""2027-07-23"", ""advisoryRetainer"": ""false"", ""targetIndependence"": 90}, ""independencePercentage"": 10}",ideation,unique,,,,,pending,,,pending,,,,pending,,,,,pending,,,,,,,ff9f60ad-18f3-44f6-a2a4-78d22a2201a9,,low,false,,,
ccc20c85-1219-4156-af59-8f28518de419,PCW Market Price Modelling and Marketing Targeting using Datarobot,Monitors market rate for Home and Pet (More Than and Partnerships). Takes data from aggregators and produces a benchmarking report with no customer information. External service provision to cease from 31st December 2024.,,0,0,0,0,0,0,0,0,0,0,Evaluate,2025-09-03 17:12:24.040995,0,0,,"{""Sales & Distribution (Including Broker Relationships)""}","{""Lead Generation"",""Broker Relations"",""Channel Management""}",,,,false,false,reference,,,ai_inventory,,,,,,,,Discovery,,,,,,,,,,,3,3,,None - an illustrative basket of risks that provides representative market information that help informs our insight and knowledge of market / competitor changes.,Supplier based relationship that's widely accessed and utilised in the market. Results are aggregated and contain no specific customer data - restricted to technical information based on characteristics of Home or Pet Insurance. No exposure to RSA.,3rd Party,,,,,Pending_Closure,,,Marketing,,,,false,false,false,false,,,,,false,,,HEX_AITOOL_040,false,,XS,9281,18563,2,4,1-2,,2026-01-29 07:56:33.132,,"{""derived"": true, ""tracking"": {""entries"": []}, ""derivedAt"": ""2026-02-03T14:22:51.486Z"", ""kpiValues"": {}, ""investment"": null, ""lastUpdated"": ""2026-02-03T14:22:51.486Z"", ""kpiEstimates"": [], ""selectedKpis"": [], ""trackingEnabled"": false, ""validationStatus"": ""unvalidated"", ""calculatedMetrics"": {""currentRoi"": null, ""lastCalculated"": null, ""cumulativeValueGbp"": null, ""projectedBreakevenMonth"": null}, ""totalEstimatedValue"": {""max"": 415800, ""min"": 0, ""currency"": ""GBP""}, ""confidenceAdjustment"": null}","{""derived"": true, ""staffing"": {""current"": {""client"": {""total"": 0.6, ""byRole"": {}}, ""vendor"": {""total"": 1.4, ""byRole"": {}}}, ""planned"": {""month6"": {""client"": 0.9, ""vendor"": 1.1}, ""month12"": {""client"": 1.3, ""vendor"": 0.7}, ""month18"": {""client"": 1.6, ""vendor"": 0.5}}}, ""training"": {""plannedCertifications"": [], ""completedCertifications"": [], ""totalTrainingHoursPlanned"": 40, ""totalTrainingHoursCompleted"": 0}, ""derivedAt"": ""2026-01-29T08:58:22.480Z"", ""derivedFrom"": {""quadrant"": ""Experimental"", ""tomPhase"": ""ideation"", ""tShirtSize"": ""XS"", ""operatingModel"": ""coe_led""}, ""roleEvolution"": [], ""knowledgeTransfer"": {""milestoneNotes"": {}, ""completedMilestones"": [], ""inProgressMilestones"": [""kt_001""]}, ""independenceHistory"": [{""date"": ""2026-01"", ""note"": ""Auto-derived from use case attributes"", ""percentage"": 10}], ""selfSufficiencyTarget"": {""targetDate"": ""2027-07-23"", ""advisoryRetainer"": ""false"", ""targetIndependence"": 90}, ""independencePercentage"": 10}",ideation,unique,,,,,pending,,,pending,,,,pending,,,,,pending,,,,,,,ff9f60ad-18f3-44f6-a2a4-78d22a2201a9,,low,false,,,
9e74894e-6d29-4f37-b080-d3cf3475b6d6,Motor - Interventions - Indemnity Estimate,Estimate total cost of a motor claim,,0,0,0,0,0,0,0,0,0,0,Evaluate,2025-09-03 17:12:24.022158,0,0,,"{""Claims Management""}","{""Claims Triage & Assessment"",""Investigation & Evidence Gathering"",""Claims Adjudication""}",,,,false,false,reference,,,ai_inventory,,,,,,,,Discovery,,,,,,,,,,,3,3,,"Risk that the model makes an incorrect recommendation that a handler then follows, resulting in worse outcomes for the customer and RSA","Risk that the model makes an incorrect recommendation that a handler then follows, resulting in worse outcomes for the customer and RSA",ClaimCenter,,,,,Active,,,COO,,,,false,false,false,false,,,,,false,,,HEX_AITOOL_041,false,,XS,9281,18563,2,4,1-2,,2026-01-29 07:56:33.17,,"{""derived"": true, ""tracking"": {""entries"": []}, ""derivedAt"": ""2026-02-03T14:22:51.531Z"", ""kpiValues"": {}, ""investment"": null, ""lastUpdated"": ""2026-02-03T14:22:51.531Z"", ""kpiEstimates"": [], ""selectedKpis"": [], ""trackingEnabled"": false, ""validationStatus"": ""unvalidated"", ""calculatedMetrics"": {""currentRoi"": null, ""lastCalculated"": null, ""cumulativeValueGbp"": null, ""projectedBreakevenMonth"": null}, ""totalEstimatedValue"": {""max"": 469800, ""min"": 0, ""currency"": ""GBP""}, ""confidenceAdjustment"": null}","{""derived"": true, ""staffing"": {""current"": {""client"": {""total"": 0.6, ""byRole"": {}}, ""vendor"": {""total"": 1.4, ""byRole"": {}}}, ""planned"": {""month6"": {""client"": 0.9, ""vendor"": 1.1}, ""month12"": {""client"": 1.3, ""vendor"": 0.7}, ""month18"": {""client"": 1.6, ""vendor"": 0.5}}}, ""training"": {""plannedCertifications"": [], ""completedCertifications"": [], ""totalTrainingHoursPlanned"": 40, ""totalTrainingHoursCompleted"": 0}, ""derivedAt"": ""2026-01-29T08:58:22.517Z"", ""derivedFrom"": {""quadrant"": ""Experimental"", ""tomPhase"": ""ideation"", ""tShirtSize"": ""XS"", ""operatingModel"": ""coe_led""}, ""roleEvolution"": [], ""knowledgeTransfer"": {""milestoneNotes"": {}, ""completedMilestones"": [], ""inProgressMilestones"": [""kt_001""]}, ""independenceHistory"": [{""date"": ""2026-01"", ""note"": ""Auto-derived from use case attributes"", ""percentage"": 10}], ""selfSufficiencyTarget"": {""targetDate"": ""2027-07-23"", ""advisoryRetainer"": ""false"", ""targetIndependence"": 90}, ""independencePercentage"": 10}",ideation,unique,,,,,pending,,,pending,,,,pending,,,,,pending,,,,,,,ff9f60ad-18f3-44f6-a2a4-78d22a2201a9,,low,false,,,
6b5a73dc-17ee-4684-a6f9-ff7f743f6753,Motor - Interventions - Settled Direct,CURRENTLY INACTIVE POST PL MOTOR EXIT Predicts based on loss characteristics whether a third party claim represents an opportunity to cash settle directly and makes recommendation to the Claims Handler,,0,0,0,0,0,0,0,0,0,0,Evaluate,2025-09-03 17:12:23.450468,0,0,,"{""Claims Management""}","{""Claims Triage & Assessment"",""Investigation & Evidence Gathering"",""Claims Adjudication""}",,,,false,false,reference,,,ai_inventory,,,,,,,,Discovery,,,,,,,,,,,3,3,,"Risk that the model makes an incorrect recommendation that a handler then follows, resulting in worse outcomes for the customer and RSA","Risk that the model makes an incorrect recommendation that a handler then follows, resulting in worse outcomes for the customer and RSA",ClaimCenter,,,,,Pending_Closure,,,COO,,,,false,false,false,false,,,,,false,,,HEX_AITOOL_042,false,,XS,9281,18563,2,4,1-2,,2026-01-29 07:56:33.22,,"{""derived"": true, ""tracking"": {""entries"": []}, ""derivedAt"": ""2026-02-03T14:22:51.596Z"", ""kpiValues"": {}, ""investment"": null, ""lastUpdated"": ""2026-02-03T14:22:51.596Z"", ""kpiEstimates"": [], ""selectedKpis"": [], ""trackingEnabled"": false, ""validationStatus"": ""unvalidated"", ""calculatedMetrics"": {""currentRoi"": null, ""lastCalculated"": null, ""cumulativeValueGbp"": null, ""projectedBreakevenMonth"": null}, ""totalEstimatedValue"": {""max"": 469800, ""min"": 0, ""currency"": ""GBP""}, ""confidenceAdjustment"": null}","{""derived"": true, ""staffing"": {""current"": {""client"": {""total"": 0.6, ""byRole"": {}}, ""vendor"": {""total"": 1.4, ""byRole"": {}}}, ""planned"": {""month6"": {""client"": 0.9, ""vendor"": 1.1}, ""month12"": {""client"": 1.3, ""vendor"": 0.7}, ""month18"": {""client"": 1.6, ""vendor"": 0.5}}}, ""training"": {""plannedCertifications"": [], ""completedCertifications"": [], ""totalTrainingHoursPlanned"": 40, ""totalTrainingHoursCompleted"": 0}, ""derivedAt"": ""2026-01-29T08:58:22.567Z"", ""derivedFrom"": {""quadrant"": ""Experimental"", ""tomPhase"": ""ideation"", ""tShirtSize"": ""XS"", ""operatingModel"": ""coe_led""}, ""roleEvolution"": [], ""knowledgeTransfer"": {""milestoneNotes"": {}, ""completedMilestones"": [], ""inProgressMilestones"": [""kt_001""]}, ""independenceHistory"": [{""date"": ""2026-01"", ""note"": ""Auto-derived from use case attributes"", ""percentage"": 10}], ""selfSufficiencyTarget"": {""targetDate"": ""2027-07-23"", ""advisoryRetainer"": ""false"", ""targetIndependence"": 90}, ""independencePercentage"": 10}",ideation,unique,,,,,pending,,,pending,,,,pending,,,,,pending,,,,,,,ff9f60ad-18f3-44f6-a2a4-78d22a2201a9,,low,false,,,
4e373740-ff1b-4896-ae78-348991a5035c,Call Miner,"Transcription Engine, Entity Redaction, Semantic Search, Sentiment Classification",,0,0,0,0,0,0,0,0,0,0,Evaluate,2025-09-03 17:12:23.45347,0,0,,"{""Customer Servicing""}","{""Customer Support"",""Account Management"",""Service Delivery""}",,,,false,false,reference,,,ai_inventory,,,,,,,,Discovery,,,,,,,,,,,3,3,,,,,,,,,Active,Production,,Sale | Service | Claims,,,,false,false,false,false,,,,,false,,,HEX_AITOOL_043,false,,XS,9281,18563,2,4,1-2,,2026-01-29 07:56:33.195,,"{""derived"": true, ""tracking"": {""entries"": []}, ""derivedAt"": ""2026-02-03T14:22:51.568Z"", ""kpiValues"": {}, ""investment"": null, ""lastUpdated"": ""2026-02-03T14:22:51.568Z"", ""kpiEstimates"": [], ""selectedKpis"": [], ""trackingEnabled"": false, ""validationStatus"": ""unvalidated"", ""calculatedMetrics"": {""currentRoi"": null, ""lastCalculated"": null, ""cumulativeValueGbp"": null, ""projectedBreakevenMonth"": null}, ""totalEstimatedValue"": {""max"": 367200, ""min"": 0, ""currency"": ""GBP""}, ""confidenceAdjustment"": null}","{""derived"": true, ""staffing"": {""current"": {""client"": {""total"": 0.6, ""byRole"": {}}, ""vendor"": {""total"": 1.4, ""byRole"": {}}}, ""planned"": {""month6"": {""client"": 0.9, ""vendor"": 1.1}, ""month12"": {""client"": 1.3, ""vendor"": 0.7}, ""month18"": {""client"": 1.6, ""vendor"": 0.5}}}, ""training"": {""plannedCertifications"": [], ""completedCertifications"": [], ""totalTrainingHoursPlanned"": 40, ""totalTrainingHoursCompleted"": 0}, ""derivedAt"": ""2026-01-29T08:58:22.543Z"", ""derivedFrom"": {""quadrant"": ""Experimental"", ""tomPhase"": ""ideation"", ""tShirtSize"": ""XS"", ""operatingModel"": ""coe_led""}, ""roleEvolution"": [], ""knowledgeTransfer"": {""milestoneNotes"": {}, ""completedMilestones"": [""kt_001"", ""kt_002"", ""kt_003"", ""kt_004""], ""inProgressMilestones"": [""kt_005""]}, ""independenceHistory"": [{""date"": ""2026-01"", ""note"": ""Auto-derived from use case attributes"", ""percentage"": 25}], ""selfSufficiencyTarget"": {""targetDate"": ""2027-07-23"", ""advisoryRetainer"": ""false"", ""targetIndependence"": 90}, ""independencePercentage"": 25}",ideation,unique,,,,,pending,,,pending,,,,pending,,,,,pending,,,,,,,ff9f60ad-18f3-44f6-a2a4-78d22a2201a9,,low,false,,,
d5f33104-c99a-47e6-bf34-eadfaa5528f7,Google PPC (Digital Media – targeting),Check with Gareth Hawkes as to whether needed for Commercial after MT closes.,,0,0,0,0,0,0,0,0,0,0,Evaluate,2025-09-03 17:12:23.449144,0,0,,"{""Sales & Distribution (Including Broker Relationships)""}","{""Lead Generation"",""Broker Relations"",""Channel Management""}",,,,false,false,reference,,,ai_inventory,,,,,,,,Discovery,,,,,,,,,,,3,3,,None - AI is used by the different providers to ensure our ads are being seen by the most relevant people.,No risk to RSA and Google / Microsoft use AI in their targeting.,,,,,,Active,,,Marketing,,,,false,false,false,false,,,,,false,,,HEX_AITOOL_044,false,,XS,9281,18563,2,4,1-2,,2026-01-29 07:56:33.244,,"{""derived"": true, ""tracking"": {""entries"": []}, ""derivedAt"": ""2026-02-03T14:22:51.624Z"", ""kpiValues"": {}, ""investment"": null, ""lastUpdated"": ""2026-02-03T14:22:51.624Z"", ""kpiEstimates"": [], ""selectedKpis"": [], ""trackingEnabled"": false, ""validationStatus"": ""unvalidated"", ""calculatedMetrics"": {""currentRoi"": null, ""lastCalculated"": null, ""cumulativeValueGbp"": null, ""projectedBreakevenMonth"": null}, ""totalEstimatedValue"": {""max"": 415800, ""min"": 0, ""currency"": ""GBP""}, ""confidenceAdjustment"": null}","{""derived"": true, ""staffing"": {""current"": {""client"": {""total"": 0.6, ""byRole"": {}}, ""vendor"": {""total"": 1.4, ""byRole"": {}}}, ""planned"": {""month6"": {""client"": 0.9, ""vendor"": 1.1}, ""month12"": {""client"": 1.3, ""vendor"": 0.7}, ""month18"": {""client"": 1.6, ""vendor"": 0.5}}}, ""training"": {""plannedCertifications"": [], ""completedCertifications"": [], ""totalTrainingHoursPlanned"": 40, ""totalTrainingHoursCompleted"": 0}, ""derivedAt"": ""2026-01-29T08:58:22.593Z"", ""derivedFrom"": {""quadrant"": ""Experimental"", ""tomPhase"": ""ideation"", ""tShirtSize"": ""XS"", ""operatingModel"": ""coe_led""}, ""roleEvolution"": [], ""knowledgeTransfer"": {""milestoneNotes"": {}, ""completedMilestones"": [], ""inProgressMilestones"": [""kt_001""]}, ""independenceHistory"": [{""date"": ""2026-01"", ""note"": ""Auto-derived from use case attributes"", ""percentage"": 10}], ""selfSufficiencyTarget"": {""targetDate"": ""2027-07-23"", ""advisoryRetainer"": ""false"", ""targetIndependence"": 90}, ""independencePercentage"": 10}",ideation,unique,,,,,pending,,,pending,,,,pending,,,,,pending,,,,,,,ff9f60ad-18f3-44f6-a2a4-78d22a2201a9,,low,false,,,
b083de05-2483-40df-a86b-ce7ae6222fb9,Motor - Interventions - Fraud Validation,Uses clustering algorithms to identify unusual trends in claims data that may be indicative of fraud,,0,0,0,0,0,0,0,0,0,0,Evaluate,2025-09-03 17:12:23.452637,0,0,,"{""Claims Management""}","{""Claims Triage & Assessment"",""Investigation & Evidence Gathering"",""Claims Adjudication""}",,,,false,false,reference,,,ai_inventory,,,,,,,,Discovery,,,,,,,,,,,3,3,,"Risk that the model makes an incorrect recommendation that a handler then follows, resulting in worse outcomes for the customer and RSA","Risk that the model makes an incorrect recommendation that a handler then follows, resulting in worse outcomes for the customer and RSA",ClaimCenter,,,,,Active,,,COO,,,,false,false,false,false,,,,,false,,,HEX_AITOOL_045,false,,XS,9281,18563,2,4,1-2,,2026-01-29 07:56:33.208,,"{""derived"": true, ""tracking"": {""entries"": []}, ""derivedAt"": ""2026-02-03T14:22:51.581Z"", ""kpiValues"": {}, ""investment"": null, ""lastUpdated"": ""2026-02-03T14:22:51.581Z"", ""kpiEstimates"": [], ""selectedKpis"": [], ""trackingEnabled"": false, ""validationStatus"": ""unvalidated"", ""calculatedMetrics"": {""currentRoi"": null, ""lastCalculated"": null, ""cumulativeValueGbp"": null, ""projectedBreakevenMonth"": null}, ""totalEstimatedValue"": {""max"": 469800, ""min"": 0, ""currency"": ""GBP""}, ""confidenceAdjustment"": null}","{""derived"": true, ""staffing"": {""current"": {""client"": {""total"": 0.6, ""byRole"": {}}, ""vendor"": {""total"": 1.4, ""byRole"": {}}}, ""planned"": {""month6"": {""client"": 0.9, ""vendor"": 1.1}, ""month12"": {""client"": 1.3, ""vendor"": 0.7}, ""month18"": {""client"": 1.6, ""vendor"": 0.5}}}, ""training"": {""plannedCertifications"": [], ""completedCertifications"": [], ""totalTrainingHoursPlanned"": 40, ""totalTrainingHoursCompleted"": 0}, ""derivedAt"": ""2026-01-29T08:58:22.555Z"", ""derivedFrom"": {""quadrant"": ""Experimental"", ""tomPhase"": ""ideation"", ""tShirtSize"": ""XS"", ""operatingModel"": ""coe_led""}, ""roleEvolution"": [], ""knowledgeTransfer"": {""milestoneNotes"": {}, ""completedMilestones"": [], ""inProgressMilestones"": [""kt_001""]}, ""independenceHistory"": [{""date"": ""2026-01"", ""note"": ""Auto-derived from use case attributes"", ""percentage"": 10}], ""selfSufficiencyTarget"": {""targetDate"": ""2027-07-23"", ""advisoryRetainer"": ""false"", ""targetIndependence"": 90}, ""independencePercentage"": 10}",ideation,unique,,,,,pending,,,pending,,,,pending,,,,,pending,,,,,,,ff9f60ad-18f3-44f6-a2a4-78d22a2201a9,,low,false,,,
dfb99ed5-aad3-4020-b733-ac153b27d457,InsurSight AI tool - InsurSight Insight - InsurSight Predict (test and development stage – roll out in 2024),"InsurSight Insight - Reserving diagnostics using AI to identify trends/ outliers (and actual : expected) across 000's of datasets. - Identifies where further investigation may be required, usually by Claims. InsurSight Predict - Provides first cut reserve estimate based upon data and AI reserve models. - May identify where a deep dive reserve analysis is required. AI in reserving has been presented to the Audit Committee, Board and Exec.",,0,0,0,0,0,0,0,0,0,0,Evaluate,2025-09-03 17:12:23.449849,0,0,,"{""Claims Management""}","{""Claims Triage & Assessment"",""Investigation & Evidence Gathering"",""Claims Adjudication""}",,,,false,false,reference,,,ai_inventory,,,,,,,,Discovery,,,,,,,,,,,3,3,,"InsurSight Insight No direct customer impact as used for diagnostics only and where Reserving, Claims and U&P should investigate. InsurSight Predict If goes live then could impact financial results and balance sheet if we use the output for reserve and results booking.",InsurSight Insight If the diagnostics miss a trend which should have been spotted earlier so we don't reflect in reserve estimates or U&P don't react to in terms of UW and Pricing. InsurSight Predict If inappropriate reserve estimates aren't spotted and booked to financial result.,Corporate Actuarial reserving data: Claims from the various claims systems via FDS; Premiums from Finance via FDS; and Exposures from U&P.,,,,,Active,,,"Corporate Actuarial (used by Reserving, with results shared with Claims, and Underwriting and Pricin",,,,false,false,false,false,,,,,false,,,HEX_AITOOL_046,false,,XS,9281,18563,2,4,1-2,,2026-01-29 07:56:33.232,,"{""derived"": true, ""tracking"": {""entries"": []}, ""derivedAt"": ""2026-02-03T14:22:51.609Z"", ""kpiValues"": {}, ""investment"": null, ""lastUpdated"": ""2026-02-03T14:22:51.609Z"", ""kpiEstimates"": [], ""selectedKpis"": [], ""trackingEnabled"": false, ""validationStatus"": ""unvalidated"", ""calculatedMetrics"": {""currentRoi"": null, ""lastCalculated"": null, ""cumulativeValueGbp"": null, ""projectedBreakevenMonth"": null}, ""totalEstimatedValue"": {""max"": 469800, ""min"": 0, ""currency"": ""GBP""}, ""confidenceAdjustment"": null}","{""derived"": true, ""staffing"": {""current"": {""client"": {""total"": 0.6, ""byRole"": {}}, ""vendor"": {""total"": 1.4, ""byRole"": {}}}, ""planned"": {""month6"": {""client"": 0.9, ""vendor"": 1.1}, ""month12"": {""client"": 1.3, ""vendor"": 0.7}, ""month18"": {""client"": 1.6, ""vendor"": 0.5}}}, ""training"": {""plannedCertifications"": [], ""completedCertifications"": [], ""totalTrainingHoursPlanned"": 40, ""totalTrainingHoursCompleted"": 0}, ""derivedAt"": ""2026-01-29T08:58:22.579Z"", ""derivedFrom"": {""quadrant"": ""Experimental"", ""tomPhase"": ""ideation"", ""tShirtSize"": ""XS"", ""operatingModel"": ""coe_led""}, ""roleEvolution"": [], ""knowledgeTransfer"": {""milestoneNotes"": {}, ""completedMilestones"": [], ""inProgressMilestones"": [""kt_001""]}, ""independenceHistory"": [{""date"": ""2026-01"", ""note"": ""Auto-derived from use case attributes"", ""percentage"": 10}], ""selfSufficiencyTarget"": {""targetDate"": ""2027-07-23"", ""advisoryRetainer"": ""false"", ""targetIndependence"": 90}, ""independencePercentage"": 10}",ideation,unique,,,,,pending,,,pending,,,,pending,,,,,pending,,,,,,,ff9f60ad-18f3-44f6-a2a4-78d22a2201a9,,low,false,,,
d38fd2aa-6b25-447d-81be-1748a0681244,Broker Portal Intelligence,"AI-powered broker portal that provides personalized dashboards, automated reporting, and intelligent recommendations for portfolio optimization.",GenAI,0,0,0,0,0,0,0,0,0,0,Evaluate,2025-09-03 17:12:34.406823,0,0,,"{""Sales & Distribution (Including Broker Relationships)""}","{""Lead Generation"",""Broker Relations"",""Channel Management""}",,,,false,false,reference,,,industry_standard,,,,,,,,Discovery,,,,,,,,,,,3,3,,,,,,,,,,,,,,,,false,false,false,false,,,,,false,,,HEX_IND_001,false,,XS,9281,18563,2,4,1-2,,2026-01-29 07:56:31.935,,"{""derived"": true, ""tracking"": {""entries"": []}, ""derivedAt"": ""2026-02-03T14:22:50.161Z"", ""kpiValues"": {}, ""investment"": null, ""lastUpdated"": ""2026-02-03T14:22:50.161Z"", ""kpiEstimates"": [], ""selectedKpis"": [], ""trackingEnabled"": false, ""validationStatus"": ""unvalidated"", ""calculatedMetrics"": {""currentRoi"": null, ""lastCalculated"": null, ""cumulativeValueGbp"": null, ""projectedBreakevenMonth"": null}, ""totalEstimatedValue"": {""max"": 415800, ""min"": 0, ""currency"": ""GBP""}, ""confidenceAdjustment"": null}","{""derived"": true, ""staffing"": {""current"": {""client"": {""total"": 0.6, ""byRole"": {}}, ""vendor"": {""total"": 1.4, ""byRole"": {}}}, ""planned"": {""month6"": {""client"": 0.9, ""vendor"": 1.1}, ""month12"": {""client"": 1.3, ""vendor"": 0.7}, ""month18"": {""client"": 1.6, ""vendor"": 0.5}}}, ""training"": {""plannedCertifications"": [], ""completedCertifications"": [], ""totalTrainingHoursPlanned"": 40, ""totalTrainingHoursCompleted"": 0}, ""derivedAt"": ""2026-01-29T08:58:21.193Z"", ""derivedFrom"": {""quadrant"": ""Experimental"", ""tomPhase"": ""ideation"", ""tShirtSize"": ""XS"", ""operatingModel"": ""coe_led""}, ""roleEvolution"": [], ""knowledgeTransfer"": {""milestoneNotes"": {}, ""completedMilestones"": [], ""inProgressMilestones"": [""kt_001""]}, ""independenceHistory"": [{""date"": ""2026-01"", ""note"": ""Auto-derived from use case attributes"", ""percentage"": 10}], ""selfSufficiencyTarget"": {""targetDate"": ""2027-07-23"", ""advisoryRetainer"": ""false"", ""targetIndependence"": 90}, ""independencePercentage"": 10}",ideation,unique,,,,,pending,,,pending,,,,pending,,,,,pending,,,,,,,ff9f60ad-18f3-44f6-a2a4-78d22a2201a9,,low,false,,,
de9c4f58-1d85-489d-819e-8ee6a3840193,Predictive Risk Scoring Engine,"A machine learning model that analyzes historical and real-time data to predict policy risk levels, improving pricing accuracy and loss ratios.",Predictive ML,0,0,0,0,0,0,0,0,0,0,Evaluate,2025-09-03 17:12:34.409546,0,0,,"{""Underwriting & Triage""}","{""Risk Assessment"",Rating,""Quality Assurance""}",,,,false,false,reference,,,industry_standard,,,,,,,,Discovery,,,,,,,,,,,3,3,,,,,,,,,,,,,,,,false,false,false,false,,,,,false,,,HEX_IND_002,false,,XS,9281,18563,2,4,1-2,,2026-01-29 07:56:31.923,,"{""derived"": true, ""tracking"": {""entries"": []}, ""derivedAt"": ""2026-02-03T14:22:50.147Z"", ""kpiValues"": {}, ""investment"": null, ""lastUpdated"": ""2026-02-03T14:22:50.147Z"", ""kpiEstimates"": [], ""selectedKpis"": [], ""trackingEnabled"": false, ""validationStatus"": ""unvalidated"", ""calculatedMetrics"": {""currentRoi"": null, ""lastCalculated"": null, ""cumulativeValueGbp"": null, ""projectedBreakevenMonth"": null}, ""totalEstimatedValue"": {""max"": 448200, ""min"": 0, ""currency"": ""GBP""}, ""confidenceAdjustment"": null}","{""derived"": true, ""staffing"": {""current"": {""client"": {""total"": 0.6, ""byRole"": {}}, ""vendor"": {""total"": 1.4, ""byRole"": {}}}, ""planned"": {""month6"": {""client"": 0.9, ""vendor"": 1.1}, ""month12"": {""client"": 1.3, ""vendor"": 0.7}, ""month18"": {""client"": 1.6, ""vendor"": 0.5}}}, ""training"": {""plannedCertifications"": [], ""completedCertifications"": [], ""totalTrainingHoursPlanned"": 40, ""totalTrainingHoursCompleted"": 0}, ""derivedAt"": ""2026-01-29T08:58:21.182Z"", ""derivedFrom"": {""quadrant"": ""Experimental"", ""tomPhase"": ""ideation"", ""tShirtSize"": ""XS"", ""operatingModel"": ""coe_led""}, ""roleEvolution"": [], ""knowledgeTransfer"": {""milestoneNotes"": {}, ""completedMilestones"": [], ""inProgressMilestones"": [""kt_001""]}, ""independenceHistory"": [{""date"": ""2026-01"", ""note"": ""Auto-derived from use case attributes"", ""percentage"": 10}], ""selfSufficiencyTarget"": {""targetDate"": ""2027-07-23"", ""advisoryRetainer"": ""false"", ""targetIndependence"": 90}, ""independencePercentage"": 10}",ideation,unique,,,,,pending,,,pending,,,,pending,,,,,pending,,,,,,,ff9f60ad-18f3-44f6-a2a4-78d22a2201a9,,low,false,,,
62e0e19c-02b4-4e1d-8aa9-b39243169d56,ESG Impact Scoring,"AI system to evaluate Environmental, Social, and Governance factors in underwriting decisions and portfolio management.",Predictive ML,2,2,3,4,1,4,4,3,2.8,3.2,Watchlist,2025-09-03 17:12:34.410644,3,4,"{""All Commercial""}","{""Risk Consulting""}","{""Risk Evaluation"",""Compliance Verification"",""Advisory Services""}","{""All Segments""}","{""United States""}",,true,true,active,,,industry_standard,,,,,,,ABC,Backlog,,,,,,,{},{},{},high,3,3,,,,,,,,,,,,Operations,,,,true,false,true,true,,,,,false,,,HEX_IND_003,false,{},M,111375,222750,8,16,3-6,,2026-02-03 17:36:01.487,,"{""derived"": true, ""tracking"": {""entries"": []}, ""derivedAt"": ""2026-02-03T14:22:50.133Z"", ""kpiValues"": {}, ""investment"": {""currency"": ""GBP"", ""initialInvestment"": 0, ""ongoingMonthlyCost"": 0}, ""lastUpdated"": ""2026-02-03T14:22:50.133Z"", ""kpiEstimates"": [], ""selectedKpis"": [], ""trackingEnabled"": false, ""valueConfidence"": {""rationale"": null, ""lastValidatedAt"": null, ""lastValidatedBy"": null, ""adjustedValueGbp"": null, ""validationStatus"": ""unvalidated"", ""conservativeFactor"": 1}, ""validationStatus"": ""unvalidated"", ""calculatedMetrics"": {""currentRoi"": null, ""lastCalculated"": null, ""cumulativeValueGbp"": null, ""projectedBreakevenMonth"": null}, ""totalEstimatedValue"": {""max"": 367200, ""min"": 0, ""currency"": ""GBP""}, ""confidenceAdjustment"": null}","{""derived"": true, ""staffing"": {""current"": {""client"": {""total"": 1.5, ""byRole"": {}}, ""vendor"": {""total"": 3.5, ""byRole"": {}}}, ""planned"": {""month6"": {""client"": 2.1, ""vendor"": 2.9}, ""month12"": {""client"": 2.9, ""vendor"": 2.1}, ""month18"": {""client"": 3.5, ""vendor"": 1.5}}}, ""training"": {""plannedCertifications"": [], ""completedCertifications"": [], ""totalTrainingHoursPlanned"": 100, ""totalTrainingHoursCompleted"": 0}, ""derivedAt"": ""2026-02-03T17:36:01.542Z"", ""derivedFrom"": {""quadrant"": ""Watchlist"", ""tomPhase"": ""assessment"", ""tShirtSize"": ""M"", ""operatingModel"": ""coe_led""}, ""roleEvolution"": [], ""knowledgeTransfer"": {""milestoneNotes"": {}, ""completedMilestones"": [], ""inProgressMilestones"": [""kt_001""]}, ""independenceHistory"": [{""date"": ""2026-02"", ""note"": ""Auto-derived from use case attributes"", ""percentage"": 10}], ""selfSufficiencyTarget"": {""targetDate"": ""2027-12-25"", ""advisoryRetainer"": ""false"", ""targetIndependence"": 90}, ""independencePercentage"": 10}",assessment,unique,,,,,complete,,,pending,,,,pending,,,,,pending,,,,,,,ff9f60ad-18f3-44f6-a2a4-78d22a2201a9,,low,false,ABC,,joint
4096050f-2dda-4d64-8c0b-da583017256f,Underwriting Digital Assistant,"Provides underwriters with a summarized view of submission data, highlighting information outside of guidelines, assessing appetite capacity, and suggesting next best actions.",GenAI,0,0,0,0,0,0,0,0,0,0,Evaluate,2025-09-03 17:12:33.855074,0,0,,"{""Underwriting & Triage""}","{""Risk Assessment"",Rating,""Quality Assurance""}",,,,false,false,reference,,,industry_standard,,,,,,,,Discovery,,,,,,,,,,,3,3,,,,,,,,,,,,,,,,false,false,false,false,,,,,false,,,HEX_IND_004,false,,XS,9281,18563,2,4,1-2,,2026-01-29 07:56:31.958,,"{""derived"": true, ""tracking"": {""entries"": []}, ""derivedAt"": ""2026-02-03T14:22:50.189Z"", ""kpiValues"": {}, ""investment"": null, ""lastUpdated"": ""2026-02-03T14:22:50.189Z"", ""kpiEstimates"": [], ""selectedKpis"": [], ""trackingEnabled"": false, ""validationStatus"": ""unvalidated"", ""calculatedMetrics"": {""currentRoi"": null, ""lastCalculated"": null, ""cumulativeValueGbp"": null, ""projectedBreakevenMonth"": null}, ""totalEstimatedValue"": {""max"": 448200, ""min"": 0, ""currency"": ""GBP""}, ""confidenceAdjustment"": null}","{""derived"": true, ""staffing"": {""current"": {""client"": {""total"": 0.6, ""byRole"": {}}, ""vendor"": {""total"": 1.4, ""byRole"": {}}}, ""planned"": {""month6"": {""client"": 0.9, ""vendor"": 1.1}, ""month12"": {""client"": 1.3, ""vendor"": 0.7}, ""month18"": {""client"": 1.6, ""vendor"": 0.5}}}, ""training"": {""plannedCertifications"": [], ""completedCertifications"": [], ""totalTrainingHoursPlanned"": 40, ""totalTrainingHoursCompleted"": 0}, ""derivedAt"": ""2026-01-29T08:58:21.216Z"", ""derivedFrom"": {""quadrant"": ""Experimental"", ""tomPhase"": ""ideation"", ""tShirtSize"": ""XS"", ""operatingModel"": ""coe_led""}, ""roleEvolution"": [], ""knowledgeTransfer"": {""milestoneNotes"": {}, ""completedMilestones"": [], ""inProgressMilestones"": [""kt_001""]}, ""independenceHistory"": [{""date"": ""2026-01"", ""note"": ""Auto-derived from use case attributes"", ""percentage"": 10}], ""selfSufficiencyTarget"": {""targetDate"": ""2027-07-23"", ""advisoryRetainer"": ""false"", ""targetIndependence"": 90}, ""independencePercentage"": 10}",ideation,unique,,,,,pending,,,pending,,,,pending,,,,,pending,,,,,,,ff9f60ad-18f3-44f6-a2a4-78d22a2201a9,,low,false,,,
3c2acd81-6293-4126-b26b-874c60f9124b,Customer Journey Optimization,AI-driven analysis of customer touchpoints to optimize experience and reduce abandonment rates in the sales funnel.,Predictive ML,0,0,0,0,0,0,0,0,0,0,Evaluate,2025-09-03 17:12:33.842505,0,0,,"{""Customer Servicing""}","{""Customer Support"",""Account Management"",""Service Delivery""}",,,,false,false,reference,,,industry_standard,,,,,,,,Discovery,,,,,,,,,,,3,3,,,,,,,,,,,,,,,,false,false,false,false,,,,,false,,,HEX_IND_005,false,,XS,9281,18563,2,4,1-2,,2026-01-29 07:56:31.969,,"{""derived"": true, ""tracking"": {""entries"": []}, ""derivedAt"": ""2026-02-03T14:22:50.204Z"", ""kpiValues"": {}, ""investment"": null, ""lastUpdated"": ""2026-02-03T14:22:50.204Z"", ""kpiEstimates"": [], ""selectedKpis"": [], ""trackingEnabled"": false, ""validationStatus"": ""unvalidated"", ""calculatedMetrics"": {""currentRoi"": null, ""lastCalculated"": null, ""cumulativeValueGbp"": null, ""projectedBreakevenMonth"": null}, ""totalEstimatedValue"": {""max"": 367200, ""min"": 0, ""currency"": ""GBP""}, ""confidenceAdjustment"": null}","{""derived"": true, ""staffing"": {""current"": {""client"": {""total"": 0.6, ""byRole"": {}}, ""vendor"": {""total"": 1.4, ""byRole"": {}}}, ""planned"": {""month6"": {""client"": 0.9, ""vendor"": 1.1}, ""month12"": {""client"": 1.3, ""vendor"": 0.7}, ""month18"": {""client"": 1.6, ""vendor"": 0.5}}}, ""training"": {""plannedCertifications"": [], ""completedCertifications"": [], ""totalTrainingHoursPlanned"": 40, ""totalTrainingHoursCompleted"": 0}, ""derivedAt"": ""2026-01-29T08:58:21.227Z"", ""derivedFrom"": {""quadrant"": ""Experimental"", ""tomPhase"": ""ideation"", ""tShirtSize"": ""XS"", ""operatingModel"": ""coe_led""}, ""roleEvolution"": [], ""knowledgeTransfer"": {""milestoneNotes"": {}, ""completedMilestones"": [], ""inProgressMilestones"": [""kt_001""]}, ""independenceHistory"": [{""date"": ""2026-01"", ""note"": ""Auto-derived from use case attributes"", ""percentage"": 10}], ""selfSufficiencyTarget"": {""targetDate"": ""2027-07-23"", ""advisoryRetainer"": ""false"", ""targetIndependence"": 90}, ""independencePercentage"": 10}",ideation,unique,,,,,pending,,,pending,,,,pending,,,,,pending,,,,,,,ff9f60ad-18f3-44f6-a2a4-78d22a2201a9,,low,false,,,
a4541de6-a718-49d4-ae30-345f828aa8ea,Catastrophe Modeling Enhancement,AI-enhanced catastrophe models using satellite imagery and IoT data for more accurate risk assessment and exposure management.,Predictive ML,0,0,0,0,0,0,0,0,0,0,Evaluate,2025-09-03 17:12:33.839043,0,0,,"{""Risk Consulting""}","{""Risk Evaluation"",""Compliance Verification"",""Advisory Services""}",,,,false,false,reference,,,industry_standard,,,,,,,,Discovery,,,,,,,,,,,3,3,,,,,,,,,,,,,,,,false,false,false,false,,,,,false,,,HEX_IND_006,false,,XS,9281,18563,2,4,1-2,,2026-01-29 07:56:31.993,,"{""derived"": true, ""tracking"": {""entries"": []}, ""derivedAt"": ""2026-02-03T14:22:50.252Z"", ""kpiValues"": {}, ""investment"": null, ""lastUpdated"": ""2026-02-03T14:22:50.252Z"", ""kpiEstimates"": [], ""selectedKpis"": [], ""trackingEnabled"": false, ""validationStatus"": ""unvalidated"", ""calculatedMetrics"": {""currentRoi"": null, ""lastCalculated"": null, ""cumulativeValueGbp"": null, ""projectedBreakevenMonth"": null}, ""totalEstimatedValue"": {""max"": 367200, ""min"": 0, ""currency"": ""GBP""}, ""confidenceAdjustment"": null}","{""derived"": true, ""staffing"": {""current"": {""client"": {""total"": 0.6, ""byRole"": {}}, ""vendor"": {""total"": 1.4, ""byRole"": {}}}, ""planned"": {""month6"": {""client"": 0.9, ""vendor"": 1.1}, ""month12"": {""client"": 1.3, ""vendor"": 0.7}, ""month18"": {""client"": 1.6, ""vendor"": 0.5}}}, ""training"": {""plannedCertifications"": [], ""completedCertifications"": [], ""totalTrainingHoursPlanned"": 40, ""totalTrainingHoursCompleted"": 0}, ""derivedAt"": ""2026-01-29T08:58:21.282Z"", ""derivedFrom"": {""quadrant"": ""Experimental"", ""tomPhase"": ""ideation"", ""tShirtSize"": ""XS"", ""operatingModel"": ""coe_led""}, ""roleEvolution"": [], ""knowledgeTransfer"": {""milestoneNotes"": {}, ""completedMilestones"": [], ""inProgressMilestones"": [""kt_001""]}, ""independenceHistory"": [{""date"": ""2026-01"", ""note"": ""Auto-derived from use case attributes"", ""percentage"": 10}], ""selfSufficiencyTarget"": {""targetDate"": ""2027-07-23"", ""advisoryRetainer"": ""false"", ""targetIndependence"": 90}, ""independencePercentage"": 10}",ideation,unique,,,,,pending,,,pending,,,,pending,,,,,pending,,,,,,,ff9f60ad-18f3-44f6-a2a4-78d22a2201a9,,low,false,,,
bf491e7d-b3fb-4529-b45e-69157f81f4fd,Automated Claims Triage,"AI-powered system to automatically classify and prioritize incoming claims based on complexity, urgency, and potential fraud indicators.",GenAI,0,0,0,0,0,0,0,0,0,0,Evaluate,2025-09-03 17:12:33.270534,0,0,,"{""Claims Management""}","{""Claims Triage & Assessment"",""Investigation & Evidence Gathering"",""Claims Adjudication""}",,,,false,false,reference,,,industry_standard,,,,,,,,Discovery,,,,,,,,,,,3,3,,,,,,,,,,,,,,,,false,false,false,false,,,,,false,,,HEX_IND_007,false,,XS,9281,18563,2,4,1-2,,2026-01-29 07:56:32.005,,"{""derived"": true, ""tracking"": {""entries"": []}, ""derivedAt"": ""2026-02-03T14:22:50.273Z"", ""kpiValues"": {}, ""investment"": null, ""lastUpdated"": ""2026-02-03T14:22:50.273Z"", ""kpiEstimates"": [], ""selectedKpis"": [], ""trackingEnabled"": false, ""validationStatus"": ""unvalidated"", ""calculatedMetrics"": {""currentRoi"": null, ""lastCalculated"": null, ""cumulativeValueGbp"": null, ""projectedBreakevenMonth"": null}, ""totalEstimatedValue"": {""max"": 469800, ""min"": 0, ""currency"": ""GBP""}, ""confidenceAdjustment"": null}","{""derived"": true, ""staffing"": {""current"": {""client"": {""total"": 0.6, ""byRole"": {}}, ""vendor"": {""total"": 1.4, ""byRole"": {}}}, ""planned"": {""month6"": {""client"": 0.9, ""vendor"": 1.1}, ""month12"": {""client"": 1.3, ""vendor"": 0.7}, ""month18"": {""client"": 1.6, ""vendor"": 0.5}}}, ""training"": {""plannedCertifications"": [], ""completedCertifications"": [], ""totalTrainingHoursPlanned"": 40, ""totalTrainingHoursCompleted"": 0}, ""derivedAt"": ""2026-01-29T08:58:21.304Z"", ""derivedFrom"": {""quadrant"": ""Experimental"", ""tomPhase"": ""ideation"", ""tShirtSize"": ""XS"", ""operatingModel"": ""coe_led""}, ""roleEvolution"": [], ""knowledgeTransfer"": {""milestoneNotes"": {}, ""completedMilestones"": [], ""inProgressMilestones"": [""kt_001""]}, ""independenceHistory"": [{""date"": ""2026-01"", ""note"": ""Auto-derived from use case attributes"", ""percentage"": 10}], ""selfSufficiencyTarget"": {""targetDate"": ""2027-07-23"", ""advisoryRetainer"": ""false"", ""targetIndependence"": 90}, ""independencePercentage"": 10}",ideation,unique,,,,,pending,,,pending,,,,pending,,,,,pending,,,,,,,ff9f60ad-18f3-44f6-a2a4-78d22a2201a9,,low,false,,,
63f704ef-b983-4ede-8359-88310bc6f459,Automated Prefilled Forms,"An AI system that pre-populates application forms by extracting information from historical client data, public records, and previous submissions to speed up the process.",Process Automation,0,0,0,0,0,0,0,0,0,0,Evaluate,2025-09-03 17:12:32.689916,0,0,,"{""Underwriting & Triage""}","{""Risk Assessment"",Rating,""Quality Assurance""}",,,,false,false,reference,,,industry_standard,,,,,,,,Discovery,,,,,,,,,,,3,3,,,,,,,,,,,,,,,,false,false,false,false,,,,,false,,,HEX_IND_008,false,,XS,9281,18563,2,4,1-2,,2026-01-29 07:56:32.067,,"{""derived"": true, ""tracking"": {""entries"": []}, ""derivedAt"": ""2026-02-03T14:22:50.355Z"", ""kpiValues"": {}, ""investment"": null, ""lastUpdated"": ""2026-02-03T14:22:50.355Z"", ""kpiEstimates"": [], ""selectedKpis"": [], ""trackingEnabled"": false, ""validationStatus"": ""unvalidated"", ""calculatedMetrics"": {""currentRoi"": null, ""lastCalculated"": null, ""cumulativeValueGbp"": null, ""projectedBreakevenMonth"": null}, ""totalEstimatedValue"": {""max"": 448200, ""min"": 0, ""currency"": ""GBP""}, ""confidenceAdjustment"": null}","{""derived"": true, ""staffing"": {""current"": {""client"": {""total"": 0.6, ""byRole"": {}}, ""vendor"": {""total"": 1.4, ""byRole"": {}}}, ""planned"": {""month6"": {""client"": 0.9, ""vendor"": 1.1}, ""month12"": {""client"": 1.3, ""vendor"": 0.7}, ""month18"": {""client"": 1.6, ""vendor"": 0.5}}}, ""training"": {""plannedCertifications"": [], ""completedCertifications"": [], ""totalTrainingHoursPlanned"": 40, ""totalTrainingHoursCompleted"": 0}, ""derivedAt"": ""2026-01-29T08:58:21.362Z"", ""derivedFrom"": {""quadrant"": ""Experimental"", ""tomPhase"": ""ideation"", ""tShirtSize"": ""XS"", ""operatingModel"": ""coe_led""}, ""roleEvolution"": [], ""knowledgeTransfer"": {""milestoneNotes"": {}, ""completedMilestones"": [], ""inProgressMilestones"": [""kt_001""]}, ""independenceHistory"": [{""date"": ""2026-01"", ""note"": ""Auto-derived from use case attributes"", ""percentage"": 10}], ""selfSufficiencyTarget"": {""targetDate"": ""2027-07-23"", ""advisoryRetainer"": ""false"", ""targetIndependence"": 90}, ""independencePercentage"": 10}",ideation,unique,,,,,pending,,,pending,,,,pending,,,,,pending,,,,,,,ff9f60ad-18f3-44f6-a2a4-78d22a2201a9,,low,false,,,
31f894f7-cd0e-4abd-957b-7fcbecf25cdf,Portfolio Risk Optimization,"AI-driven portfolio analysis to optimize risk distribution, identify concentration risks, and suggest rebalancing strategies.",Predictive ML,5,3,4,5,2,4,3,4,4.2,3.4,Strategic Bet,2025-09-03 17:12:32.663596,4,4,"{""Property Owners"",""Workers Compensation""}","{""Financial Management""}","{Accounting,""Financial Reporting"",""Payment Processing""}","{""All Segments""}","{""United States""}",,true,true,active,,,industry_standard,,,,,,,ABC,In-flight,,,,,,,{},{},{},high,3,3,,,,,,,,,,,,Underwriting,,,,true,false,false,true,,,,,false,,,HEX_IND_009,false,{},M,111375,222750,8,16,3-6,,2026-02-03 18:25:19.004,,"{""derived"": true, ""tracking"": {""entries"": []}, ""derivedAt"": ""2026-02-03T14:22:50.369Z"", ""kpiValues"": {}, ""investment"": {""currency"": ""GBP"", ""initialInvestment"": 0, ""ongoingMonthlyCost"": 0}, ""lastUpdated"": ""2026-02-03T14:22:50.369Z"", ""kpiEstimates"": [], ""selectedKpis"": [], ""trackingEnabled"": false, ""valueConfidence"": {""rationale"": null, ""lastValidatedAt"": null, ""lastValidatedBy"": null, ""adjustedValueGbp"": null, ""validationStatus"": ""unvalidated"", ""conservativeFactor"": 1}, ""validationStatus"": ""unvalidated"", ""calculatedMetrics"": {""currentRoi"": null, ""lastCalculated"": null, ""cumulativeValueGbp"": null, ""projectedBreakevenMonth"": null}, ""totalEstimatedValue"": {""max"": 367200, ""min"": 0, ""currency"": ""GBP""}, ""confidenceAdjustment"": null, ""phaseDefaultsApplied"": ""foundation"", ""expectedValueRangeMax"": 100000, ""expectedValueRangeMin"": 25000, ""phaseDefaultsAppliedAt"": ""2026-02-03T18:25:19.004Z""}","{""derived"": true, ""staffing"": {""current"": {""client"": {""total"": 1.5, ""byRole"": {}}, ""vendor"": {""total"": 3.5, ""byRole"": {}}}, ""planned"": {""month6"": {""client"": 2.4, ""vendor"": 2.6}, ""month12"": {""client"": 3.6, ""vendor"": 1.4}, ""month18"": {""client"": 4.5, ""vendor"": 0.5}}}, ""training"": {""plannedCertifications"": [], ""completedCertifications"": [], ""totalTrainingHoursPlanned"": 100, ""totalTrainingHoursCompleted"": 0}, ""derivedAt"": ""2026-02-03T18:25:19.046Z"", ""derivedFrom"": {""quadrant"": ""Strategic Bet"", ""tomPhase"": ""foundation"", ""tShirtSize"": ""M"", ""operatingModel"": ""coe_led""}, ""roleEvolution"": [], ""knowledgeTransfer"": {""milestoneNotes"": {}, ""completedMilestones"": [], ""inProgressMilestones"": [""kt_001""]}, ""independenceHistory"": [{""date"": ""2026-02"", ""note"": ""Auto-derived from use case attributes"", ""percentage"": 10}], ""selfSufficiencyTarget"": {""targetDate"": ""2027-04-29"", ""advisoryRetainer"": ""false"", ""targetIndependence"": 90}, ""independencePercentage"": 10}",foundation,unique,,,,,complete,,,pending,,,,pending,,,,,pending,,,,,,,ff9f60ad-18f3-44f6-a2a4-78d22a2201a9,,low,false,ABC,,business_led
acac8e25-8c56-479d-a073-3abd76647a31,AI-led Policy Comparison,"An AI system to compare complex commercial insurance policies (including competitor products), highlighting key differences in coverage, exclusions, and wording.",GenAI,3,3,4,4,2,2,3,3,3.4,2.4,Quick Win,2025-09-03 17:12:32.658744,3,2,"{""Commercial Property"",Motor}","{""Underwriting & Triage""}","{""Risk Assessment"",Rating,""Quality Assurance""}","{""All Segments""}",{},,true,true,active,,,industry_standard,,,,,,,ABC,Backlog,,,,,,,{},{},{},high,3,3,,,,,,,,,,,,Operations,,,,true,false,false,true,,,,,false,,,HEX_IND_010,true,"{""Content Management -Categorization, tagging, curation"",""Data Analysis - Augmentation, visualization""}",S,37125,74250,4,8,2-4,,2026-02-03 18:35:20.994,,"{""derived"": true, ""tracking"": {""entries"": []}, ""derivedAt"": ""2026-02-03T14:22:50.381Z"", ""kpiValues"": {}, ""investment"": {""currency"": ""GBP"", ""initialInvestment"": 0, ""ongoingMonthlyCost"": 0}, ""lastUpdated"": ""2026-02-03T14:22:50.381Z"", ""kpiEstimates"": [], ""selectedKpis"": [], ""trackingEnabled"": false, ""valueConfidence"": {""rationale"": null, ""lastValidatedAt"": null, ""lastValidatedBy"": null, ""adjustedValueGbp"": null, ""validationStatus"": ""unvalidated"", ""conservativeFactor"": 1}, ""validationStatus"": ""unvalidated"", ""calculatedMetrics"": {""currentRoi"": null, ""lastCalculated"": null, ""cumulativeValueGbp"": null, ""projectedBreakevenMonth"": null}, ""totalEstimatedValue"": {""max"": 448200, ""min"": 0, ""currency"": ""GBP""}, ""confidenceAdjustment"": null}","{""derived"": true, ""staffing"": {""current"": {""client"": {""total"": 0.9, ""byRole"": {}}, ""vendor"": {""total"": 2.1, ""byRole"": {}}}, ""planned"": {""month6"": {""client"": 1.7, ""vendor"": 1.3}, ""month12"": {""client"": 2.7, ""vendor"": 0.3}, ""month18"": {""client"": 3.4, ""vendor"": 0.5}}}, ""training"": {""plannedCertifications"": [], ""completedCertifications"": [], ""totalTrainingHoursPlanned"": 60, ""totalTrainingHoursCompleted"": 0}, ""derivedAt"": ""2026-02-03T18:35:21.026Z"", ""derivedFrom"": {""quadrant"": ""Quick Win"", ""tomPhase"": ""assessment"", ""tShirtSize"": ""S"", ""operatingModel"": ""coe_led""}, ""roleEvolution"": [], ""knowledgeTransfer"": {""milestoneNotes"": {}, ""completedMilestones"": [], ""inProgressMilestones"": [""kt_001""]}, ""independenceHistory"": [{""date"": ""2026-02"", ""note"": ""Auto-derived from use case attributes"", ""percentage"": 10}], ""selfSufficiencyTarget"": {""targetDate"": ""2026-12-30"", ""advisoryRetainer"": ""false"", ""targetIndependence"": 90}, ""independencePercentage"": 10}",assessment,unique,,,,,complete,,,pending,,,,pending,,,,,pending,,,,,,,ff9f60ad-18f3-44f6-a2a4-78d22a2201a9,,low,false,ABC,,business_led
a042dfaf-2ea2-46c9-bbdb-e5aa41eb5741,Agentic AI for Underwriting,"A multi-agent system to automate the entire underwriting workflow, from data intake and risk profiling to pricing, compliance checks, and decision orchestration.",Agentic AI,4,4,4,5,4,4,5,3,4.2,3.6,Strategic Bet,2025-09-03 17:12:32.658289,4,4,"{""Commercial Combined""}","{""Underwriting & Triage""}","{""Risk Assessment""}","{""UK Commercial Lines (Traded SME Channel)"",""UK Commercial Lines (Regional Channel)""}","{UK,""United States""}",,true,true,active,,Moved to library,industry_standard,,,,,,,CUO,In-flight,All Underwriting systems with upsteam and downstream systems,Q2 2026,,,,"All upstream and downstream applications to DXC PAS, Instabse and Power UP Underwriting workbench","{""Large Language Models"",""Natural Language Processing"",""Predictive Analytics"",""Rule-based Systems"",""Reinforcement Learning""}","{""Broker Data & Feeds"",""Claims Database"",""Policy Database"",""Customer Database""}","{""Distrbution (Broker) Teams"",""Underwriting Teams"",""Claims Teams"",""Customer Service""}",high,3,4,,,,,,,,,,PoC,,Underwriting,,,,true,false,true,true,,,,,false,,,HEX_IND_011,false,{},L,371250,603281,16,26,5-10,,2025-09-03 17:12:32.658289,,"{""derived"": true, ""tracking"": {""entries"": []}, ""derivedAt"": ""2026-02-03T14:22:50.394Z"", ""kpiValues"": {}, ""investment"": {""initialInvestment"": 350000, ""ongoingMonthlyCost"": 25000}, ""lastUpdated"": ""2026-02-03T14:22:50.394Z"", ""kpiEstimates"": [{""kpiId"": ""uw_004"", ""kpiName"": ""Risk Assessment Time"", ""kpiType"": ""operational"", ""confidence"": ""low"", ""valueStream"": ""operational_savings"", ""expectedRange"": {""max"": 10, ""min"": 0}, ""maturityLevel"": ""foundational"", ""benchmarkProcess"": null, ""estimatedAnnualValueGbp"": {""max"": 5400, ""min"": 0}}, {""kpiId"": ""uw_001"", ""kpiName"": ""Submission Processing Time"", ""kpiType"": ""operational"", ""confidence"": ""low"", ""valueStream"": ""operational_savings"", ""expectedRange"": {""max"": 10, ""min"": 0}, ""maturityLevel"": ""foundational"", ""benchmarkProcess"": null, ""estimatedAnnualValueGbp"": {""max"": 5400, ""min"": 0}}, {""kpiId"": ""uw_005"", ""kpiName"": ""Risk Score Accuracy"", ""kpiType"": ""operational"", ""confidence"": ""low"", ""valueStream"": ""operational_savings"", ""expectedRange"": {""max"": 10, ""min"": 0}, ""maturityLevel"": ""foundational"", ""benchmarkProcess"": null, ""estimatedAnnualValueGbp"": {""max"": 5400, ""min"": 0}}, {""kpiId"": ""uw_002"", ""kpiName"": ""Auto-Classification Accuracy"", ""kpiType"": ""operational"", ""confidence"": ""low"", ""valueStream"": ""operational_savings"", ""expectedRange"": {""max"": 10, ""min"": 0}, ""maturityLevel"": ""foundational"", ""benchmarkProcess"": null, ""estimatedAnnualValueGbp"": {""max"": 5400, ""min"": 0}}, {""kpiId"": ""uw_003"", ""kpiName"": ""Submission Leakage Rate"", ""kpiType"": ""financial"", ""confidence"": ""low"", ""valueStream"": ""operational_savings"", ""expectedRange"": {""max"": 10, ""min"": 0}, ""maturityLevel"": ""foundational"", ""benchmarkProcess"": null, ""estimatedAnnualValueGbp"": {""max"": 5400, ""min"": 0}}, {""kpiId"": ""uw_006"", ""kpiName"": ""Adverse Selection Rate"", ""kpiType"": ""financial"", ""confidence"": ""low"", ""valueStream"": ""operational_savings"", ""expectedRange"": {""max"": 10, ""min"": 0}, ""maturityLevel"": ""foundational"", ""benchmarkProcess"": null, ""estimatedAnnualValueGbp"": {""max"": 5400, ""min"": 0}}, {""kpiId"": ""uw_007"", ""kpiName"": ""Quote Generation Time"", ""kpiType"": ""operational"", ""confidence"": ""low"", ""valueStream"": ""operational_savings"", ""expectedRange"": {""max"": 10, ""min"": 0}, ""maturityLevel"": ""foundational"", ""benchmarkProcess"": null, ""estimatedAnnualValueGbp"": {""max"": 5400, ""min"": 0}}, {""kpiId"": ""uw_008"", ""kpiName"": ""Rate Adequacy Index"", ""kpiType"": ""financial"", ""confidence"": ""low"", ""valueStream"": ""operational_savings"", ""expectedRange"": {""max"": 10, ""min"": 0}, ""maturityLevel"": ""foundational"", ""benchmarkProcess"": null, ""estimatedAnnualValueGbp"": {""max"": 5400, ""min"": 0}}, {""kpiId"": ""uw_009"", ""kpiName"": ""Premium Leakage"", ""kpiType"": ""financial"", ""confidence"": ""low"", ""valueStream"": ""operational_savings"", ""expectedRange"": {""max"": 10, ""min"": 0}, ""maturityLevel"": ""foundational"", ""benchmarkProcess"": null, ""estimatedAnnualValueGbp"": {""max"": 5400, ""min"": 0}}, {""kpiId"": ""uw_010"", ""kpiName"": ""Referral Rate"", ""kpiType"": ""operational"", ""confidence"": ""low"", ""valueStream"": ""operational_savings"", ""expectedRange"": {""max"": 10, ""min"": 0}, ""maturityLevel"": ""foundational"", ""benchmarkProcess"": null, ""estimatedAnnualValueGbp"": {""max"": 5400, ""min"": 0}}, {""kpiId"": ""uw_011"", ""kpiName"": ""Referral Resolution Time"", ""kpiType"": ""operational"", ""confidence"": ""low"", ""valueStream"": ""operational_savings"", ""expectedRange"": {""max"": 10, ""min"": 0}, ""maturityLevel"": ""foundational"", ""benchmarkProcess"": null, ""estimatedAnnualValueGbp"": {""max"": 5400, ""min"": 0}}, {""kpiId"": ""uw_012"", ""kpiName"": ""False Positive Referral Rate"", ""kpiType"": ""operational"", ""confidence"": ""low"", ""valueStream"": ""operational_savings"", ""expectedRange"": {""max"": 10, ""min"": 0}, ""maturityLevel"": ""foundational"", ""benchmarkProcess"": null, ""estimatedAnnualValueGbp"": {""max"": 5400, ""min"": 0}}, {""kpiId"": ""uw_013"", ""kpiName"": ""Quote-to-Bind Ratio"", ""kpiType"": ""financial"", ""confidence"": ""low"", ""valueStream"": ""operational_savings"", ""expectedRange"": {""max"": 10, ""min"": 0}, ""maturityLevel"": ""foundational"", ""benchmarkProcess"": null, ""estimatedAnnualValueGbp"": {""max"": 5400, ""min"": 0}}, {""kpiId"": ""uw_014"", ""kpiName"": ""Policy Issuance Time"", ""kpiType"": ""operational"", ""confidence"": ""low"", ""valueStream"": ""operational_savings"", ""expectedRange"": {""max"": 10, ""min"": 0}, ""maturityLevel"": ""foundational"", ""benchmarkProcess"": null, ""estimatedAnnualValueGbp"": {""max"": 5400, ""min"": 0}}, {""kpiId"": ""uw_015"", ""kpiName"": ""Document Accuracy Rate"", ""kpiType"": ""operational"", ""confidence"": ""low"", ""valueStream"": ""operational_savings"", ""expectedRange"": {""max"": 10, ""min"": 0}, ""maturityLevel"": ""foundational"", ""benchmarkProcess"": null, ""estimatedAnnualValueGbp"": {""max"": 5400, ""min"": 0}}, {""kpiId"": ""mp_001"", ""kpiName"": ""Model Accuracy Degradation Rate"", ""kpiType"": ""operational"", ""confidence"": ""low"", ""valueStream"": ""operational_savings"", ""expectedRange"": {""max"": 10, ""min"": 0}, ""maturityLevel"": ""foundational"", ""benchmarkProcess"": null, ""estimatedAnnualValueGbp"": {""max"": 5400, ""min"": 0}}, {""kpiId"": ""mp_002"", ""kpiName"": ""Prediction Confidence Distribution"", ""kpiType"": ""operational"", ""confidence"": ""low"", ""valueStream"": ""operational_savings"", ""expectedRange"": {""max"": 10, ""min"": 0}, ""maturityLevel"": ""foundational"", ""benchmarkProcess"": null, ""estimatedAnnualValueGbp"": {""max"": 5400, ""min"": 0}}, {""kpiId"": ""mp_003"", ""kpiName"": ""Inference Latency (p95)"", ""kpiType"": ""operational"", ""confidence"": ""low"", ""valueStream"": ""operational_savings"", ""expectedRange"": {""max"": 10, ""min"": 0}, ""maturityLevel"": ""foundational"", ""benchmarkProcess"": null, ""estimatedAnnualValueGbp"": {""max"": 5400, ""min"": 0}}, {""kpiId"": ""mp_004"", ""kpiName"": ""Model Drift Detection Rate"", ""kpiType"": ""operational"", ""confidence"": ""low"", ""valueStream"": ""operational_savings"", ""expectedRange"": {""max"": 10, ""min"": 0}, ""maturityLevel"": ""foundational"", ""benchmarkProcess"": null, ""estimatedAnnualValueGbp"": {""max"": 5400, ""min"": 0}}, {""kpiId"": ""mp_005"", ""kpiName"": ""Feature Importance Stability"", ""kpiType"": ""operational"", ""confidence"": ""low"", ""valueStream"": ""operational_savings"", ""expectedRange"": {""max"": 10, ""min"": 0}, ""maturityLevel"": ""foundational"", ""benchmarkProcess"": null, ""estimatedAnnualValueGbp"": {""max"": 5400, ""min"": 0}}, {""kpiId"": ""mp_006"", ""kpiName"": ""A/B Test Statistical Power"", ""kpiType"": ""strategic"", ""confidence"": ""low"", ""valueStream"": ""operational_savings"", ""expectedRange"": {""max"": 10, ""min"": 0}, ""maturityLevel"": ""foundational"", ""benchmarkProcess"": null, ""estimatedAnnualValueGbp"": {""max"": 5400, ""min"": 0}}, {""kpiId"": ""dq_001"", ""kpiName"": ""Data Freshness Score"", ""kpiType"": ""operational"", ""confidence"": ""low"", ""valueStream"": ""operational_savings"", ""expectedRange"": {""max"": 10, ""min"": 0}, ""maturityLevel"": ""foundational"", ""benchmarkProcess"": null, ""estimatedAnnualValueGbp"": {""max"": 5400, ""min"": 0}}, {""kpiId"": ""dq_002"", ""kpiName"": ""Feature Store Coverage"", ""kpiType"": ""compliance"", ""confidence"": ""low"", ""valueStream"": ""operational_savings"", ""expectedRange"": {""max"": 10, ""min"": 0}, ""maturityLevel"": ""foundational"", ""benchmarkProcess"": null, ""estimatedAnnualValueGbp"": {""max"": 5400, ""min"": 0}}, {""kpiId"": ""dq_003"", ""kpiName"": ""Feature Reuse Rate"", ""kpiType"": ""operational"", ""confidence"": ""low"", ""valueStream"": ""operational_savings"", ""expectedRange"": {""max"": 10, ""min"": 0}, ""maturityLevel"": ""foundational"", ""benchmarkProcess"": null, ""estimatedAnnualValueGbp"": {""max"": 5400, ""min"": 0}}, {""kpiId"": ""dq_004"", ""kpiName"": ""Data Quality Score (DQS)"", ""kpiType"": ""operational"", ""confidence"": ""low"", ""valueStream"": ""operational_savings"", ""expectedRange"": {""max"": 10, ""min"": 0}, ""maturityLevel"": ""foundational"", ""benchmarkProcess"": null, ""estimatedAnnualValueGbp"": {""max"": 5400, ""min"": 0}}, {""kpiId"": ""dq_005"", ""kpiName"": ""Data Pipeline SLA Adherence"", ""kpiType"": ""operational"", ""confidence"": ""low"", ""valueStream"": ""operational_savings"", ""expectedRange"": {""max"": 10, ""min"": 0}, ""maturityLevel"": ""foundational"", ""benchmarkProcess"": null, ""estimatedAnnualValueGbp"": {""max"": 5400, ""min"": 0}}, {""kpiId"": ""dq_006"", ""kpiName"": ""Schema Drift Incidents"", ""kpiType"": ""operational"", ""confidence"": ""low"", ""valueStream"": ""operational_savings"", ""expectedRange"": {""max"": 10, ""min"": 0}, ""maturityLevel"": ""foundational"", ""benchmarkProcess"": null, ""estimatedAnnualValueGbp"": {""max"": 5400, ""min"": 0}}, {""kpiId"": ""td_001"", ""kpiName"": ""Technical Debt Ratio"", ""kpiType"": ""operational"", ""confidence"": ""low"", ""valueStream"": ""operational_savings"", ""expectedRange"": {""max"": 10, ""min"": 0}, ""maturityLevel"": ""foundational"", ""benchmarkProcess"": null, ""estimatedAnnualValueGbp"": {""max"": 5400, ""min"": 0}}, {""kpiId"": ""td_002"", ""kpiName"": ""API Error Rate"", ""kpiType"": ""operational"", ""confidence"": ""low"", ""valueStream"": ""operational_savings"", ""expectedRange"": {""max"": 10, ""min"": 0}, ""maturityLevel"": ""foundational"", ""benchmarkProcess"": null, ""estimatedAnnualValueGbp"": {""max"": 5400, ""min"": 0}}, {""kpiId"": ""td_003"", ""kpiName"": ""Security Vulnerability Remediation Time"", ""kpiType"": ""compliance"", ""confidence"": ""low"", ""valueStream"": ""operational_savings"", ""expectedRange"": {""max"": 10, ""min"": 0}, ""maturityLevel"": ""foundational"", ""benchmarkProcess"": null, ""estimatedAnnualValueGbp"": {""max"": 5400, ""min"": 0}}, {""kpiId"": ""td_004"", ""kpiName"": ""Platform Currency Score"", ""kpiType"": ""operational"", ""confidence"": ""low"", ""valueStream"": ""operational_savings"", ""expectedRange"": {""max"": 10, ""min"": 0}, ""maturityLevel"": ""foundational"", ""benchmarkProcess"": null, ""estimatedAnnualValueGbp"": {""max"": 5400, ""min"": 0}}, {""kpiId"": ""td_005"", ""kpiName"": ""Infrastructure Cost Efficiency"", ""kpiType"": ""financial"", ""confidence"": ""low"", ""valueStream"": ""operational_savings"", ""expectedRange"": {""max"": 10, ""min"": 0}, ""maturityLevel"": ""foundational"", ""benchmarkProcess"": null, ""estimatedAnnualValueGbp"": {""max"": 5400, ""min"": 0}}, {""kpiId"": ""td_006"", ""kpiName"": ""Environment Parity"", ""kpiType"": ""operational"", ""confidence"": ""low"", ""valueStream"": ""operational_savings"", ""expectedRange"": {""max"": 10, ""min"": 0}, ""maturityLevel"": ""foundational"", ""benchmarkProcess"": null, ""estimatedAnnualValueGbp"": {""max"": 5400, ""min"": 0}}, {""kpiId"": ""ta_001"", ""kpiName"": ""AI Talent Retention Rate"", ""kpiType"": ""strategic"", ""confidence"": ""low"", ""valueStream"": ""operational_savings"", ""expectedRange"": {""max"": 10, ""min"": 0}, ""maturityLevel"": ""foundational"", ""benchmarkProcess"": null, ""estimatedAnnualValueGbp"": {""max"": 5400, ""min"": 0}}, {""kpiId"": ""ta_002"", ""kpiName"": ""Skill Gap Closure Velocity"", ""kpiType"": ""strategic"", ""confidence"": ""low"", ""valueStream"": ""operational_savings"", ""expectedRange"": {""max"": 10, ""min"": 0}, ""maturityLevel"": ""foundational"", ""benchmarkProcess"": null, ""estimatedAnnualValueGbp"": {""max"": 5400, ""min"": 0}}, {""kpiId"": ""ta_003"", ""kpiName"": ""Knowledge Documentation Coverage"", ""kpiType"": ""operational"", ""confidence"": ""low"", ""valueStream"": ""operational_savings"", ""expectedRange"": {""max"": 10, ""min"": 0}, ""maturityLevel"": ""foundational"", ""benchmarkProcess"": null, ""estimatedAnnualValueGbp"": {""max"": 5400, ""min"": 0}}, {""kpiId"": ""ta_004"", ""kpiName"": ""Bus Factor Risk"", ""kpiType"": ""compliance"", ""confidence"": ""low"", ""valueStream"": ""operational_savings"", ""expectedRange"": {""max"": 10, ""min"": 0}, ""maturityLevel"": ""foundational"", ""benchmarkProcess"": null, ""estimatedAnnualValueGbp"": {""max"": 5400, ""min"": 0}}, {""kpiId"": ""ta_005"", ""kpiName"": ""Team Utilization Rate"", ""kpiType"": ""operational"", ""confidence"": ""low"", ""valueStream"": ""operational_savings"", ""expectedRange"": {""max"": 10, ""min"": 0}, ""maturityLevel"": ""foundational"", ""benchmarkProcess"": null, ""estimatedAnnualValueGbp"": {""max"": 5400, ""min"": 0}}, {""kpiId"": ""ta_006"", ""kpiName"": ""Internal Mobility/Growth"", ""kpiType"": ""strategic"", ""confidence"": ""low"", ""valueStream"": ""operational_savings"", ""expectedRange"": {""max"": 10, ""min"": 0}, ""maturityLevel"": ""foundational"", ""benchmarkProcess"": null, ""estimatedAnnualValueGbp"": {""max"": 5400, ""min"": 0}}, {""kpiId"": ""in_001"", ""kpiName"": ""Idea-to-PoC Conversion Rate"", ""kpiType"": ""strategic"", ""confidence"": ""low"", ""valueStream"": ""operational_savings"", ""expectedRange"": {""max"": 10, ""min"": 0}, ""maturityLevel"": ""foundational"", ""benchmarkProcess"": null, ""estimatedAnnualValueGbp"": {""max"": 5400, ""min"": 0}}, {""kpiId"": ""in_002"", ""kpiName"": ""PoC Cycle Time"", ""kpiType"": ""operational"", ""confidence"": ""low"", ""valueStream"": ""operational_savings"", ""expectedRange"": {""max"": 10, ""min"": 0}, ""maturityLevel"": ""foundational"", ""benchmarkProcess"": null, ""estimatedAnnualValueGbp"": {""max"": 5400, ""min"": 0}}, {""kpiId"": ""in_003"", ""kpiName"": ""Experimentation Velocity"", ""kpiType"": ""operational"", ""confidence"": ""low"", ""valueStream"": ""operational_savings"", ""expectedRange"": {""max"": 10, ""min"": 0}, ""maturityLevel"": ""foundational"", ""benchmarkProcess"": null, ""estimatedAnnualValueGbp"": {""max"": 5400, ""min"": 0}}, {""kpiId"": ""in_004"", ""kpiName"": ""Failed Experiment Learning Capture"", ""kpiType"": ""strategic"", ""confidence"": ""low"", ""valueStream"": ""operational_savings"", ""expectedRange"": {""max"": 10, ""min"": 0}, ""maturityLevel"": ""foundational"", ""benchmarkProcess"": null, ""estimatedAnnualValueGbp"": {""max"": 5400, ""min"": 0}}, {""kpiId"": ""in_005"", ""kpiName"": ""Innovation Funnel Health"", ""kpiType"": ""strategic"", ""confidence"": ""low"", ""valueStream"": ""operational_savings"", ""expectedRange"": {""max"": 10, ""min"": 0}, ""maturityLevel"": ""foundational"", ""benchmarkProcess"": null, ""estimatedAnnualValueGbp"": {""max"": 5400, ""min"": 0}}, {""kpiId"": ""in_006"", ""kpiName"": ""External Partnership Value"", ""kpiType"": ""strategic"", ""confidence"": ""low"", ""valueStream"": ""operational_savings"", ""expectedRange"": {""max"": 10, ""min"": 0}, ""maturityLevel"": ""foundational"", ""benchmarkProcess"": null, ""estimatedAnnualValueGbp"": {""max"": 5400, ""min"": 0}}, {""kpiId"": ""sh_001"", ""kpiName"": ""Business Sponsor Satisfaction"", ""kpiType"": ""strategic"", ""confidence"": ""low"", ""valueStream"": ""operational_savings"", ""expectedRange"": {""max"": 10, ""min"": 0}, ""maturityLevel"": ""foundational"", ""benchmarkProcess"": null, ""estimatedAnnualValueGbp"": {""max"": 5400, ""min"": 0}}, {""kpiId"": ""sh_002"", ""kpiName"": ""Strategic Priority Alignment"", ""kpiType"": ""strategic"", ""confidence"": ""low"", ""valueStream"": ""operational_savings"", ""expectedRange"": {""max"": 10, ""min"": 0}, ""maturityLevel"": ""foundational"", ""benchmarkProcess"": null, ""estimatedAnnualValueGbp"": {""max"": 5400, ""min"": 0}}, {""kpiId"": ""sh_003"", ""kpiName"": ""Demand Backlog Age"", ""kpiType"": ""operational"", ""confidence"": ""low"", ""valueStream"": ""operational_savings"", ""expectedRange"": {""max"": 10, ""min"": 0}, ""maturityLevel"": ""foundational"", ""benchmarkProcess"": null, ""estimatedAnnualValueGbp"": {""max"": 5400, ""min"": 0}}, {""kpiId"": ""sh_004"", ""kpiName"": ""Stakeholder Engagement Frequency"", ""kpiType"": ""operational"", ""confidence"": ""low"", ""valueStream"": ""operational_savings"", ""expectedRange"": {""max"": 10, ""min"": 0}, ""maturityLevel"": ""foundational"", ""benchmarkProcess"": null, ""estimatedAnnualValueGbp"": {""max"": 5400, ""min"": 0}}, {""kpiId"": ""sh_005"", ""kpiName"": ""Value Realization Communication"", ""kpiType"": ""operational"", ""confidence"": ""low"", ""valueStream"": ""operational_savings"", ""expectedRange"": {""max"": 10, ""min"": 0}, ""maturityLevel"": ""foundational"", ""benchmarkProcess"": null, ""estimatedAnnualValueGbp"": {""max"": 5400, ""min"": 0}}, {""kpiId"": ""sh_006"", ""kpiName"": ""Executive Dashboard Access"", ""kpiType"": ""operational"", ""confidence"": ""low"", ""valueStream"": ""operational_savings"", ""expectedRange"": {""max"": 10, ""min"": 0}, ""maturityLevel"": ""foundational"", ""benchmarkProcess"": null, ""estimatedAnnualValueGbp"": {""max"": 5400, ""min"": 0}}, {""kpiId"": ""ga_001"", ""kpiName"": ""Hallucination Rate"", ""kpiType"": ""operational"", ""confidence"": ""low"", ""valueStream"": ""operational_savings"", ""expectedRange"": {""max"": 10, ""min"": 0}, ""maturityLevel"": ""foundational"", ""benchmarkProcess"": null, ""estimatedAnnualValueGbp"": {""max"": 5400, ""min"": 0}}, {""kpiId"": ""ga_002"", ""kpiName"": ""Human Override Rate"", ""kpiType"": ""operational"", ""confidence"": ""low"", ""valueStream"": ""operational_savings"", ""expectedRange"": {""max"": 10, ""min"": 0}, ""maturityLevel"": ""foundational"", ""benchmarkProcess"": null, ""estimatedAnnualValueGbp"": {""max"": 5400, ""min"": 0}}, {""kpiId"": ""ga_003"", ""kpiName"": ""Prompt Effectiveness Rate"", ""kpiType"": ""operational"", ""confidence"": ""low"", ""valueStream"": ""operational_savings"", ""expectedRange"": {""max"": 10, ""min"": 0}, ""maturityLevel"": ""foundational"", ""benchmarkProcess"": null, ""estimatedAnnualValueGbp"": {""max"": 5400, ""min"": 0}}, {""kpiId"": ""ga_004"", ""kpiName"": ""Token Cost Efficiency"", ""kpiType"": ""financial"", ""confidence"": ""low"", ""valueStream"": ""operational_savings"", ""expectedRange"": {""max"": 10, ""min"": 0}, ""maturityLevel"": ""foundational"", ""benchmarkProcess"": null, ""estimatedAnnualValueGbp"": {""max"": 5400, ""min"": 0}}, {""kpiId"": ""ga_005"", ""kpiName"": ""Guardrail Trigger Rate"", ""kpiType"": ""operational"", ""confidence"": ""low"", ""valueStream"": ""operational_savings"", ""expectedRange"": {""max"": 10, ""min"": 0}, ""maturityLevel"": ""foundational"", ""benchmarkProcess"": null, ""estimatedAnnualValueGbp"": {""max"": 5400, ""min"": 0}}, {""kpiId"": ""ga_006"", ""kpiName"": ""Context Window Utilization"", ""kpiType"": ""operational"", ""confidence"": ""low"", ""valueStream"": ""operational_savings"", ""expectedRange"": {""max"": 10, ""min"": 0}, ""maturityLevel"": ""foundational"", ""benchmarkProcess"": null, ""estimatedAnnualValueGbp"": {""max"": 5400, ""min"": 0}}, {""kpiId"": ""ga_007"", ""kpiName"": ""RAG Retrieval Precision"", ""kpiType"": ""operational"", ""confidence"": ""low"", ""valueStream"": ""operational_savings"", ""expectedRange"": {""max"": 10, ""min"": 0}, ""maturityLevel"": ""foundational"", ""benchmarkProcess"": null, ""estimatedAnnualValueGbp"": {""max"": 5400, ""min"": 0}}, {""kpiId"": ""ga_008"", ""kpiName"": ""Response Time SLA Compliance"", ""kpiType"": ""operational"", ""confidence"": ""low"", ""valueStream"": ""operational_savings"", ""expectedRange"": {""max"": 10, ""min"": 0}, ""maturityLevel"": ""foundational"", ""benchmarkProcess"": null, ""estimatedAnnualValueGbp"": {""max"": 5400, ""min"": 0}}, {""kpiId"": ""it_001"", ""kpiName"": ""Cloud Cost Optimization"", ""kpiType"": ""financial"", ""confidence"": ""low"", ""valueStream"": ""operational_savings"", ""expectedRange"": {""max"": 10, ""min"": 0}, ""maturityLevel"": ""foundational"", ""benchmarkProcess"": null, ""estimatedAnnualValueGbp"": {""max"": 5400, ""min"": 0}}, {""kpiId"": ""it_002"", ""kpiName"": ""Infrastructure Utilization"", ""kpiType"": ""operational"", ""confidence"": ""low"", ""valueStream"": ""operational_savings"", ""expectedRange"": {""max"": 10, ""min"": 0}, ""maturityLevel"": ""foundational"", ""benchmarkProcess"": null, ""estimatedAnnualValueGbp"": {""max"": 5400, ""min"": 0}}, {""kpiId"": ""it_003"", ""kpiName"": ""Deployment Frequency"", ""kpiType"": ""operational"", ""confidence"": ""low"", ""valueStream"": ""operational_savings"", ""expectedRange"": {""max"": 10, ""min"": 0}, ""maturityLevel"": ""foundational"", ""benchmarkProcess"": null, ""estimatedAnnualValueGbp"": {""max"": 5400, ""min"": 0}}, {""kpiId"": ""it_004"", ""kpiName"": ""Mean Time to Recovery (MTTR)"", ""kpiType"": ""operational"", ""confidence"": ""low"", ""valueStream"": ""operational_savings"", ""expectedRange"": {""max"": 10, ""min"": 0}, ""maturityLevel"": ""foundational"", ""benchmarkProcess"": null, ""estimatedAnnualValueGbp"": {""max"": 5400, ""min"": 0}}, {""kpiId"": ""it_005"", ""kpiName"": ""Change Failure Rate"", ""kpiType"": ""operational"", ""confidence"": ""low"", ""valueStream"": ""operational_savings"", ""expectedRange"": {""max"": 10, ""min"": 0}, ""maturityLevel"": ""foundational"", ""benchmarkProcess"": null, ""estimatedAnnualValueGbp"": {""max"": 5400, ""min"": 0}}, {""kpiId"": ""it_006"", ""kpiName"": ""Lead Time for Changes"", ""kpiType"": ""operational"", ""confidence"": ""low"", ""valueStream"": ""operational_savings"", ""expectedRange"": {""max"": 10, ""min"": 0}, ""maturityLevel"": ""foundational"", ""benchmarkProcess"": null, ""estimatedAnnualValueGbp"": {""max"": 5400, ""min"": 0}}, {""kpiId"": ""sp_001"", ""kpiName"": ""AI Security Incidents"", ""kpiType"": ""compliance"", ""confidence"": ""low"", ""valueStream"": ""operational_savings"", ""expectedRange"": {""max"": 10, ""min"": 0}, ""maturityLevel"": ""foundational"", ""benchmarkProcess"": null, ""estimatedAnnualValueGbp"": {""max"": 5400, ""min"": 0}}, {""kpiId"": ""sp_002"", ""kpiName"": ""Privacy Compliance Rate"", ""kpiType"": ""compliance"", ""confidence"": ""low"", ""valueStream"": ""operational_savings"", ""expectedRange"": {""max"": 10, ""min"": 0}, ""maturityLevel"": ""foundational"", ""benchmarkProcess"": null, ""estimatedAnnualValueGbp"": {""max"": 5400, ""min"": 0}}, {""kpiId"": ""sp_003"", ""kpiName"": ""Access Control Adherence"", ""kpiType"": ""compliance"", ""confidence"": ""low"", ""valueStream"": ""operational_savings"", ""expectedRange"": {""max"": 10, ""min"": 0}, ""maturityLevel"": ""foundational"", ""benchmarkProcess"": null, ""estimatedAnnualValueGbp"": {""max"": 5400, ""min"": 0}}, {""kpiId"": ""sp_004"", ""kpiName"": ""Data Encryption Coverage"", ""kpiType"": ""compliance"", ""confidence"": ""low"", ""valueStream"": ""operational_savings"", ""expectedRange"": {""max"": 10, ""min"": 0}, ""maturityLevel"": ""foundational"", ""benchmarkProcess"": null, ""estimatedAnnualValueGbp"": {""max"": 5400, ""min"": 0}}, {""kpiId"": ""sp_005"", ""kpiName"": ""Model Adversarial Testing"", ""kpiType"": ""compliance"", ""confidence"": ""low"", ""valueStream"": ""operational_savings"", ""expectedRange"": {""max"": 10, ""min"": 0}, ""maturityLevel"": ""foundational"", ""benchmarkProcess"": null, ""estimatedAnnualValueGbp"": {""max"": 5400, ""min"": 0}}, {""kpiId"": ""sp_006"", ""kpiName"": ""PII Detection Coverage"", ""kpiType"": ""compliance"", ""confidence"": ""low"", ""valueStream"": ""operational_savings"", ""expectedRange"": {""max"": 10, ""min"": 0}, ""maturityLevel"": ""foundational"", ""benchmarkProcess"": null, ""estimatedAnnualValueGbp"": {""max"": 5400, ""min"": 0}}, {""kpiId"": ""cx_001"", ""kpiName"": ""AI-Assisted Resolution Rate"", ""kpiType"": ""operational"", ""confidence"": ""low"", ""valueStream"": ""operational_savings"", ""expectedRange"": {""max"": 10, ""min"": 0}, ""maturityLevel"": ""foundational"", ""benchmarkProcess"": null, ""estimatedAnnualValueGbp"": {""max"": 5400, ""min"": 0}}, {""kpiId"": ""cx_002"", ""kpiName"": ""Self-Service Adoption Rate"", ""kpiType"": ""operational"", ""confidence"": ""low"", ""valueStream"": ""operational_savings"", ""expectedRange"": {""max"": 10, ""min"": 0}, ""maturityLevel"": ""foundational"", ""benchmarkProcess"": null, ""estimatedAnnualValueGbp"": {""max"": 5400, ""min"": 0}}, {""kpiId"": ""cx_003"", ""kpiName"": ""Response Time Improvement"", ""kpiType"": ""operational"", ""confidence"": ""low"", ""valueStream"": ""operational_savings"", ""expectedRange"": {""max"": 10, ""min"": 0}, ""maturityLevel"": ""foundational"", ""benchmarkProcess"": null, ""estimatedAnnualValueGbp"": {""max"": 5400, ""min"": 0}}, {""kpiId"": ""cx_004"", ""kpiName"": ""Customer Effort Score (AI)"", ""kpiType"": ""strategic"", ""confidence"": ""low"", ""valueStream"": ""operational_savings"", ""expectedRange"": {""max"": 10, ""min"": 0}, ""maturityLevel"": ""foundational"", ""benchmarkProcess"": null, ""estimatedAnnualValueGbp"": {""max"": 5400, ""min"": 0}}, {""kpiId"": ""cx_005"", ""kpiName"": ""First Contact Resolution (AI)"", ""kpiType"": ""operational"", ""confidence"": ""low"", ""valueStream"": ""operational_savings"", ""expectedRange"": {""max"": 10, ""min"": 0}, ""maturityLevel"": ""foundational"", ""benchmarkProcess"": null, ""estimatedAnnualValueGbp"": {""max"": 5400, ""min"": 0}}, {""kpiId"": ""cx_006"", ""kpiName"": ""AI NPS Impact"", ""kpiType"": ""strategic"", ""confidence"": ""low"", ""valueStream"": ""operational_savings"", ""expectedRange"": {""max"": 10, ""min"": 0}, ""maturityLevel"": ""foundational"", ""benchmarkProcess"": null, ""estimatedAnnualValueGbp"": {""max"": 5400, ""min"": 0}}, {""kpiId"": ""oe_001"", ""kpiName"": ""Process Automation Rate"", ""kpiType"": ""operational"", ""confidence"": ""low"", ""valueStream"": ""operational_savings"", ""expectedRange"": {""max"": 10, ""min"": 0}, ""maturityLevel"": ""foundational"", ""benchmarkProcess"": null, ""estimatedAnnualValueGbp"": {""max"": 5400, ""min"": 0}}, {""kpiId"": ""oe_002"", ""kpiName"": ""Straight-Through Processing Rate"", ""kpiType"": ""operational"", ""confidence"": ""low"", ""valueStream"": ""operational_savings"", ""expectedRange"": {""max"": 10, ""min"": 0}, ""maturityLevel"": ""foundational"", ""benchmarkProcess"": null, ""estimatedAnnualValueGbp"": {""max"": 5400, ""min"": 0}}, {""kpiId"": ""oe_003"", ""kpiName"": ""Manual Intervention Reduction"", ""kpiType"": ""operational"", ""confidence"": ""low"", ""valueStream"": ""operational_savings"", ""expectedRange"": {""max"": 10, ""min"": 0}, ""maturityLevel"": ""foundational"", ""benchmarkProcess"": null, ""estimatedAnnualValueGbp"": {""max"": 5400, ""min"": 0}}, {""kpiId"": ""oe_004"", ""kpiName"": ""Exception Handling Time"", ""kpiType"": ""operational"", ""confidence"": ""low"", ""valueStream"": ""operational_savings"", ""expectedRange"": {""max"": 10, ""min"": 0}, ""maturityLevel"": ""foundational"", ""benchmarkProcess"": null, ""estimatedAnnualValueGbp"": {""max"": 5400, ""min"": 0}}, {""kpiId"": ""oe_005"", ""kpiName"": ""Predictive Accuracy (Operations)"", ""kpiType"": ""operational"", ""confidence"": ""low"", ""valueStream"": ""operational_savings"", ""expectedRange"": {""max"": 10, ""min"": 0}, ""maturityLevel"": ""foundational"", ""benchmarkProcess"": null, ""estimatedAnnualValueGbp"": {""max"": 5400, ""min"": 0}}, {""kpiId"": ""oe_006"", ""kpiName"": ""Resource Optimization Savings"", ""kpiType"": ""financial"", ""confidence"": ""low"", ""valueStream"": ""operational_savings"", ""expectedRange"": {""max"": 10, ""min"": 0}, ""maturityLevel"": ""foundational"", ""benchmarkProcess"": null, ""estimatedAnnualValueGbp"": {""max"": 5400, ""min"": 0}}], ""selectedKpis"": [""uw_004"", ""uw_006"", ""mp_006"", ""td_003"", ""ta_002""], ""valueConfidence"": {""rationale"": null, ""lastValidatedAt"": null, ""lastValidatedBy"": null, ""adjustedValueGbp"": null, ""validationStatus"": ""pending_finance"", ""conservativeFactor"": 0.7}, ""calculatedMetrics"": {""currentRoi"": -65.52307692307693, ""lastCalculated"": ""2026-02-03T18:22:33.730Z"", ""cumulativeValueGbp"": 224100, ""projectedBreakevenMonth"": ""2029-01""}, ""totalEstimatedValue"": {""max"": 448200, ""min"": 0, ""currency"": ""GBP""}}","{""derived"": true, ""staffing"": {""current"": {""client"": {""total"": 2.4, ""byRole"": {}}, ""vendor"": {""total"": 5.6, ""byRole"": {}}}, ""planned"": {""month6"": {""client"": 3.8, ""vendor"": 4.2}, ""month12"": {""client"": 5.8, ""vendor"": 2.2}, ""month18"": {""client"": 7.2, ""vendor"": 0.8}}}, ""training"": {""plannedCertifications"": [], ""completedCertifications"": [], ""totalTrainingHoursPlanned"": 160, ""totalTrainingHoursCompleted"": 0}, ""derivedAt"": ""2026-02-04T07:37:36.483Z"", ""derivedFrom"": {""quadrant"": ""Strategic Bet"", ""tomPhase"": ""foundation"", ""tShirtSize"": ""L"", ""operatingModel"": ""coe_led""}, ""roleEvolution"": [], ""knowledgeTransfer"": {""milestoneNotes"": {}, ""completedMilestones"": [""kt_001""], ""inProgressMilestones"": [""kt_002""]}, ""independenceHistory"": [{""date"": ""2026-02"", ""note"": ""Auto-derived from use case attributes"", ""percentage"": 20}], ""selfSufficiencyTarget"": {""targetDate"": ""2027-04-30"", ""advisoryRetainer"": ""false"", ""targetIndependence"": 90}, ""independencePercentage"": 20}",foundation,unique,,,,,complete,,,approved,,,,approved,,,,,approved,,,,,2026-01-20 16:18:10.234,,ff9f60ad-18f3-44f6-a2a4-78d22a2201a9,,low,false,Sarah Mitchell,David Chen,AI Steering Committee
39a9ded6-bce2-4f09-8249-4d4fc0a02881,Predictive Risk Scoring,"Machine learning model to predict policy risk levels during underwriting, improving pricing accuracy and reducing losses.",Predictive ML,0,0,0,0,0,0,0,0,0,0,Evaluate,2025-09-03 17:12:32.657684,0,0,,"{""Policy Servicing""}","{""Policy Issuance"",""Document Management"",""Contract Management""}",,,,false,false,reference,,,industry_standard,,,,,,,,Discovery,,,,,,,,,,,3,3,,,,,,,,,,,,,,,,false,false,false,false,,,,,false,,,HEX_IND_012,false,,XS,9281,18563,2,4,1-2,,2026-01-29 07:56:32.099,,"{""derived"": true, ""tracking"": {""entries"": []}, ""derivedAt"": ""2026-02-03T14:22:50.408Z"", ""kpiValues"": {}, ""investment"": null, ""lastUpdated"": ""2026-02-03T14:22:50.408Z"", ""kpiEstimates"": [], ""selectedKpis"": [], ""trackingEnabled"": false, ""validationStatus"": ""unvalidated"", ""calculatedMetrics"": {""currentRoi"": null, ""lastCalculated"": null, ""cumulativeValueGbp"": null, ""projectedBreakevenMonth"": null}, ""totalEstimatedValue"": {""max"": 367200, ""min"": 0, ""currency"": ""GBP""}, ""confidenceAdjustment"": null}","{""derived"": true, ""staffing"": {""current"": {""client"": {""total"": 0.6, ""byRole"": {}}, ""vendor"": {""total"": 1.4, ""byRole"": {}}}, ""planned"": {""month6"": {""client"": 0.9, ""vendor"": 1.1}, ""month12"": {""client"": 1.3, ""vendor"": 0.7}, ""month18"": {""client"": 1.6, ""vendor"": 0.5}}}, ""training"": {""plannedCertifications"": [], ""completedCertifications"": [], ""totalTrainingHoursPlanned"": 40, ""totalTrainingHoursCompleted"": 0}, ""derivedAt"": ""2026-01-29T08:58:21.407Z"", ""derivedFrom"": {""quadrant"": ""Experimental"", ""tomPhase"": ""ideation"", ""tShirtSize"": ""XS"", ""operatingModel"": ""coe_led""}, ""roleEvolution"": [], ""knowledgeTransfer"": {""milestoneNotes"": {}, ""completedMilestones"": [], ""inProgressMilestones"": [""kt_001""]}, ""independenceHistory"": [{""date"": ""2026-01"", ""note"": ""Auto-derived from use case attributes"", ""percentage"": 10}], ""selfSufficiencyTarget"": {""targetDate"": ""2027-07-23"", ""advisoryRetainer"": ""false"", ""targetIndependence"": 90}, ""independencePercentage"": 10}",ideation,unique,,,,,pending,,,pending,,,,pending,,,,,pending,,,,,,,ff9f60ad-18f3-44f6-a2a4-78d22a2201a9,,low,false,,,
8698fdbb-4a36-4870-a46c-f082c67a9b19,Customer Sentiment Analysis,NLP tool to analyze customer communications and social media mentions to identify satisfaction trends and potential churn risks.,NLP,0,0,0,0,0,0,0,0,0,0,Evaluate,2025-09-03 17:12:32.080371,0,0,,"{""Policy Servicing""}","{""Policy Issuance"",""Document Management"",""Contract Management""}",,,,false,false,reference,,,industry_standard,,,,,,,,Discovery,,,,,,,,,,,3,3,,,,,,,,,,,,,,,,false,false,false,false,,,,,false,,,HEX_IND_013,false,,XS,9281,18563,2,4,1-2,,2026-01-29 07:56:32.202,,"{""derived"": true, ""tracking"": {""entries"": []}, ""derivedAt"": ""2026-02-03T14:22:50.460Z"", ""kpiValues"": {}, ""investment"": null, ""lastUpdated"": ""2026-02-03T14:22:50.460Z"", ""kpiEstimates"": [], ""selectedKpis"": [], ""trackingEnabled"": false, ""validationStatus"": ""unvalidated"", ""calculatedMetrics"": {""currentRoi"": null, ""lastCalculated"": null, ""cumulativeValueGbp"": null, ""projectedBreakevenMonth"": null}, ""totalEstimatedValue"": {""max"": 367200, ""min"": 0, ""currency"": ""GBP""}, ""confidenceAdjustment"": null}","{""derived"": true, ""staffing"": {""current"": {""client"": {""total"": 0.6, ""byRole"": {}}, ""vendor"": {""total"": 1.4, ""byRole"": {}}}, ""planned"": {""month6"": {""client"": 0.9, ""vendor"": 1.1}, ""month12"": {""client"": 1.3, ""vendor"": 0.7}, ""month18"": {""client"": 1.6, ""vendor"": 0.5}}}, ""training"": {""plannedCertifications"": [], ""completedCertifications"": [], ""totalTrainingHoursPlanned"": 40, ""totalTrainingHoursCompleted"": 0}, ""derivedAt"": ""2026-01-29T08:58:21.453Z"", ""derivedFrom"": {""quadrant"": ""Experimental"", ""tomPhase"": ""ideation"", ""tShirtSize"": ""XS"", ""operatingModel"": ""coe_led""}, ""roleEvolution"": [], ""knowledgeTransfer"": {""milestoneNotes"": {}, ""completedMilestones"": [], ""inProgressMilestones"": [""kt_001""]}, ""independenceHistory"": [{""date"": ""2026-01"", ""note"": ""Auto-derived from use case attributes"", ""percentage"": 10}], ""selfSufficiencyTarget"": {""targetDate"": ""2027-07-23"", ""advisoryRetainer"": ""false"", ""targetIndependence"": 90}, ""independencePercentage"": 10}",ideation,unique,,,,,pending,,,pending,,,,pending,,,,,pending,,,,,,,ff9f60ad-18f3-44f6-a2a4-78d22a2201a9,,low,false,,,
d42d6705-35f6-4c40-aa27-700b1771b912,Dynamic Pricing Engine,"An AI-driven engine that optimizes and adjusts premium rates in real-time based on market conditions, competitor pricing, and incoming risk data.",Predictive ML,0,0,0,0,0,0,0,0,0,0,Evaluate,2025-09-03 17:12:32.07962,0,0,,"{""Policy Servicing""}","{""Policy Issuance"",""Document Management"",""Contract Management""}",,,,false,false,reference,,,industry_standard,,,,,,,,Discovery,,,,,,,,,,,3,3,,,,,,,,,,,,,,,,false,false,false,false,,,,,false,,,HEX_IND_014,false,,XS,9281,18563,2,4,1-2,,2026-01-29 07:56:32.213,,"{""derived"": true, ""tracking"": {""entries"": []}, ""derivedAt"": ""2026-02-03T14:22:50.478Z"", ""kpiValues"": {}, ""investment"": null, ""lastUpdated"": ""2026-02-03T14:22:50.478Z"", ""kpiEstimates"": [], ""selectedKpis"": [], ""trackingEnabled"": false, ""validationStatus"": ""unvalidated"", ""calculatedMetrics"": {""currentRoi"": null, ""lastCalculated"": null, ""cumulativeValueGbp"": null, ""projectedBreakevenMonth"": null}, ""totalEstimatedValue"": {""max"": 367200, ""min"": 0, ""currency"": ""GBP""}, ""confidenceAdjustment"": null}","{""derived"": true, ""staffing"": {""current"": {""client"": {""total"": 0.6, ""byRole"": {}}, ""vendor"": {""total"": 1.4, ""byRole"": {}}}, ""planned"": {""month6"": {""client"": 0.9, ""vendor"": 1.1}, ""month12"": {""client"": 1.3, ""vendor"": 0.7}, ""month18"": {""client"": 1.6, ""vendor"": 0.5}}}, ""training"": {""plannedCertifications"": [], ""completedCertifications"": [], ""totalTrainingHoursPlanned"": 40, ""totalTrainingHoursCompleted"": 0}, ""derivedAt"": ""2026-01-29T08:58:21.465Z"", ""derivedFrom"": {""quadrant"": ""Experimental"", ""tomPhase"": ""ideation"", ""tShirtSize"": ""XS"", ""operatingModel"": ""coe_led""}, ""roleEvolution"": [], ""knowledgeTransfer"": {""milestoneNotes"": {}, ""completedMilestones"": [], ""inProgressMilestones"": [""kt_001""]}, ""independenceHistory"": [{""date"": ""2026-01"", ""note"": ""Auto-derived from use case attributes"", ""percentage"": 10}], ""selfSufficiencyTarget"": {""targetDate"": ""2027-07-23"", ""advisoryRetainer"": ""false"", ""targetIndependence"": 90}, ""independencePercentage"": 10}",ideation,unique,,,,,pending,,,pending,,,,pending,,,,,pending,,,,,,,ff9f60ad-18f3-44f6-a2a4-78d22a2201a9,,low,false,,,
b352b3cd-c60e-4021-9d2f-2d67fe86aa4f,Claims Processing Automation,"End-to-end AI solution for first notice of loss through settlement, including damage assessment, coverage verification, and payment processing.",Process Automation,0,0,0,0,0,0,0,0,0,0,Evaluate,2025-09-03 17:12:32.100223,0,0,,"{""Claims Management""}","{""Claims Triage & Assessment"",""Investigation & Evidence Gathering"",""Claims Adjudication""}",,,,false,false,reference,,,industry_standard,,,,,,,,Discovery,,,,,,,,,,,3,3,,,,,,,,,,,,,,,,false,false,false,false,,,,,false,,,HEX_IND_015,false,,XS,9281,18563,2,4,1-2,,2026-01-29 07:56:32.11,,"{""derived"": true, ""tracking"": {""entries"": []}, ""derivedAt"": ""2026-02-03T14:22:50.419Z"", ""kpiValues"": {}, ""investment"": null, ""lastUpdated"": ""2026-02-03T14:22:50.419Z"", ""kpiEstimates"": [], ""selectedKpis"": [], ""trackingEnabled"": false, ""validationStatus"": ""unvalidated"", ""calculatedMetrics"": {""currentRoi"": null, ""lastCalculated"": null, ""cumulativeValueGbp"": null, ""projectedBreakevenMonth"": null}, ""totalEstimatedValue"": {""max"": 469800, ""min"": 0, ""currency"": ""GBP""}, ""confidenceAdjustment"": null}","{""derived"": true, ""staffing"": {""current"": {""client"": {""total"": 0.6, ""byRole"": {}}, ""vendor"": {""total"": 1.4, ""byRole"": {}}}, ""planned"": {""month6"": {""client"": 0.9, ""vendor"": 1.1}, ""month12"": {""client"": 1.3, ""vendor"": 0.7}, ""month18"": {""client"": 1.6, ""vendor"": 0.5}}}, ""training"": {""plannedCertifications"": [], ""completedCertifications"": [], ""totalTrainingHoursPlanned"": 40, ""totalTrainingHoursCompleted"": 0}, ""derivedAt"": ""2026-01-29T08:58:21.419Z"", ""derivedFrom"": {""quadrant"": ""Experimental"", ""tomPhase"": ""ideation"", ""tShirtSize"": ""XS"", ""operatingModel"": ""coe_led""}, ""roleEvolution"": [], ""knowledgeTransfer"": {""milestoneNotes"": {}, ""completedMilestones"": [], ""inProgressMilestones"": [""kt_001""]}, ""independenceHistory"": [{""date"": ""2026-01"", ""note"": ""Auto-derived from use case attributes"", ""percentage"": 10}], ""selfSufficiencyTarget"": {""targetDate"": ""2027-07-23"", ""advisoryRetainer"": ""false"", ""targetIndependence"": 90}, ""independencePercentage"": 10}",ideation,unique,,,,,pending,,,pending,,,,pending,,,,,pending,,,,,,,ff9f60ad-18f3-44f6-a2a4-78d22a2201a9,,low,false,,,
02ae6cab-3707-40a9-bf3b-4e1e82f285c8,Predictive Maintenance for Assets,"IoT and AI solution to predict maintenance needs for insured commercial assets, reducing claim frequency and building stronger client relationships.",IoT + AI,0,0,0,0,0,0,0,0,0,0,Evaluate,2025-09-03 17:12:32.083437,0,0,,"{""Risk Consulting""}","{""Risk Evaluation"",""Compliance Verification"",""Advisory Services""}",,,,false,false,reference,,,industry_standard,,,,,,,,Discovery,,,,,,,,,,,3,3,,,,,,,,,,,,,,,,false,false,false,false,,,,,false,,,HEX_IND_016,false,,XS,9281,18563,2,4,1-2,,2026-01-29 07:56:32.179,,"{""derived"": true, ""tracking"": {""entries"": []}, ""derivedAt"": ""2026-02-03T14:22:50.433Z"", ""kpiValues"": {}, ""investment"": null, ""lastUpdated"": ""2026-02-03T14:22:50.433Z"", ""kpiEstimates"": [], ""selectedKpis"": [], ""trackingEnabled"": false, ""validationStatus"": ""unvalidated"", ""calculatedMetrics"": {""currentRoi"": null, ""lastCalculated"": null, ""cumulativeValueGbp"": null, ""projectedBreakevenMonth"": null}, ""totalEstimatedValue"": {""max"": 367200, ""min"": 0, ""currency"": ""GBP""}, ""confidenceAdjustment"": null}","{""derived"": true, ""staffing"": {""current"": {""client"": {""total"": 0.6, ""byRole"": {}}, ""vendor"": {""total"": 1.4, ""byRole"": {}}}, ""planned"": {""month6"": {""client"": 0.9, ""vendor"": 1.1}, ""month12"": {""client"": 1.3, ""vendor"": 0.7}, ""month18"": {""client"": 1.6, ""vendor"": 0.5}}}, ""training"": {""plannedCertifications"": [], ""completedCertifications"": [], ""totalTrainingHoursPlanned"": 40, ""totalTrainingHoursCompleted"": 0}, ""derivedAt"": ""2026-01-29T08:58:21.430Z"", ""derivedFrom"": {""quadrant"": ""Experimental"", ""tomPhase"": ""ideation"", ""tShirtSize"": ""XS"", ""operatingModel"": ""coe_led""}, ""roleEvolution"": [], ""knowledgeTransfer"": {""milestoneNotes"": {}, ""completedMilestones"": [], ""inProgressMilestones"": [""kt_001""]}, ""independenceHistory"": [{""date"": ""2026-01"", ""note"": ""Auto-derived from use case attributes"", ""percentage"": 10}], ""selfSufficiencyTarget"": {""targetDate"": ""2027-07-23"", ""advisoryRetainer"": ""false"", ""targetIndependence"": 90}, ""independencePercentage"": 10}",ideation,unique,,,,,pending,,,pending,,,,pending,,,,,pending,,,,,,,ff9f60ad-18f3-44f6-a2a4-78d22a2201a9,,low,false,,,
197bfb8d-fe00-443b-8838-ca90f5292a39,Fraud Detection AI,"Advanced pattern recognition to identify potentially fraudulent claims by analyzing historical claim patterns, network analysis, and behavioral anomalies.",Predictive ML,0,0,0,0,0,0,0,0,0,0,Evaluate,2025-09-03 17:12:31.50409,0,0,,"{""Claims Management""}","{""Claims Triage & Assessment"",""Investigation & Evidence Gathering"",""Claims Adjudication""}",,,,false,false,reference,,,industry_standard,,,,,,,,Discovery,,,,,,,,,,,3,3,,,,,,,,,,,,,,,,false,false,false,false,,,,,false,,,HEX_IND_017,false,,XS,9281,18563,2,4,1-2,,2026-01-29 07:56:32.261,,"{""derived"": true, ""tracking"": {""entries"": []}, ""derivedAt"": ""2026-02-03T14:22:50.537Z"", ""kpiValues"": {}, ""investment"": null, ""lastUpdated"": ""2026-02-03T14:22:50.537Z"", ""kpiEstimates"": [], ""selectedKpis"": [], ""trackingEnabled"": false, ""validationStatus"": ""unvalidated"", ""calculatedMetrics"": {""currentRoi"": null, ""lastCalculated"": null, ""cumulativeValueGbp"": null, ""projectedBreakevenMonth"": null}, ""totalEstimatedValue"": {""max"": 469800, ""min"": 0, ""currency"": ""GBP""}, ""confidenceAdjustment"": null}","{""derived"": true, ""staffing"": {""current"": {""client"": {""total"": 0.6, ""byRole"": {}}, ""vendor"": {""total"": 1.4, ""byRole"": {}}}, ""planned"": {""month6"": {""client"": 0.9, ""vendor"": 1.1}, ""month12"": {""client"": 1.3, ""vendor"": 0.7}, ""month18"": {""client"": 1.6, ""vendor"": 0.5}}}, ""training"": {""plannedCertifications"": [], ""completedCertifications"": [], ""totalTrainingHoursPlanned"": 40, ""totalTrainingHoursCompleted"": 0}, ""derivedAt"": ""2026-01-29T08:58:21.510Z"", ""derivedFrom"": {""quadrant"": ""Experimental"", ""tomPhase"": ""ideation"", ""tShirtSize"": ""XS"", ""operatingModel"": ""coe_led""}, ""roleEvolution"": [], ""knowledgeTransfer"": {""milestoneNotes"": {}, ""completedMilestones"": [], ""inProgressMilestones"": [""kt_001""]}, ""independenceHistory"": [{""date"": ""2026-01"", ""note"": ""Auto-derived from use case attributes"", ""percentage"": 10}], ""selfSufficiencyTarget"": {""targetDate"": ""2027-07-23"", ""advisoryRetainer"": ""false"", ""targetIndependence"": 90}, ""independencePercentage"": 10}",ideation,unique,,,,,pending,,,pending,,,,pending,,,,,pending,,,,,,,ff9f60ad-18f3-44f6-a2a4-78d22a2201a9,,low,false,,,
f14de88d-2464-4282-b0cf-50a7ff5964cb,Climate Risk Modeling,Advanced climate models using AI to assess long-term climate risks and their impact on insurance portfolios and pricing strategies.,Predictive ML,3,2,2,3,2,3,3,2,2.6,2.6,Experimental,2025-09-03 17:12:31.502116,3,3,"{""Property Owners""}","{""Risk Consulting""}","{""Risk Evaluation"",""Compliance Verification"",""Advisory Services""}","{""All Segments""}","{""United States""}",,true,true,active,,,industry_standard,,,,,,,Chief Underwriting Officer,Backlog,,,,,,,{},{},{},medium,3,4,,,,,,,,,,,,Underwriting,,,,true,false,true,true,,,,,false,,,HEX_IND_018,false,{},M,111375,222750,8,16,3-6,,2026-02-03 18:09:28.973,,"{""investment"": {""currency"": ""GBP"", ""initialInvestment"": 850000, ""ongoingMonthlyCost"": 25000}, ""selectedKpis"": [""uw_001"", ""ops_003"", ""fin_002""], ""valueConfidence"": {""rationale"": ""Complex climate models require actuarial validation"", ""lastValidatedAt"": null, ""lastValidatedBy"": null, ""adjustedValueGbp"": null, ""validationStatus"": ""pending_actuarial"", ""conservativeFactor"": 0.7}, ""calculatedMetrics"": {""currentRoi"": -84.03478260869565, ""lastCalculated"": ""2026-02-03T18:13:01.780Z"", ""cumulativeValueGbp"": 183600, ""projectedBreakevenMonth"": ""2032-06""}}","{""staffing"": {""current"": {""client"": {""total"": 1, ""byRole"": {""Risk Analyst"": 1}}, ""vendor"": {""total"": 5, ""byRole"": {""ML Engineer"": 1, ""Data Scientist"": 2, ""Climate Analyst"": 2}}}, ""planned"": {""month6"": {""client"": 2, ""vendor"": 4}, ""month12"": {""client"": 3, ""vendor"": 3}, ""month18"": {""client"": 4, ""vendor"": 2}}}, ""training"": {""plannedCertifications"": [""Climate Risk Modeling Certification""], ""completedCertifications"": [], ""totalTrainingHoursPlanned"": 120, ""totalTrainingHoursCompleted"": 0}, ""knowledgeTransfer"": {""milestoneNotes"": {}, ""completedMilestones"": [], ""inProgressMilestones"": [""kt_shadow""]}, ""selfSufficiencyTarget"": {""targetDate"": ""2027-06"", ""advisoryRetainer"": ""true"", ""targetIndependence"": 85}, ""independencePercentage"": 15}",assessment,unique,,,,,complete,,,pending,,,,pending,,,,,pending,,,,,,,ff9f60ad-18f3-44f6-a2a4-78d22a2201a9,,low,false,Climate Analytics Team,,joint
2b7099ad-aec3-40b1-bbb5-9cb45a1ed9a4,Behavioral Risk Analytics,AI analyzes policyholder behavior patterns to predict claim likelihood and adjust pricing or coverage terms proactively.,Predictive ML,0,0,0,0,0,0,0,0,0,0,Evaluate,2025-09-03 17:12:31.504692,0,0,,"{""Risk Consulting""}","{""Risk Evaluation"",""Compliance Verification"",""Advisory Services""}",,,,false,false,reference,,,industry_standard,,,,,,,,Discovery,,,,,,,,,,,3,3,,,,,,,,,,,,,,,,false,false,false,false,,,,,false,,,HEX_IND_019,false,,XS,9281,18563,2,4,1-2,,2026-01-29 07:56:32.249,,"{""derived"": true, ""tracking"": {""entries"": []}, ""derivedAt"": ""2026-02-03T14:22:50.524Z"", ""kpiValues"": {}, ""investment"": null, ""lastUpdated"": ""2026-02-03T14:22:50.524Z"", ""kpiEstimates"": [], ""selectedKpis"": [], ""trackingEnabled"": false, ""validationStatus"": ""unvalidated"", ""calculatedMetrics"": {""currentRoi"": null, ""lastCalculated"": null, ""cumulativeValueGbp"": null, ""projectedBreakevenMonth"": null}, ""totalEstimatedValue"": {""max"": 367200, ""min"": 0, ""currency"": ""GBP""}, ""confidenceAdjustment"": null}","{""derived"": true, ""staffing"": {""current"": {""client"": {""total"": 0.6, ""byRole"": {}}, ""vendor"": {""total"": 1.4, ""byRole"": {}}}, ""planned"": {""month6"": {""client"": 0.9, ""vendor"": 1.1}, ""month12"": {""client"": 1.3, ""vendor"": 0.7}, ""month18"": {""client"": 1.6, ""vendor"": 0.5}}}, ""training"": {""plannedCertifications"": [], ""completedCertifications"": [], ""totalTrainingHoursPlanned"": 40, ""totalTrainingHoursCompleted"": 0}, ""derivedAt"": ""2026-01-29T08:58:21.500Z"", ""derivedFrom"": {""quadrant"": ""Experimental"", ""tomPhase"": ""ideation"", ""tShirtSize"": ""XS"", ""operatingModel"": ""coe_led""}, ""roleEvolution"": [], ""knowledgeTransfer"": {""milestoneNotes"": {}, ""completedMilestones"": [], ""inProgressMilestones"": [""kt_001""]}, ""independenceHistory"": [{""date"": ""2026-01"", ""note"": ""Auto-derived from use case attributes"", ""percentage"": 10}], ""selfSufficiencyTarget"": {""targetDate"": ""2027-07-23"", ""advisoryRetainer"": ""false"", ""targetIndependence"": 90}, ""independencePercentage"": 10}",ideation,unique,,,,,pending,,,pending,,,,pending,,,,,pending,,,,,,,ff9f60ad-18f3-44f6-a2a4-78d22a2201a9,,low,false,,,
0cf5dfa7-5ee1-47b5-bd11-22049c65daf3,Document Processing Automation,"OCR and NLP solution to extract key information from policy documents, reducing manual data entry errors and processing time.",RPA,0,0,0,0,0,0,0,0,0,0,Evaluate,2025-09-03 17:12:31.524407,0,0,,"{""Submission & Quote""}","{""Risk Analysis"",Pricing,Pipelining}",,,,false,false,reference,,,industry_standard,,,,,,,,Discovery,,,,,,,,,,,3,3,,,,,,,,,,,,,,,,false,false,false,false,,,,,false,,,HEX_IND_020,false,,XS,9281,18563,2,4,1-2,,2026-01-29 07:56:32.224,,"{""derived"": true, ""tracking"": {""entries"": []}, ""derivedAt"": ""2026-02-03T14:22:50.495Z"", ""kpiValues"": {}, ""investment"": null, ""lastUpdated"": ""2026-02-03T14:22:50.495Z"", ""kpiEstimates"": [], ""selectedKpis"": [], ""trackingEnabled"": false, ""validationStatus"": ""unvalidated"", ""calculatedMetrics"": {""currentRoi"": null, ""lastCalculated"": null, ""cumulativeValueGbp"": null, ""projectedBreakevenMonth"": null}, ""totalEstimatedValue"": {""max"": 367200, ""min"": 0, ""currency"": ""GBP""}, ""confidenceAdjustment"": null}","{""derived"": true, ""staffing"": {""current"": {""client"": {""total"": 0.6, ""byRole"": {}}, ""vendor"": {""total"": 1.4, ""byRole"": {}}}, ""planned"": {""month6"": {""client"": 0.9, ""vendor"": 1.1}, ""month12"": {""client"": 1.3, ""vendor"": 0.7}, ""month18"": {""client"": 1.6, ""vendor"": 0.5}}}, ""training"": {""plannedCertifications"": [], ""completedCertifications"": [], ""totalTrainingHoursPlanned"": 40, ""totalTrainingHoursCompleted"": 0}, ""derivedAt"": ""2026-01-29T08:58:21.476Z"", ""derivedFrom"": {""quadrant"": ""Experimental"", ""tomPhase"": ""ideation"", ""tShirtSize"": ""XS"", ""operatingModel"": ""coe_led""}, ""roleEvolution"": [], ""knowledgeTransfer"": {""milestoneNotes"": {}, ""completedMilestones"": [], ""inProgressMilestones"": [""kt_001""]}, ""independenceHistory"": [{""date"": ""2026-01"", ""note"": ""Auto-derived from use case attributes"", ""percentage"": 10}], ""selfSufficiencyTarget"": {""targetDate"": ""2027-07-23"", ""advisoryRetainer"": ""false"", ""targetIndependence"": 90}, ""independencePercentage"": 10}",ideation,unique,,,,,pending,,,pending,,,,pending,,,,,pending,,,,,,,ff9f60ad-18f3-44f6-a2a4-78d22a2201a9,,low,false,,,
d2fa48e9-43f1-4346-aca6-254354fda956,Voice Analytics for Claims,Speech-to-text and sentiment analysis for customer calls during claims process to improve service quality and identify process improvements.,NLP,0,0,0,0,0,0,0,0,0,0,Evaluate,2025-09-03 17:12:30.941453,0,0,,"{""Claims Management""}","{""Claims Triage & Assessment"",""Investigation & Evidence Gathering"",""Claims Adjudication""}",,,,false,false,reference,,,industry_standard,,,,,,,,Discovery,,,,,,,,,,,3,3,,,,,,,,,,,,,,,,false,false,false,false,,,,,false,,,HEX_IND_021,false,,XS,9281,18563,2,4,1-2,,2026-01-29 07:56:32.286,,"{""derived"": true, ""tracking"": {""entries"": []}, ""derivedAt"": ""2026-02-03T14:22:50.562Z"", ""kpiValues"": {}, ""investment"": null, ""lastUpdated"": ""2026-02-03T14:22:50.562Z"", ""kpiEstimates"": [], ""selectedKpis"": [], ""trackingEnabled"": false, ""validationStatus"": ""unvalidated"", ""calculatedMetrics"": {""currentRoi"": null, ""lastCalculated"": null, ""cumulativeValueGbp"": null, ""projectedBreakevenMonth"": null}, ""totalEstimatedValue"": {""max"": 469800, ""min"": 0, ""currency"": ""GBP""}, ""confidenceAdjustment"": null}","{""derived"": true, ""staffing"": {""current"": {""client"": {""total"": 0.6, ""byRole"": {}}, ""vendor"": {""total"": 1.4, ""byRole"": {}}}, ""planned"": {""month6"": {""client"": 0.9, ""vendor"": 1.1}, ""month12"": {""client"": 1.3, ""vendor"": 0.7}, ""month18"": {""client"": 1.6, ""vendor"": 0.5}}}, ""training"": {""plannedCertifications"": [], ""completedCertifications"": [], ""totalTrainingHoursPlanned"": 40, ""totalTrainingHoursCompleted"": 0}, ""derivedAt"": ""2026-01-29T08:58:21.533Z"", ""derivedFrom"": {""quadrant"": ""Experimental"", ""tomPhase"": ""ideation"", ""tShirtSize"": ""XS"", ""operatingModel"": ""coe_led""}, ""roleEvolution"": [], ""knowledgeTransfer"": {""milestoneNotes"": {}, ""completedMilestones"": [], ""inProgressMilestones"": [""kt_001""]}, ""independenceHistory"": [{""date"": ""2026-01"", ""note"": ""Auto-derived from use case attributes"", ""percentage"": 10}], ""selfSufficiencyTarget"": {""targetDate"": ""2027-07-23"", ""advisoryRetainer"": ""false"", ""targetIndependence"": 90}, ""independencePercentage"": 10}",ideation,unique,,,,,pending,,,pending,,,,pending,,,,,pending,,,,,,,ff9f60ad-18f3-44f6-a2a4-78d22a2201a9,,low,false,,,
b1c0fcdd-5d13-4bc5-b693-184cb5ef11bb,FNOL Claims processing,Claims Related ,Analytics & Insights,0,0,0,0,0,0,0,0,0,0,Evaluate,2025-09-03 17:12:30.935166,0,0,,"{""Claims Management""}","{""Claims Triage & Assessment"",""Investigation & Evidence Gathering"",""Claims Adjudication""}",,,,false,false,reference,,,industry_standard,,,,,,,,Discovery,,,,,,,,,,,3,3,,,,,,,,,,,,,,,,false,false,false,false,,,,,false,,,HEX_IND_022,false,,XS,9281,18563,2,4,1-2,,2026-01-29 07:56:32.341,,"{""derived"": true, ""tracking"": {""entries"": []}, ""derivedAt"": ""2026-02-03T14:22:50.622Z"", ""kpiValues"": {}, ""investment"": null, ""lastUpdated"": ""2026-02-03T14:22:50.622Z"", ""kpiEstimates"": [], ""selectedKpis"": [], ""trackingEnabled"": false, ""validationStatus"": ""unvalidated"", ""calculatedMetrics"": {""currentRoi"": null, ""lastCalculated"": null, ""cumulativeValueGbp"": null, ""projectedBreakevenMonth"": null}, ""totalEstimatedValue"": {""max"": 469800, ""min"": 0, ""currency"": ""GBP""}, ""confidenceAdjustment"": null}","{""derived"": true, ""staffing"": {""current"": {""client"": {""total"": 0.6, ""byRole"": {}}, ""vendor"": {""total"": 1.4, ""byRole"": {}}}, ""planned"": {""month6"": {""client"": 0.9, ""vendor"": 1.1}, ""month12"": {""client"": 1.3, ""vendor"": 0.7}, ""month18"": {""client"": 1.6, ""vendor"": 0.5}}}, ""training"": {""plannedCertifications"": [], ""completedCertifications"": [], ""totalTrainingHoursPlanned"": 40, ""totalTrainingHoursCompleted"": 0}, ""derivedAt"": ""2026-01-29T08:58:21.591Z"", ""derivedFrom"": {""quadrant"": ""Experimental"", ""tomPhase"": ""ideation"", ""tShirtSize"": ""XS"", ""operatingModel"": ""coe_led""}, ""roleEvolution"": [], ""knowledgeTransfer"": {""milestoneNotes"": {}, ""completedMilestones"": [], ""inProgressMilestones"": [""kt_001""]}, ""independenceHistory"": [{""date"": ""2026-01"", ""note"": ""Auto-derived from use case attributes"", ""percentage"": 10}], ""selfSufficiencyTarget"": {""targetDate"": ""2027-07-23"", ""advisoryRetainer"": ""false"", ""targetIndependence"": 90}, ""independencePercentage"": 10}",ideation,unique,,,,,pending,,,pending,,,,pending,,,,,pending,,,,,,,ff9f60ad-18f3-44f6-a2a4-78d22a2201a9,,low,false,,,
3806d678-331d-457b-8db2-c9917ea12697,Telematics-Based Pricing,Usage-based insurance pricing models using telematics data for more accurate risk assessment and personalized pricing.,IoT + AI,2,2,4,3,1,5,3,1,2.8,2.6,Experimental,2025-09-03 17:12:29.765964,3,3,{Motor},"{""Policy Servicing""}","{""Policy Issuance"",""Document Management"",""Contract Management""}","{""Personal Lines""}",{},,true,true,active,,,industry_standard,,,,,,,Head of Motor Pricing,In-flight,,,,,,,{},{},{},low,3,3,,,,,,,,,,,,Underwriting,,,,true,true,true,true,,,,,false,,,HEX_IND_023,false,{},M,111375,222750,8,16,3-6,,2026-02-03 18:16:35.129,,"{""investment"": {""currency"": ""GBP"", ""initialInvestment"": 1200000, ""ongoingMonthlyCost"": 45000}, ""selectedKpis"": [""ops_004"", ""strat_002""], ""valueConfidence"": {""rationale"": ""IoT infrastructure investment with long payback period"", ""lastValidatedAt"": null, ""lastValidatedBy"": null, ""adjustedValueGbp"": null, ""validationStatus"": ""unvalidated"", ""conservativeFactor"": 0.5}, ""calculatedMetrics"": {""currentRoi"": -89.44827586206895, ""lastCalculated"": ""2026-02-03T18:16:35.196Z"", ""cumulativeValueGbp"": 183600, ""projectedBreakevenMonth"": ""2035-08""}}","{""staffing"": {""current"": {""client"": {""total"": 1, ""byRole"": {""Pricing Analyst"": 1}}, ""vendor"": {""total"": 8, ""byRole"": {""PM"": 1, ""IoT Engineer"": 3, ""Data Engineer"": 2, ""Actuarial Analyst"": 2}}}, ""planned"": {""month6"": {""client"": 2, ""vendor"": 7}, ""month12"": {""client"": 3, ""vendor"": 6}, ""month18"": {""client"": 4, ""vendor"": 5}}}, ""training"": {""plannedCertifications"": [""IoT Platform Training"", ""Telematics Data Analysis""], ""completedCertifications"": [], ""totalTrainingHoursPlanned"": 200, ""totalTrainingHoursCompleted"": 0}, ""knowledgeTransfer"": {""milestoneNotes"": {}, ""completedMilestones"": [], ""inProgressMilestones"": []}, ""selfSufficiencyTarget"": {""targetDate"": ""2028-06"", ""advisoryRetainer"": ""true"", ""targetIndependence"": 75}, ""independencePercentage"": 5}",foundation,unique,,,,,complete,,,pending,,,,pending,,,,,pending,,,,,,,ff9f60ad-18f3-44f6-a2a4-78d22a2201a9,,low,false,IoT Innovation Team,,business_led
ea2fc72b-4d27-439d-977c-5fe022000a7c,Cyber Risk Assessment AI,Advanced AI system to evaluate cyber risk exposure for commercial clients using external threat intelligence and internal data.,GenAI,3,3,3,5,3,5,5,2,3.6,4,Strategic Bet,2025-09-03 17:12:29.778113,4,5,"{Cyber,""Professional Indemnity""}","{""Policy Servicing""}","{""Policy Issuance"",""Document Management"",""Contract Management""}","{""Commercial Lines""}",{},,true,true,active,,,industry_standard,,,,,,,Chief Information Security Officer,Backlog,,,,,,,{},{},{},high,3,5,,,,,,,,,,,,Underwriting,,,,true,true,true,true,,,,,false,,,HEX_IND_024,false,{},L,371250,603281,16,26,5-10,,2026-02-03 18:09:29.113,,"{""investment"": {""currency"": ""GBP"", ""initialInvestment"": 950000, ""ongoingMonthlyCost"": 35000}, ""selectedKpis"": [""fin_001"", ""ops_002"", ""strat_001""], ""valueConfidence"": {""rationale"": ""Emerging cyber market with uncertain loss patterns"", ""lastValidatedAt"": null, ""lastValidatedBy"": null, ""adjustedValueGbp"": null, ""validationStatus"": ""pending_finance"", ""conservativeFactor"": 0.6}, ""calculatedMetrics"": {""currentRoi"": -86.5985401459854, ""lastCalculated"": ""2026-02-03T18:20:10.030Z"", ""cumulativeValueGbp"": 183600, ""projectedBreakevenMonth"": ""2033-08""}}","{""staffing"": {""current"": {""client"": {""total"": 1, ""byRole"": {""Cyber Underwriter"": 1}}, ""vendor"": {""total"": 6, ""byRole"": {""ML Engineer"": 2, ""Data Engineer"": 2, ""Cyber Security Expert"": 2}}}, ""planned"": {""month6"": {""client"": 2, ""vendor"": 5}, ""month12"": {""client"": 3, ""vendor"": 4}, ""month18"": {""client"": 5, ""vendor"": 2}}}, ""training"": {""plannedCertifications"": [""Cyber Risk Assessment Certification"", ""CISSP""], ""completedCertifications"": [], ""totalTrainingHoursPlanned"": 160, ""totalTrainingHoursCompleted"": 0}, ""knowledgeTransfer"": {""milestoneNotes"": {}, ""completedMilestones"": [], ""inProgressMilestones"": [""kt_shadow""]}, ""selfSufficiencyTarget"": {""targetDate"": ""2027-09"", ""advisoryRetainer"": ""true"", ""targetIndependence"": 80}, ""independencePercentage"": 10}",assessment,unique,,,,,complete,,,pending,,,,pending,,,,,pending,,,,,,,ff9f60ad-18f3-44f6-a2a4-78d22a2201a9,,low,false,Cyber Insurance Team,,joint
3d32ed63-e616-43df-b6a8-100d949c42e9,Regulatory Compliance Monitoring,AI system that monitors regulatory changes and automatically assesses impact on existing policies and procedures.,GenAI,0,0,0,0,0,0,0,0,0,0,Evaluate,2025-09-03 17:12:29.20515,0,0,,"{""Regulatory & Compliance""}","{""Regulatory Reporting"",""Sanctions Check"",""Compliance Verification""}",,,,false,false,reference,,,industry_standard,,,,,,,,Discovery,,,,,,,,,,,3,3,,,,,,,,,,,,,,,,false,false,false,false,,,,,false,,,HEX_IND_025,false,,XS,9281,18563,2,4,1-2,,2026-01-29 07:56:32.514,,"{""derived"": true, ""tracking"": {""entries"": []}, ""derivedAt"": ""2026-02-03T14:22:50.813Z"", ""kpiValues"": {}, ""investment"": null, ""lastUpdated"": ""2026-02-03T14:22:50.813Z"", ""kpiEstimates"": [], ""selectedKpis"": [], ""trackingEnabled"": false, ""validationStatus"": ""unvalidated"", ""calculatedMetrics"": {""currentRoi"": null, ""lastCalculated"": null, ""cumulativeValueGbp"": null, ""projectedBreakevenMonth"": null}, ""totalEstimatedValue"": {""max"": 415800, ""min"": 0, ""currency"": ""GBP""}, ""confidenceAdjustment"": null}","{""derived"": true, ""staffing"": {""current"": {""client"": {""total"": 0.6, ""byRole"": {}}, ""vendor"": {""total"": 1.4, ""byRole"": {}}}, ""planned"": {""month6"": {""client"": 0.9, ""vendor"": 1.1}, ""month12"": {""client"": 1.3, ""vendor"": 0.7}, ""month18"": {""client"": 1.6, ""vendor"": 0.5}}}, ""training"": {""plannedCertifications"": [], ""completedCertifications"": [], ""totalTrainingHoursPlanned"": 40, ""totalTrainingHoursCompleted"": 0}, ""derivedAt"": ""2026-01-29T08:58:21.757Z"", ""derivedFrom"": {""quadrant"": ""Experimental"", ""tomPhase"": ""ideation"", ""tShirtSize"": ""XS"", ""operatingModel"": ""coe_led""}, ""roleEvolution"": [], ""knowledgeTransfer"": {""milestoneNotes"": {}, ""completedMilestones"": [], ""inProgressMilestones"": [""kt_001""]}, ""independenceHistory"": [{""date"": ""2026-01"", ""note"": ""Auto-derived from use case attributes"", ""percentage"": 10}], ""selfSufficiencyTarget"": {""targetDate"": ""2027-07-23"", ""advisoryRetainer"": ""false"", ""targetIndependence"": 90}, ""independencePercentage"": 10}",ideation,unique,,,,,pending,,,pending,,,,pending,,,,,pending,,,,,,,ff9f60ad-18f3-44f6-a2a4-78d22a2201a9,,low,false,,,
df2cfe13-9be1-4c3c-b219-d37150fe75ac,Automated Testing & Quality Assurance,"Generates test cases, executes testing scenarios, and identifies bugs across all systems. Includes regression, performance, and security testing.",Gen AI,0,0,0,0,0,0,0,0,0,0,Evaluate,2025-09-03 17:12:22.838307,0,0,,{General},"{""Issue Resolution""}",,,,false,false,reference,,,industry_standard,,,,,,,,Backlog,,,,,,,,,,,3,3,,,,,,,,,,,,,,,,false,false,false,false,,,,,false,,,HEX_IND_026,true,,XS,9281,18563,2,4,1-2,,2026-01-29 07:56:33.285,,"{""derived"": true, ""tracking"": {""entries"": []}, ""derivedAt"": ""2026-02-03T14:22:51.689Z"", ""kpiValues"": {}, ""investment"": null, ""lastUpdated"": ""2026-02-03T14:22:51.689Z"", ""kpiEstimates"": [], ""selectedKpis"": [], ""trackingEnabled"": false, ""validationStatus"": ""unvalidated"", ""calculatedMetrics"": {""currentRoi"": null, ""lastCalculated"": null, ""cumulativeValueGbp"": null, ""projectedBreakevenMonth"": null}, ""totalEstimatedValue"": {""max"": 367200, ""min"": 0, ""currency"": ""GBP""}, ""confidenceAdjustment"": null}","{""derived"": true, ""staffing"": {""current"": {""client"": {""total"": 0.6, ""byRole"": {}}, ""vendor"": {""total"": 1.4, ""byRole"": {}}}, ""planned"": {""month6"": {""client"": 0.9, ""vendor"": 1.1}, ""month12"": {""client"": 1.3, ""vendor"": 0.7}, ""month18"": {""client"": 1.6, ""vendor"": 0.5}}}, ""training"": {""plannedCertifications"": [], ""completedCertifications"": [], ""totalTrainingHoursPlanned"": 40, ""totalTrainingHoursCompleted"": 0}, ""derivedAt"": ""2026-01-29T08:58:22.648Z"", ""derivedFrom"": {""quadrant"": ""Experimental"", ""tomPhase"": ""assessment"", ""tShirtSize"": ""XS"", ""operatingModel"": ""coe_led""}, ""roleEvolution"": [], ""knowledgeTransfer"": {""milestoneNotes"": {}, ""completedMilestones"": [], ""inProgressMilestones"": [""kt_001""]}, ""independenceHistory"": [{""date"": ""2026-01"", ""note"": ""Auto-derived from use case attributes"", ""percentage"": 10}], ""selfSufficiencyTarget"": {""targetDate"": ""2027-07-23"", ""advisoryRetainer"": ""false"", ""targetIndependence"": 90}, ""independencePercentage"": 10}",assessment,unique,,,,,pending,,,pending,,,,pending,,,,,pending,,,,,,,ff9f60ad-18f3-44f6-a2a4-78d22a2201a9,,low,false,,,
06f0e01f-7301-4fb7-9790-381d8e91cddf,Intelligent Email & Communication Assistant,"Drafts responses, schedules meetings, summarizes threads, and manages follow-ups. Understands context and maintains appropriate tone.",GenAI,0,0,0,0,3,3,0,4,0,0,Evaluate,2025-09-03 17:12:22.842313,0,0,"{""All Lines (CL,SL,Others)""}",{General},"{""Issue Resolution""}","{""All Segments""}","{UK,Ireland}",,false,false,reference,,,industry_standard,,,,,,,,Backlog,,,,,,,,,,,3,3,,,,,,,,,,,,,,,,false,false,false,false,,,,,false,,,HEX_IND_027,true,"{""Content Generation - Document drafting, report generation"",""Content Management -Categorization, tagging, curation"",""Information Analysis (Synthesis, summarization)""}",M,111375,222750,8,16,3-6,,2025-09-03 17:12:22.842313,,"{""derived"": true, ""tracking"": {""entries"": []}, ""derivedAt"": ""2026-02-03T14:22:51.638Z"", ""kpiValues"": {}, ""investment"": {""initialInvestment"": 85000, ""ongoingMonthlyCost"": 7000}, ""lastUpdated"": ""2026-02-03T14:22:51.638Z"", ""kpiEstimates"": [], ""selectedKpis"": [], ""trackingEnabled"": false, ""valueConfidence"": {""rationale"": null, ""adjustedValueGbp"": null, ""validationStatus"": ""unvalidated"", ""conservativeFactor"": 0.5}, ""validationStatus"": ""unvalidated"", ""calculatedMetrics"": {""currentRoi"": null, ""lastCalculated"": null, ""cumulativeValueGbp"": null, ""projectedBreakevenMonth"": null}, ""totalEstimatedValue"": {""max"": 367200, ""min"": 0, ""currency"": ""GBP""}, ""confidenceAdjustment"": null}","{""derived"": true, ""staffing"": {""current"": {""client"": {""total"": 1.5, ""byRole"": {}}, ""vendor"": {""total"": 3.5, ""byRole"": {}}}, ""planned"": {""month6"": {""client"": 2.4, ""vendor"": 2.6}, ""month12"": {""client"": 3.6, ""vendor"": 1.4}, ""month18"": {""client"": 4.5, ""vendor"": 0.5}}}, ""training"": {""plannedCertifications"": [], ""completedCertifications"": [], ""totalTrainingHoursPlanned"": 100, ""totalTrainingHoursCompleted"": 0}, ""derivedAt"": ""2026-02-04T07:37:36.890Z"", ""derivedFrom"": {""quadrant"": ""Evaluate"", ""tomPhase"": ""assessment"", ""tShirtSize"": ""M"", ""operatingModel"": ""coe_led""}, ""roleEvolution"": [], ""knowledgeTransfer"": {""milestoneNotes"": {}, ""completedMilestones"": [], ""inProgressMilestones"": [""kt_001""]}, ""independenceHistory"": [{""date"": ""2026-02"", ""note"": ""Auto-derived from use case attributes"", ""percentage"": 10}], ""selfSufficiencyTarget"": {""targetDate"": ""2027-04-30"", ""advisoryRetainer"": ""false"", ""targetIndependence"": 90}, ""independencePercentage"": 10}",assessment,unique,,,,,pending,,,pending,,,,pending,,,,,pending,,,,,,,ff9f60ad-18f3-44f6-a2a4-78d22a2201a9,,low,false,Mark Johnson,Amanda Reenan,AI Working Group
3065e463-129e-4980-9af4-46c5459a4bc7,Document Scanning and Analysis Project,"This project would implement an AI-driven solution designed to enhance user accessibility to the library of Benefit Plan Documents. By leveraging natural language processing (NLP) and machine learning technologies, the system scans and analyzes complex documents, extracting key information and presenting it in both an API and a user-friendly chat interface.",Agentic AI,0,0,0,0,4,3,0,4,0,0,Evaluate,2025-12-09 03:42:18.694506,0,0,"{""All Lines (CL,SL,Others)""}","{General,""Sales & Distribution (Including Broker Relationships)""}","{""Lead Generation""}",{},"{""United States""}",,false,false,reference,,Moved to library,industry_standard,Governance gates passed - ready for portfolio tracking,,,,,"The Benefit Plan Documents for each of our clients are very detailed legal documents maintained by our Plan Build team.  These documents are complex, customized, and free form. They contain some details that are not captured in any system (including PowerSTEPP). There is a desire within the business to make this information more accessible to Customer Service, Claims, Data Analytics, as well as Clients / Members / Providers and other vendor partners",Todd,In-flight,,Q2-2026,,500k,,,{},"{""Policy Database""}","{""Claims Teams""}",medium,3,3,,,,,,,,,,Pilot,,Operations,,,,false,false,false,true,,,,,false,,,HEX_IND_028,false,{},M,111375,222750,8,16,3-6,,2026-01-24 05:25:15.408,,"{""derived"": true, ""tracking"": {""entries"": []}, ""derivedAt"": ""2026-02-03T14:22:49.637Z"", ""kpiValues"": {}, ""investment"": {""initialInvestment"": 145000, ""ongoingMonthlyCost"": 10000}, ""lastUpdated"": ""2026-02-03T14:22:49.637Z"", ""kpiEstimates"": [], ""selectedKpis"": [], ""trackingEnabled"": false, ""valueConfidence"": {""rationale"": null, ""adjustedValueGbp"": null, ""validationStatus"": ""pending_finance"", ""conservativeFactor"": 0.75}, ""validationStatus"": ""unvalidated"", ""calculatedMetrics"": {""currentRoi"": null, ""lastCalculated"": null, ""cumulativeValueGbp"": null, ""projectedBreakevenMonth"": null}, ""totalEstimatedValue"": {""max"": 415800, ""min"": 0, ""currency"": ""GBP""}, ""confidenceAdjustment"": null}","{""derived"": true, ""staffing"": {""current"": {""client"": {""total"": 1.5, ""byRole"": {}}, ""vendor"": {""total"": 3.5, ""byRole"": {}}}, ""planned"": {""month6"": {""client"": 2.4, ""vendor"": 2.6}, ""month12"": {""client"": 3.6, ""vendor"": 1.4}, ""month18"": {""client"": 4.5, ""vendor"": 0.5}}}, ""training"": {""plannedCertifications"": [], ""completedCertifications"": [], ""totalTrainingHoursPlanned"": 100, ""totalTrainingHoursCompleted"": 0}, ""derivedAt"": ""2026-02-04T07:37:36.981Z"", ""derivedFrom"": {""quadrant"": ""Evaluate"", ""tomPhase"": ""foundation"", ""tShirtSize"": ""M"", ""operatingModel"": ""coe_led""}, ""roleEvolution"": [], ""knowledgeTransfer"": {""milestoneNotes"": {}, ""completedMilestones"": [""kt_001"", ""kt_002""], ""inProgressMilestones"": [""kt_003""]}, ""independenceHistory"": [{""date"": ""2026-02"", ""note"": ""Auto-derived from use case attributes"", ""percentage"": 25}], ""selfSufficiencyTarget"": {""targetDate"": ""2027-04-30"", ""advisoryRetainer"": ""false"", ""targetIndependence"": 90}, ""independencePercentage"": 25}",foundation,unique,,,,,in_review,,,approved,,,,approved,,,,,approved,,,,,2026-01-20 16:18:10.234,,ff9f60ad-18f3-44f6-a2a4-78d22a2201a9,,low,false,David Chen,Amanda Reenan,Business Owner Review
e221505d-3226-4df7-9b4b-cd4691197ce6,Manual Back-and-Forth for Claims Adjustors with Underwriters to Confirm Coverage,"GenAI-powered policy comparison engine to analyze inception, renewal, and endorsement documents
Automated clause/exception extraction and summarization for claims handlers
Side-by-side comparison view of coverage changes across policy periods
Seamless integration into Guidewire for real-time coverage summaries at FNOL.",Gen AI,0,0,0,0,0,0,0,0,0,0,Evaluate,2025-09-03 17:12:34.423638,0,0,{},"{""Claims Management""}",{},{},{},,false,false,reference,,,internal,,,,,,"Claims handlers and loss adjusters must frequently email underwriters to confirm policy coverage, clauses, and endorsements. This manual back-and-forth creates delays, inconsistent interpretations, and errors. Underwriters are distracted from core tasks, and clients/brokers experience slow claims resolution.","Andy Brown (Commercial Property Loss Adjuster, frontline claims perspective).",Backlog,,"Medium–High – recurring, significant pain highlighted by Andy Brown.",,"Faster, consistent coverage confirmation
Reduced manual burden on underwriters
Improved broker and customer satisfaction
Lower risk of misinterpretation and disputes
Stronger compliance and auditability of claims decisions.",,,{},"{""Guidewire Claims Center"",""UKRIS PAS"",""legacy PAS"",""shared drives/doc repositories.""}",{},,3,3,,,,,,,,,,,,,,,,false,false,false,false,,,,,false,,,HEX_INT_002,false,{},S,37125,74250,4,8,2-4,,2026-01-29 07:56:31.899,,"{""derived"": true, ""tracking"": {""entries"": []}, ""derivedAt"": ""2026-02-03T14:22:50.120Z"", ""kpiValues"": {}, ""investment"": null, ""lastUpdated"": ""2026-02-03T14:22:50.120Z"", ""kpiEstimates"": [], ""selectedKpis"": [], ""trackingEnabled"": false, ""validationStatus"": ""unvalidated"", ""calculatedMetrics"": {""currentRoi"": null, ""lastCalculated"": null, ""cumulativeValueGbp"": null, ""projectedBreakevenMonth"": null}, ""totalEstimatedValue"": {""max"": 469800, ""min"": 0, ""currency"": ""GBP""}, ""confidenceAdjustment"": null}","{""derived"": true, ""staffing"": {""current"": {""client"": {""total"": 0.9, ""byRole"": {}}, ""vendor"": {""total"": 2.1, ""byRole"": {}}}, ""planned"": {""month6"": {""client"": 1.3, ""vendor"": 1.7}, ""month12"": {""client"": 1.9, ""vendor"": 1.1}, ""month18"": {""client"": 2.4, ""vendor"": 0.6}}}, ""training"": {""plannedCertifications"": [], ""completedCertifications"": [], ""totalTrainingHoursPlanned"": 60, ""totalTrainingHoursCompleted"": 0}, ""derivedAt"": ""2026-01-29T08:58:20.906Z"", ""derivedFrom"": {""quadrant"": ""Experimental"", ""tomPhase"": ""assessment"", ""tShirtSize"": ""S"", ""operatingModel"": ""coe_led""}, ""roleEvolution"": [], ""knowledgeTransfer"": {""milestoneNotes"": {}, ""completedMilestones"": [], ""inProgressMilestones"": [""kt_001""]}, ""independenceHistory"": [{""date"": ""2026-01"", ""note"": ""Auto-derived from use case attributes"", ""percentage"": 10}], ""selfSufficiencyTarget"": {""targetDate"": ""2027-07-23"", ""advisoryRetainer"": ""false"", ""targetIndependence"": 90}, ""independencePercentage"": 10}",assessment,unique,,,,,pending,,,approved,,,,approved,,,,,approved,,,,,2026-01-20 16:18:10.234,,ff9f60ad-18f3-44f6-a2a4-78d22a2201a9,,low,false,,,
197fd273-2829-455e-b138-861fc0d39e2e,Guidewire + Claims Connect Integration Gaps → Reconciliation Bots,"AI bots/RPA to reconcile reserves, payments, and supplier invoices across Guidewire, Claims Connect, and finance systems
AI anomaly detection to highlight mismatches (amount, supplier, reference, date)
Invoice digitization/NLP extraction to auto-ingest supplier invoices
Event-driven sync to update Guidewire when actions occur in Claims Connect
Exception routing to finance/handlers only when mismatches can’t be auto-resolved.",Prescriptive Rules Based,0,0,0,0,0,0,0,0,0,0,Evaluate,2025-09-03 17:12:34.406058,0,0,,"{""Claims Management""}","{""Claims Triage & Assessment"",""Investigation & Evidence Gathering"",""Claims Adjudication""}",,,,false,false,reference,,,internal,,,,,,"Integration gaps between Guidewire and Claims Connect mean supplier invoices, reserves, and payments are not always synchronized. Handlers and finance staff manually confirm data across systems, leading to mismatches, delayed reconciliations, disputes with suppliers, and financial leakage. Audit trails are incomplete, and suppliers often face payment delays.",Andy Brown (flagged integration and reconciliation pain points).,Backlog,,Medium — not the top pain compared to FNOL/triage but a recurring issue with clear ROI.,,"Reduced leakage through early detection of mismatches
Faster, more accurate supplier payments → stronger supplier relationships
Ops/finance efficiency gains → less manual reconciliation, staff focus on exceptions
Stronger auditability and compliance reporting
Reduced fraud/duplicate invoice risk.",,,,"{""Guidewire Claims Center"",""Claims Connect"",""Finance (SAP/Oracle)"",""RPA/automation middleware.""}",,,3,3,,,,,,,,,,,,,,,,false,false,false,false,,,,,false,,,HEX_INT_003,false,,XS,9281,18563,2,4,1-2,,2026-01-29 07:56:31.947,,"{""derived"": true, ""tracking"": {""entries"": []}, ""derivedAt"": ""2026-02-03T14:22:50.174Z"", ""kpiValues"": {}, ""investment"": null, ""lastUpdated"": ""2026-02-03T14:22:50.175Z"", ""kpiEstimates"": [], ""selectedKpis"": [], ""trackingEnabled"": false, ""validationStatus"": ""unvalidated"", ""calculatedMetrics"": {""currentRoi"": null, ""lastCalculated"": null, ""cumulativeValueGbp"": null, ""projectedBreakevenMonth"": null}, ""totalEstimatedValue"": {""max"": 469800, ""min"": 0, ""currency"": ""GBP""}, ""confidenceAdjustment"": null}","{""derived"": true, ""staffing"": {""current"": {""client"": {""total"": 0.6, ""byRole"": {}}, ""vendor"": {""total"": 1.4, ""byRole"": {}}}, ""planned"": {""month6"": {""client"": 0.9, ""vendor"": 1.1}, ""month12"": {""client"": 1.3, ""vendor"": 0.7}, ""month18"": {""client"": 1.6, ""vendor"": 0.5}}}, ""training"": {""plannedCertifications"": [], ""completedCertifications"": [], ""totalTrainingHoursPlanned"": 40, ""totalTrainingHoursCompleted"": 0}, ""derivedAt"": ""2026-01-29T08:58:21.205Z"", ""derivedFrom"": {""quadrant"": ""Experimental"", ""tomPhase"": ""assessment"", ""tShirtSize"": ""XS"", ""operatingModel"": ""coe_led""}, ""roleEvolution"": [], ""knowledgeTransfer"": {""milestoneNotes"": {}, ""completedMilestones"": [], ""inProgressMilestones"": [""kt_001""]}, ""independenceHistory"": [{""date"": ""2026-01"", ""note"": ""Auto-derived from use case attributes"", ""percentage"": 10}], ""selfSufficiencyTarget"": {""targetDate"": ""2027-07-23"", ""advisoryRetainer"": ""false"", ""targetIndependence"": 90}, ""independencePercentage"": 10}",assessment,unique,,,,,pending,,,pending,,,,pending,,,,,pending,,,,,,,ff9f60ad-18f3-44f6-a2a4-78d22a2201a9,,low,false,,,
12d60f7b-c466-4991-ab9e-265cfb2d29b4,Provide Broker Insights both internally & externally  for proactive cross-sell / prospecting insights → AI-Driven Broker Analytics,"1) 19 Strategic brokers: (plus a wider ""medium"" cohort). Organization gets portal access for those brokers (upcoming renewals/portfolios).
2) Automated research & ingestion (AI bot) from broker portals (Marsh, Aon) into Unicorn Data Platform (SQL), this is a tactical solution but longer term will be replaced by the EDP. This will eliminate the error prone manual trackers/excel currently being used. Join broker portal data (e.g., Marsh) with internal data (Unicorn) to Identify incumbent vs. non-incumbent product opportunities per customer.
3) AI scoring of broker opportunities (propensity to win, cross-sell likelihood, value)
4) Support Internal & Broker-facing reports with automated insights/decisions and meeting-ready ""storylines.""
5) Evolve from Qlik → Power BI for distribution dashboards in longer term.",Analytics & Insights,4,3,4,4,3,3,3,3,3.8,2.8,Quick Win,2025-09-03 17:12:33.83969,4,2,"{""All Lines (CL,SL,Others)""}","{""Sales & Distribution (Including Broker Relationships)""}","{""Broker Relations"",""Channel Management"",""Sales Support""}","{""All Segments""}",{UK},,true,true,active,,Auto-deactivated: Governance gates incomplete,internal,High value use case identified,,,,," Growth- Pipeline generation - currently consists manual trackers from sales teams / UW, and Excel data dumps from brokers or online prospecting portals, wealth of information in these that should translate better and more focused pipeline supporting increased quotes. We get data together for all 20 Strategic Brokers from their sites and in time analyse however an AI agent should be able to easily tell us what’s in profile to look at prospecting / quotable. Distribution relies on manual portal scraping and ad-hoc prep for broker meetings; no propensity scoring or automated opportunity surfacing today.","James (Jay) Gregory (walked through Unicorn, portal data, and target state for automated insights).",Discovery,"Unicorn Data Model, current cource, Broker portal access",Medium — strong appetite; framed as quick/tactical wins while EDP matures.,,"Higher win rates and cross-sell via prioritized outreach, Shorter prep time; consistent data stories for brokersStronger broker relationships and revenue growth. Better management visibility across RSA/NIG portfolios.",Conversion rate,"Unicorn Data Model, Source systems feeds, Finance","{""Natural Language Processing"",""Machine Learning"",""Rule-based Systems""}","{""Unicorn data model (SQL outputs"",controls),""broker data feeds (Marsh"",""Aon portals)"",""Qlik/Power BI"",""CRM (MSD) for execution."",""Broker Data & Feeds"",""Policy Database""}","{""Distrbution (Broker) Teams"",IT/Technology,""Business Analytics""}",medium,3,3,,,,,,,,,,,,Marketing,,,,true,false,false,true,,,,,false,,,HEX_INT_004,true,"{""Content Management -Categorization, tagging, curation"",""AI Assistant—Automation (Autofill, next-best action suggestions, autonomous agents)"",""Data Analysis - Augmentation, visualization""}",M,111375,222750,8,16,3-6,,2026-02-03 16:03:08.587,,"{""derived"": true, ""tracking"": {""entries"": []}, ""derivedAt"": ""2026-02-03T14:22:50.231Z"", ""kpiValues"": {}, ""investment"": {""initialInvestment"": 120000, ""ongoingMonthlyCost"": 9000}, ""lastUpdated"": ""2026-02-03T14:22:50.231Z"", ""kpiEstimates"": [{""kpiId"": ""ds_001"", ""kpiName"": ""Onboarding Cycle Time"", ""kpiType"": ""operational"", ""confidence"": ""low"", ""valueStream"": ""revenue_uplift"", ""expectedRange"": {""max"": 10, ""min"": 0}, ""maturityLevel"": ""foundational"", ""benchmarkProcess"": null, ""estimatedAnnualValueGbp"": {""max"": 5400, ""min"": 0}}, {""kpiId"": ""ds_002"", ""kpiName"": ""License Verification Automation"", ""kpiType"": ""financial"", ""confidence"": ""low"", ""valueStream"": ""revenue_uplift"", ""expectedRange"": {""max"": 10, ""min"": 0}, ""maturityLevel"": ""foundational"", ""benchmarkProcess"": null, ""estimatedAnnualValueGbp"": {""max"": 5400, ""min"": 0}}, {""kpiId"": ""ds_003"", ""kpiName"": ""Compliance Verification Rate"", ""kpiType"": ""compliance"", ""confidence"": ""low"", ""valueStream"": ""revenue_uplift"", ""expectedRange"": {""max"": 10, ""min"": 0}, ""maturityLevel"": ""foundational"", ""benchmarkProcess"": null, ""estimatedAnnualValueGbp"": {""max"": 5400, ""min"": 0}}, {""kpiId"": ""ds_004"", ""kpiName"": ""Commission Processing Time"", ""kpiType"": ""operational"", ""confidence"": ""low"", ""valueStream"": ""revenue_uplift"", ""expectedRange"": {""max"": 10, ""min"": 0}, ""maturityLevel"": ""foundational"", ""benchmarkProcess"": null, ""estimatedAnnualValueGbp"": {""max"": 5400, ""min"": 0}}, {""kpiId"": ""ds_005"", ""kpiName"": ""Commission Accuracy"", ""kpiType"": ""operational"", ""confidence"": ""low"", ""valueStream"": ""revenue_uplift"", ""expectedRange"": {""max"": 10, ""min"": 0}, ""maturityLevel"": ""foundational"", ""benchmarkProcess"": null, ""estimatedAnnualValueGbp"": {""max"": 5400, ""min"": 0}}, {""kpiId"": ""ds_006"", ""kpiName"": ""Commission Dispute Rate"", ""kpiType"": ""financial"", ""confidence"": ""low"", ""valueStream"": ""revenue_uplift"", ""expectedRange"": {""max"": 10, ""min"": 0}, ""maturityLevel"": ""foundational"", ""benchmarkProcess"": null, ""estimatedAnnualValueGbp"": {""max"": 5400, ""min"": 0}}, {""kpiId"": ""ds_007"", ""kpiName"": ""Agency Scorecard Automation"", ""kpiType"": ""financial"", ""confidence"": ""low"", ""valueStream"": ""revenue_uplift"", ""expectedRange"": {""max"": 10, ""min"": 0}, ""maturityLevel"": ""foundational"", ""benchmarkProcess"": null, ""estimatedAnnualValueGbp"": {""max"": 5400, ""min"": 0}}, {""kpiId"": ""ds_008"", ""kpiName"": ""Book Roll Prediction Accuracy"", ""kpiType"": ""strategic"", ""confidence"": ""low"", ""valueStream"": ""revenue_uplift"", ""expectedRange"": {""max"": 10, ""min"": 0}, ""maturityLevel"": ""foundational"", ""benchmarkProcess"": null, ""estimatedAnnualValueGbp"": {""max"": 5400, ""min"": 0}}, {""kpiId"": ""ds_009"", ""kpiName"": ""Cross-Sell Recommendation Accuracy"", ""kpiType"": ""financial"", ""confidence"": ""low"", ""valueStream"": ""revenue_uplift"", ""expectedRange"": {""max"": 10, ""min"": 0}, ""maturityLevel"": ""foundational"", ""benchmarkProcess"": null, ""estimatedAnnualValueGbp"": {""max"": 5400, ""min"": 0}}, {""kpiId"": ""mp_001"", ""kpiName"": ""Model Accuracy Degradation Rate"", ""kpiType"": ""operational"", ""confidence"": ""low"", ""valueStream"": ""revenue_uplift"", ""expectedRange"": {""max"": 10, ""min"": 0}, ""maturityLevel"": ""foundational"", ""benchmarkProcess"": null, ""estimatedAnnualValueGbp"": {""max"": 5400, ""min"": 0}}, {""kpiId"": ""mp_002"", ""kpiName"": ""Prediction Confidence Distribution"", ""kpiType"": ""operational"", ""confidence"": ""low"", ""valueStream"": ""revenue_uplift"", ""expectedRange"": {""max"": 10, ""min"": 0}, ""maturityLevel"": ""foundational"", ""benchmarkProcess"": null, ""estimatedAnnualValueGbp"": {""max"": 5400, ""min"": 0}}, {""kpiId"": ""mp_003"", ""kpiName"": ""Inference Latency (p95)"", ""kpiType"": ""operational"", ""confidence"": ""low"", ""valueStream"": ""revenue_uplift"", ""expectedRange"": {""max"": 10, ""min"": 0}, ""maturityLevel"": ""foundational"", ""benchmarkProcess"": null, ""estimatedAnnualValueGbp"": {""max"": 5400, ""min"": 0}}, {""kpiId"": ""mp_004"", ""kpiName"": ""Model Drift Detection Rate"", ""kpiType"": ""operational"", ""confidence"": ""low"", ""valueStream"": ""revenue_uplift"", ""expectedRange"": {""max"": 10, ""min"": 0}, ""maturityLevel"": ""foundational"", ""benchmarkProcess"": null, ""estimatedAnnualValueGbp"": {""max"": 5400, ""min"": 0}}, {""kpiId"": ""mp_005"", ""kpiName"": ""Feature Importance Stability"", ""kpiType"": ""operational"", ""confidence"": ""low"", ""valueStream"": ""revenue_uplift"", ""expectedRange"": {""max"": 10, ""min"": 0}, ""maturityLevel"": ""foundational"", ""benchmarkProcess"": null, ""estimatedAnnualValueGbp"": {""max"": 5400, ""min"": 0}}, {""kpiId"": ""mp_006"", ""kpiName"": ""A/B Test Statistical Power"", ""kpiType"": ""strategic"", ""confidence"": ""low"", ""valueStream"": ""revenue_uplift"", ""expectedRange"": {""max"": 10, ""min"": 0}, ""maturityLevel"": ""foundational"", ""benchmarkProcess"": null, ""estimatedAnnualValueGbp"": {""max"": 5400, ""min"": 0}}, {""kpiId"": ""dq_001"", ""kpiName"": ""Data Freshness Score"", ""kpiType"": ""operational"", ""confidence"": ""low"", ""valueStream"": ""revenue_uplift"", ""expectedRange"": {""max"": 10, ""min"": 0}, ""maturityLevel"": ""foundational"", ""benchmarkProcess"": null, ""estimatedAnnualValueGbp"": {""max"": 5400, ""min"": 0}}, {""kpiId"": ""dq_002"", ""kpiName"": ""Feature Store Coverage"", ""kpiType"": ""compliance"", ""confidence"": ""low"", ""valueStream"": ""revenue_uplift"", ""expectedRange"": {""max"": 10, ""min"": 0}, ""maturityLevel"": ""foundational"", ""benchmarkProcess"": null, ""estimatedAnnualValueGbp"": {""max"": 5400, ""min"": 0}}, {""kpiId"": ""dq_003"", ""kpiName"": ""Feature Reuse Rate"", ""kpiType"": ""operational"", ""confidence"": ""low"", ""valueStream"": ""revenue_uplift"", ""expectedRange"": {""max"": 10, ""min"": 0}, ""maturityLevel"": ""foundational"", ""benchmarkProcess"": null, ""estimatedAnnualValueGbp"": {""max"": 5400, ""min"": 0}}, {""kpiId"": ""dq_004"", ""kpiName"": ""Data Quality Score (DQS)"", ""kpiType"": ""operational"", ""confidence"": ""low"", ""valueStream"": ""revenue_uplift"", ""expectedRange"": {""max"": 10, ""min"": 0}, ""maturityLevel"": ""foundational"", ""benchmarkProcess"": null, ""estimatedAnnualValueGbp"": {""max"": 5400, ""min"": 0}}, {""kpiId"": ""dq_005"", ""kpiName"": ""Data Pipeline SLA Adherence"", ""kpiType"": ""operational"", ""confidence"": ""low"", ""valueStream"": ""revenue_uplift"", ""expectedRange"": {""max"": 10, ""min"": 0}, ""maturityLevel"": ""foundational"", ""benchmarkProcess"": null, ""estimatedAnnualValueGbp"": {""max"": 5400, ""min"": 0}}, {""kpiId"": ""dq_006"", ""kpiName"": ""Schema Drift Incidents"", ""kpiType"": ""operational"", ""confidence"": ""low"", ""valueStream"": ""revenue_uplift"", ""expectedRange"": {""max"": 10, ""min"": 0}, ""maturityLevel"": ""foundational"", ""benchmarkProcess"": null, ""estimatedAnnualValueGbp"": {""max"": 5400, ""min"": 0}}, {""kpiId"": ""td_001"", ""kpiName"": ""Technical Debt Ratio"", ""kpiType"": ""operational"", ""confidence"": ""low"", ""valueStream"": ""revenue_uplift"", ""expectedRange"": {""max"": 10, ""min"": 0}, ""maturityLevel"": ""foundational"", ""benchmarkProcess"": null, ""estimatedAnnualValueGbp"": {""max"": 5400, ""min"": 0}}, {""kpiId"": ""td_002"", ""kpiName"": ""API Error Rate"", ""kpiType"": ""operational"", ""confidence"": ""low"", ""valueStream"": ""revenue_uplift"", ""expectedRange"": {""max"": 10, ""min"": 0}, ""maturityLevel"": ""foundational"", ""benchmarkProcess"": null, ""estimatedAnnualValueGbp"": {""max"": 5400, ""min"": 0}}, {""kpiId"": ""td_003"", ""kpiName"": ""Security Vulnerability Remediation Time"", ""kpiType"": ""compliance"", ""confidence"": ""low"", ""valueStream"": ""revenue_uplift"", ""expectedRange"": {""max"": 10, ""min"": 0}, ""maturityLevel"": ""foundational"", ""benchmarkProcess"": null, ""estimatedAnnualValueGbp"": {""max"": 5400, ""min"": 0}}, {""kpiId"": ""td_004"", ""kpiName"": ""Platform Currency Score"", ""kpiType"": ""operational"", ""confidence"": ""low"", ""valueStream"": ""revenue_uplift"", ""expectedRange"": {""max"": 10, ""min"": 0}, ""maturityLevel"": ""foundational"", ""benchmarkProcess"": null, ""estimatedAnnualValueGbp"": {""max"": 5400, ""min"": 0}}, {""kpiId"": ""td_005"", ""kpiName"": ""Infrastructure Cost Efficiency"", ""kpiType"": ""financial"", ""confidence"": ""low"", ""valueStream"": ""revenue_uplift"", ""expectedRange"": {""max"": 10, ""min"": 0}, ""maturityLevel"": ""foundational"", ""benchmarkProcess"": null, ""estimatedAnnualValueGbp"": {""max"": 5400, ""min"": 0}}, {""kpiId"": ""td_006"", ""kpiName"": ""Environment Parity"", ""kpiType"": ""operational"", ""confidence"": ""low"", ""valueStream"": ""revenue_uplift"", ""expectedRange"": {""max"": 10, ""min"": 0}, ""maturityLevel"": ""foundational"", ""benchmarkProcess"": null, ""estimatedAnnualValueGbp"": {""max"": 5400, ""min"": 0}}, {""kpiId"": ""ta_001"", ""kpiName"": ""AI Talent Retention Rate"", ""kpiType"": ""strategic"", ""confidence"": ""low"", ""valueStream"": ""revenue_uplift"", ""expectedRange"": {""max"": 10, ""min"": 0}, ""maturityLevel"": ""foundational"", ""benchmarkProcess"": null, ""estimatedAnnualValueGbp"": {""max"": 5400, ""min"": 0}}, {""kpiId"": ""ta_002"", ""kpiName"": ""Skill Gap Closure Velocity"", ""kpiType"": ""strategic"", ""confidence"": ""low"", ""valueStream"": ""revenue_uplift"", ""expectedRange"": {""max"": 10, ""min"": 0}, ""maturityLevel"": ""foundational"", ""benchmarkProcess"": null, ""estimatedAnnualValueGbp"": {""max"": 5400, ""min"": 0}}, {""kpiId"": ""ta_003"", ""kpiName"": ""Knowledge Documentation Coverage"", ""kpiType"": ""operational"", ""confidence"": ""low"", ""valueStream"": ""revenue_uplift"", ""expectedRange"": {""max"": 10, ""min"": 0}, ""maturityLevel"": ""foundational"", ""benchmarkProcess"": null, ""estimatedAnnualValueGbp"": {""max"": 5400, ""min"": 0}}, {""kpiId"": ""ta_004"", ""kpiName"": ""Bus Factor Risk"", ""kpiType"": ""compliance"", ""confidence"": ""low"", ""valueStream"": ""revenue_uplift"", ""expectedRange"": {""max"": 10, ""min"": 0}, ""maturityLevel"": ""foundational"", ""benchmarkProcess"": null, ""estimatedAnnualValueGbp"": {""max"": 5400, ""min"": 0}}, {""kpiId"": ""ta_005"", ""kpiName"": ""Team Utilization Rate"", ""kpiType"": ""operational"", ""confidence"": ""low"", ""valueStream"": ""revenue_uplift"", ""expectedRange"": {""max"": 10, ""min"": 0}, ""maturityLevel"": ""foundational"", ""benchmarkProcess"": null, ""estimatedAnnualValueGbp"": {""max"": 5400, ""min"": 0}}, {""kpiId"": ""ta_006"", ""kpiName"": ""Internal Mobility/Growth"", ""kpiType"": ""strategic"", ""confidence"": ""low"", ""valueStream"": ""revenue_uplift"", ""expectedRange"": {""max"": 10, ""min"": 0}, ""maturityLevel"": ""foundational"", ""benchmarkProcess"": null, ""estimatedAnnualValueGbp"": {""max"": 5400, ""min"": 0}}, {""kpiId"": ""in_001"", ""kpiName"": ""Idea-to-PoC Conversion Rate"", ""kpiType"": ""strategic"", ""confidence"": ""low"", ""valueStream"": ""revenue_uplift"", ""expectedRange"": {""max"": 10, ""min"": 0}, ""maturityLevel"": ""foundational"", ""benchmarkProcess"": null, ""estimatedAnnualValueGbp"": {""max"": 5400, ""min"": 0}}, {""kpiId"": ""in_002"", ""kpiName"": ""PoC Cycle Time"", ""kpiType"": ""operational"", ""confidence"": ""low"", ""valueStream"": ""revenue_uplift"", ""expectedRange"": {""max"": 10, ""min"": 0}, ""maturityLevel"": ""foundational"", ""benchmarkProcess"": null, ""estimatedAnnualValueGbp"": {""max"": 5400, ""min"": 0}}, {""kpiId"": ""in_003"", ""kpiName"": ""Experimentation Velocity"", ""kpiType"": ""operational"", ""confidence"": ""low"", ""valueStream"": ""revenue_uplift"", ""expectedRange"": {""max"": 10, ""min"": 0}, ""maturityLevel"": ""foundational"", ""benchmarkProcess"": null, ""estimatedAnnualValueGbp"": {""max"": 5400, ""min"": 0}}, {""kpiId"": ""in_004"", ""kpiName"": ""Failed Experiment Learning Capture"", ""kpiType"": ""strategic"", ""confidence"": ""low"", ""valueStream"": ""revenue_uplift"", ""expectedRange"": {""max"": 10, ""min"": 0}, ""maturityLevel"": ""foundational"", ""benchmarkProcess"": null, ""estimatedAnnualValueGbp"": {""max"": 5400, ""min"": 0}}, {""kpiId"": ""in_005"", ""kpiName"": ""Innovation Funnel Health"", ""kpiType"": ""strategic"", ""confidence"": ""low"", ""valueStream"": ""revenue_uplift"", ""expectedRange"": {""max"": 10, ""min"": 0}, ""maturityLevel"": ""foundational"", ""benchmarkProcess"": null, ""estimatedAnnualValueGbp"": {""max"": 5400, ""min"": 0}}, {""kpiId"": ""in_006"", ""kpiName"": ""External Partnership Value"", ""kpiType"": ""strategic"", ""confidence"": ""low"", ""valueStream"": ""revenue_uplift"", ""expectedRange"": {""max"": 10, ""min"": 0}, ""maturityLevel"": ""foundational"", ""benchmarkProcess"": null, ""estimatedAnnualValueGbp"": {""max"": 5400, ""min"": 0}}, {""kpiId"": ""sh_001"", ""kpiName"": ""Business Sponsor Satisfaction"", ""kpiType"": ""strategic"", ""confidence"": ""low"", ""valueStream"": ""revenue_uplift"", ""expectedRange"": {""max"": 10, ""min"": 0}, ""maturityLevel"": ""foundational"", ""benchmarkProcess"": null, ""estimatedAnnualValueGbp"": {""max"": 5400, ""min"": 0}}, {""kpiId"": ""sh_002"", ""kpiName"": ""Strategic Priority Alignment"", ""kpiType"": ""strategic"", ""confidence"": ""low"", ""valueStream"": ""revenue_uplift"", ""expectedRange"": {""max"": 10, ""min"": 0}, ""maturityLevel"": ""foundational"", ""benchmarkProcess"": null, ""estimatedAnnualValueGbp"": {""max"": 5400, ""min"": 0}}, {""kpiId"": ""sh_003"", ""kpiName"": ""Demand Backlog Age"", ""kpiType"": ""operational"", ""confidence"": ""low"", ""valueStream"": ""revenue_uplift"", ""expectedRange"": {""max"": 10, ""min"": 0}, ""maturityLevel"": ""foundational"", ""benchmarkProcess"": null, ""estimatedAnnualValueGbp"": {""max"": 5400, ""min"": 0}}, {""kpiId"": ""sh_004"", ""kpiName"": ""Stakeholder Engagement Frequency"", ""kpiType"": ""operational"", ""confidence"": ""low"", ""valueStream"": ""revenue_uplift"", ""expectedRange"": {""max"": 10, ""min"": 0}, ""maturityLevel"": ""foundational"", ""benchmarkProcess"": null, ""estimatedAnnualValueGbp"": {""max"": 5400, ""min"": 0}}, {""kpiId"": ""sh_005"", ""kpiName"": ""Value Realization Communication"", ""kpiType"": ""operational"", ""confidence"": ""low"", ""valueStream"": ""revenue_uplift"", ""expectedRange"": {""max"": 10, ""min"": 0}, ""maturityLevel"": ""foundational"", ""benchmarkProcess"": null, ""estimatedAnnualValueGbp"": {""max"": 5400, ""min"": 0}}, {""kpiId"": ""sh_006"", ""kpiName"": ""Executive Dashboard Access"", ""kpiType"": ""operational"", ""confidence"": ""low"", ""valueStream"": ""revenue_uplift"", ""expectedRange"": {""max"": 10, ""min"": 0}, ""maturityLevel"": ""foundational"", ""benchmarkProcess"": null, ""estimatedAnnualValueGbp"": {""max"": 5400, ""min"": 0}}, {""kpiId"": ""ga_001"", ""kpiName"": ""Hallucination Rate"", ""kpiType"": ""operational"", ""confidence"": ""low"", ""valueStream"": ""revenue_uplift"", ""expectedRange"": {""max"": 10, ""min"": 0}, ""maturityLevel"": ""foundational"", ""benchmarkProcess"": null, ""estimatedAnnualValueGbp"": {""max"": 5400, ""min"": 0}}, {""kpiId"": ""ga_002"", ""kpiName"": ""Human Override Rate"", ""kpiType"": ""operational"", ""confidence"": ""low"", ""valueStream"": ""revenue_uplift"", ""expectedRange"": {""max"": 10, ""min"": 0}, ""maturityLevel"": ""foundational"", ""benchmarkProcess"": null, ""estimatedAnnualValueGbp"": {""max"": 5400, ""min"": 0}}, {""kpiId"": ""ga_003"", ""kpiName"": ""Prompt Effectiveness Rate"", ""kpiType"": ""operational"", ""confidence"": ""low"", ""valueStream"": ""revenue_uplift"", ""expectedRange"": {""max"": 10, ""min"": 0}, ""maturityLevel"": ""foundational"", ""benchmarkProcess"": null, ""estimatedAnnualValueGbp"": {""max"": 5400, ""min"": 0}}, {""kpiId"": ""ga_004"", ""kpiName"": ""Token Cost Efficiency"", ""kpiType"": ""financial"", ""confidence"": ""low"", ""valueStream"": ""revenue_uplift"", ""expectedRange"": {""max"": 10, ""min"": 0}, ""maturityLevel"": ""foundational"", ""benchmarkProcess"": null, ""estimatedAnnualValueGbp"": {""max"": 5400, ""min"": 0}}, {""kpiId"": ""ga_005"", ""kpiName"": ""Guardrail Trigger Rate"", ""kpiType"": ""operational"", ""confidence"": ""low"", ""valueStream"": ""revenue_uplift"", ""expectedRange"": {""max"": 10, ""min"": 0}, ""maturityLevel"": ""foundational"", ""benchmarkProcess"": null, ""estimatedAnnualValueGbp"": {""max"": 5400, ""min"": 0}}, {""kpiId"": ""ga_006"", ""kpiName"": ""Context Window Utilization"", ""kpiType"": ""operational"", ""confidence"": ""low"", ""valueStream"": ""revenue_uplift"", ""expectedRange"": {""max"": 10, ""min"": 0}, ""maturityLevel"": ""foundational"", ""benchmarkProcess"": null, ""estimatedAnnualValueGbp"": {""max"": 5400, ""min"": 0}}, {""kpiId"": ""ga_007"", ""kpiName"": ""RAG Retrieval Precision"", ""kpiType"": ""operational"", ""confidence"": ""low"", ""valueStream"": ""revenue_uplift"", ""expectedRange"": {""max"": 10, ""min"": 0}, ""maturityLevel"": ""foundational"", ""benchmarkProcess"": null, ""estimatedAnnualValueGbp"": {""max"": 5400, ""min"": 0}}, {""kpiId"": ""ga_008"", ""kpiName"": ""Response Time SLA Compliance"", ""kpiType"": ""operational"", ""confidence"": ""low"", ""valueStream"": ""revenue_uplift"", ""expectedRange"": {""max"": 10, ""min"": 0}, ""maturityLevel"": ""foundational"", ""benchmarkProcess"": null, ""estimatedAnnualValueGbp"": {""max"": 5400, ""min"": 0}}, {""kpiId"": ""it_001"", ""kpiName"": ""Cloud Cost Optimization"", ""kpiType"": ""financial"", ""confidence"": ""low"", ""valueStream"": ""revenue_uplift"", ""expectedRange"": {""max"": 10, ""min"": 0}, ""maturityLevel"": ""foundational"", ""benchmarkProcess"": null, ""estimatedAnnualValueGbp"": {""max"": 5400, ""min"": 0}}, {""kpiId"": ""it_002"", ""kpiName"": ""Infrastructure Utilization"", ""kpiType"": ""operational"", ""confidence"": ""low"", ""valueStream"": ""revenue_uplift"", ""expectedRange"": {""max"": 10, ""min"": 0}, ""maturityLevel"": ""foundational"", ""benchmarkProcess"": null, ""estimatedAnnualValueGbp"": {""max"": 5400, ""min"": 0}}, {""kpiId"": ""it_003"", ""kpiName"": ""Deployment Frequency"", ""kpiType"": ""operational"", ""confidence"": ""low"", ""valueStream"": ""revenue_uplift"", ""expectedRange"": {""max"": 10, ""min"": 0}, ""maturityLevel"": ""foundational"", ""benchmarkProcess"": null, ""estimatedAnnualValueGbp"": {""max"": 5400, ""min"": 0}}, {""kpiId"": ""it_004"", ""kpiName"": ""Mean Time to Recovery (MTTR)"", ""kpiType"": ""operational"", ""confidence"": ""low"", ""valueStream"": ""revenue_uplift"", ""expectedRange"": {""max"": 10, ""min"": 0}, ""maturityLevel"": ""foundational"", ""benchmarkProcess"": null, ""estimatedAnnualValueGbp"": {""max"": 5400, ""min"": 0}}, {""kpiId"": ""it_005"", ""kpiName"": ""Change Failure Rate"", ""kpiType"": ""operational"", ""confidence"": ""low"", ""valueStream"": ""revenue_uplift"", ""expectedRange"": {""max"": 10, ""min"": 0}, ""maturityLevel"": ""foundational"", ""benchmarkProcess"": null, ""estimatedAnnualValueGbp"": {""max"": 5400, ""min"": 0}}, {""kpiId"": ""it_006"", ""kpiName"": ""Lead Time for Changes"", ""kpiType"": ""operational"", ""confidence"": ""low"", ""valueStream"": ""revenue_uplift"", ""expectedRange"": {""max"": 10, ""min"": 0}, ""maturityLevel"": ""foundational"", ""benchmarkProcess"": null, ""estimatedAnnualValueGbp"": {""max"": 5400, ""min"": 0}}, {""kpiId"": ""sp_001"", ""kpiName"": ""AI Security Incidents"", ""kpiType"": ""compliance"", ""confidence"": ""low"", ""valueStream"": ""revenue_uplift"", ""expectedRange"": {""max"": 10, ""min"": 0}, ""maturityLevel"": ""foundational"", ""benchmarkProcess"": null, ""estimatedAnnualValueGbp"": {""max"": 5400, ""min"": 0}}, {""kpiId"": ""sp_002"", ""kpiName"": ""Privacy Compliance Rate"", ""kpiType"": ""compliance"", ""confidence"": ""low"", ""valueStream"": ""revenue_uplift"", ""expectedRange"": {""max"": 10, ""min"": 0}, ""maturityLevel"": ""foundational"", ""benchmarkProcess"": null, ""estimatedAnnualValueGbp"": {""max"": 5400, ""min"": 0}}, {""kpiId"": ""sp_003"", ""kpiName"": ""Access Control Adherence"", ""kpiType"": ""compliance"", ""confidence"": ""low"", ""valueStream"": ""revenue_uplift"", ""expectedRange"": {""max"": 10, ""min"": 0}, ""maturityLevel"": ""foundational"", ""benchmarkProcess"": null, ""estimatedAnnualValueGbp"": {""max"": 5400, ""min"": 0}}, {""kpiId"": ""sp_004"", ""kpiName"": ""Data Encryption Coverage"", ""kpiType"": ""compliance"", ""confidence"": ""low"", ""valueStream"": ""revenue_uplift"", ""expectedRange"": {""max"": 10, ""min"": 0}, ""maturityLevel"": ""foundational"", ""benchmarkProcess"": null, ""estimatedAnnualValueGbp"": {""max"": 5400, ""min"": 0}}, {""kpiId"": ""sp_005"", ""kpiName"": ""Model Adversarial Testing"", ""kpiType"": ""compliance"", ""confidence"": ""low"", ""valueStream"": ""revenue_uplift"", ""expectedRange"": {""max"": 10, ""min"": 0}, ""maturityLevel"": ""foundational"", ""benchmarkProcess"": null, ""estimatedAnnualValueGbp"": {""max"": 5400, ""min"": 0}}, {""kpiId"": ""sp_006"", ""kpiName"": ""PII Detection Coverage"", ""kpiType"": ""compliance"", ""confidence"": ""low"", ""valueStream"": ""revenue_uplift"", ""expectedRange"": {""max"": 10, ""min"": 0}, ""maturityLevel"": ""foundational"", ""benchmarkProcess"": null, ""estimatedAnnualValueGbp"": {""max"": 5400, ""min"": 0}}, {""kpiId"": ""cx_001"", ""kpiName"": ""AI-Assisted Resolution Rate"", ""kpiType"": ""operational"", ""confidence"": ""low"", ""valueStream"": ""revenue_uplift"", ""expectedRange"": {""max"": 10, ""min"": 0}, ""maturityLevel"": ""foundational"", ""benchmarkProcess"": null, ""estimatedAnnualValueGbp"": {""max"": 5400, ""min"": 0}}, {""kpiId"": ""cx_002"", ""kpiName"": ""Self-Service Adoption Rate"", ""kpiType"": ""operational"", ""confidence"": ""low"", ""valueStream"": ""revenue_uplift"", ""expectedRange"": {""max"": 10, ""min"": 0}, ""maturityLevel"": ""foundational"", ""benchmarkProcess"": null, ""estimatedAnnualValueGbp"": {""max"": 5400, ""min"": 0}}, {""kpiId"": ""cx_003"", ""kpiName"": ""Response Time Improvement"", ""kpiType"": ""operational"", ""confidence"": ""low"", ""valueStream"": ""revenue_uplift"", ""expectedRange"": {""max"": 10, ""min"": 0}, ""maturityLevel"": ""foundational"", ""benchmarkProcess"": null, ""estimatedAnnualValueGbp"": {""max"": 5400, ""min"": 0}}, {""kpiId"": ""cx_004"", ""kpiName"": ""Customer Effort Score (AI)"", ""kpiType"": ""strategic"", ""confidence"": ""low"", ""valueStream"": ""revenue_uplift"", ""expectedRange"": {""max"": 10, ""min"": 0}, ""maturityLevel"": ""foundational"", ""benchmarkProcess"": null, ""estimatedAnnualValueGbp"": {""max"": 5400, ""min"": 0}}, {""kpiId"": ""cx_005"", ""kpiName"": ""First Contact Resolution (AI)"", ""kpiType"": ""operational"", ""confidence"": ""low"", ""valueStream"": ""revenue_uplift"", ""expectedRange"": {""max"": 10, ""min"": 0}, ""maturityLevel"": ""foundational"", ""benchmarkProcess"": null, ""estimatedAnnualValueGbp"": {""max"": 5400, ""min"": 0}}, {""kpiId"": ""cx_006"", ""kpiName"": ""AI NPS Impact"", ""kpiType"": ""strategic"", ""confidence"": ""low"", ""valueStream"": ""revenue_uplift"", ""expectedRange"": {""max"": 10, ""min"": 0}, ""maturityLevel"": ""foundational"", ""benchmarkProcess"": null, ""estimatedAnnualValueGbp"": {""max"": 5400, ""min"": 0}}, {""kpiId"": ""oe_001"", ""kpiName"": ""Process Automation Rate"", ""kpiType"": ""operational"", ""confidence"": ""low"", ""valueStream"": ""revenue_uplift"", ""expectedRange"": {""max"": 10, ""min"": 0}, ""maturityLevel"": ""foundational"", ""benchmarkProcess"": null, ""estimatedAnnualValueGbp"": {""max"": 5400, ""min"": 0}}, {""kpiId"": ""oe_002"", ""kpiName"": ""Straight-Through Processing Rate"", ""kpiType"": ""operational"", ""confidence"": ""low"", ""valueStream"": ""revenue_uplift"", ""expectedRange"": {""max"": 10, ""min"": 0}, ""maturityLevel"": ""foundational"", ""benchmarkProcess"": null, ""estimatedAnnualValueGbp"": {""max"": 5400, ""min"": 0}}, {""kpiId"": ""oe_003"", ""kpiName"": ""Manual Intervention Reduction"", ""kpiType"": ""operational"", ""confidence"": ""low"", ""valueStream"": ""revenue_uplift"", ""expectedRange"": {""max"": 10, ""min"": 0}, ""maturityLevel"": ""foundational"", ""benchmarkProcess"": null, ""estimatedAnnualValueGbp"": {""max"": 5400, ""min"": 0}}, {""kpiId"": ""oe_004"", ""kpiName"": ""Exception Handling Time"", ""kpiType"": ""operational"", ""confidence"": ""low"", ""valueStream"": ""revenue_uplift"", ""expectedRange"": {""max"": 10, ""min"": 0}, ""maturityLevel"": ""foundational"", ""benchmarkProcess"": null, ""estimatedAnnualValueGbp"": {""max"": 5400, ""min"": 0}}, {""kpiId"": ""oe_005"", ""kpiName"": ""Predictive Accuracy (Operations)"", ""kpiType"": ""operational"", ""confidence"": ""low"", ""valueStream"": ""revenue_uplift"", ""expectedRange"": {""max"": 10, ""min"": 0}, ""maturityLevel"": ""foundational"", ""benchmarkProcess"": null, ""estimatedAnnualValueGbp"": {""max"": 5400, ""min"": 0}}, {""kpiId"": ""oe_006"", ""kpiName"": ""Resource Optimization Savings"", ""kpiType"": ""financial"", ""confidence"": ""low"", ""valueStream"": ""revenue_uplift"", ""expectedRange"": {""max"": 10, ""min"": 0}, ""maturityLevel"": ""foundational"", ""benchmarkProcess"": null, ""estimatedAnnualValueGbp"": {""max"": 5400, ""min"": 0}}], ""selectedKpis"": [""sd_001"", ""sd_004"", ""in_001"", ""ta_005"", ""dq_001""], ""valueConfidence"": {""rationale"": null, ""lastValidatedAt"": null, ""lastValidatedBy"": null, ""adjustedValueGbp"": null, ""validationStatus"": ""unvalidated"", ""conservativeFactor"": 0.55}, ""calculatedMetrics"": {""currentRoi"": -8.81578947368421, ""lastCalculated"": ""2026-02-03T16:03:08.650Z"", ""cumulativeValueGbp"": 207900, ""projectedBreakevenMonth"": ""2027-04""}, ""totalEstimatedValue"": {""max"": 415800, ""min"": 0, ""currency"": ""GBP""}}","{""derived"": true, ""staffing"": {""current"": {""client"": {""total"": 1.5, ""byRole"": {}}, ""vendor"": {""total"": 3.5, ""byRole"": {}}}, ""planned"": {""month6"": {""client"": 2.7, ""vendor"": 2.3}, ""month12"": {""client"": 4.5, ""vendor"": 0.5}, ""month18"": {""client"": 5.7, ""vendor"": 0.5}}}, ""training"": {""plannedCertifications"": [], ""completedCertifications"": [], ""totalTrainingHoursPlanned"": 100, ""totalTrainingHoursCompleted"": 0}, ""derivedAt"": ""2026-02-04T07:37:36.768Z"", ""derivedFrom"": {""quadrant"": ""Quick Win"", ""tomPhase"": ""ideation"", ""tShirtSize"": ""M"", ""operatingModel"": ""coe_led""}, ""roleEvolution"": [], ""knowledgeTransfer"": {""milestoneNotes"": {}, ""completedMilestones"": [], ""inProgressMilestones"": [""kt_001""]}, ""independenceHistory"": [{""date"": ""2026-02"", ""note"": ""Auto-derived from use case attributes"", ""percentage"": 10}], ""selfSufficiencyTarget"": {""targetDate"": ""2026-12-31"", ""advisoryRetainer"": ""false"", ""targetIndependence"": 90}, ""independencePercentage"": 10}",ideation,unique,,,,,complete,,,approved,,,,approved,,,,,approved,,,,,2026-01-20 16:18:10.234,,ff9f60ad-18f3-44f6-a2a4-78d22a2201a9,,low,false,Kevin O'Brien,James Gregory,AI Working Group
897848d2-1204-4c86-895b-adfdaee33b84,Policy Documents Not Auto-Attached in Guidewire Claims Center,"AI-enabled ingestion of policy docs from PAS, underwriting, and shared sources
Document classification (renewal vs inception vs endorsement) to avoid duplicates
Auto-linking of policy docs to claim at FNOL
Automated exception-handling triggers if docs cannot be found.",Gen AI,0,0,0,0,0,0,0,0,0,0,Evaluate,2025-09-03 17:12:33.841283,0,0,,"{""Claims Management""}","{""Claims Triage & Assessment"",""Investigation & Evidence Gathering"",""Claims Adjudication""}",,,,false,false,reference,,,internal,,,,,,"Policy documents (especially inception versions) are not automatically attached in Guidewire. Claims handlers must manually chase underwriters or brokers for missing files, delaying claim setup and coverage validation. This creates inefficiency, poor customer/broker experience, and frustration across claims and underwriting teams.",Andy Brown (Commercial Property Loss Adjuster; detailed frontline pain).,Backlog,,High – raised as major frustration by Andy Brown.,,"Faster claim setup and validation
Improved accuracy in applying correct coverage
Reduced manual chasing by claims and underwriters
Enhanced customer and broker experience
Better compliance and audit trail.",,,,"{""Guidewire Claims Center"",UKRIS,""legacy PAS"",""shared drives/document repositories.""}",,,3,3,,,,,,,,,,,,,,,,false,false,false,false,,,,,false,,,HEX_INT_005,false,,XS,9281,18563,2,4,1-2,,2026-01-29 07:56:31.981,,"{""derived"": true, ""tracking"": {""entries"": []}, ""derivedAt"": ""2026-02-03T14:22:50.217Z"", ""kpiValues"": {}, ""investment"": null, ""lastUpdated"": ""2026-02-03T14:22:50.217Z"", ""kpiEstimates"": [], ""selectedKpis"": [], ""trackingEnabled"": false, ""validationStatus"": ""unvalidated"", ""calculatedMetrics"": {""currentRoi"": null, ""lastCalculated"": null, ""cumulativeValueGbp"": null, ""projectedBreakevenMonth"": null}, ""totalEstimatedValue"": {""max"": 469800, ""min"": 0, ""currency"": ""GBP""}, ""confidenceAdjustment"": null}","{""derived"": true, ""staffing"": {""current"": {""client"": {""total"": 0.6, ""byRole"": {}}, ""vendor"": {""total"": 1.4, ""byRole"": {}}}, ""planned"": {""month6"": {""client"": 0.9, ""vendor"": 1.1}, ""month12"": {""client"": 1.3, ""vendor"": 0.7}, ""month18"": {""client"": 1.6, ""vendor"": 0.5}}}, ""training"": {""plannedCertifications"": [], ""completedCertifications"": [], ""totalTrainingHoursPlanned"": 40, ""totalTrainingHoursCompleted"": 0}, ""derivedAt"": ""2026-01-29T08:58:21.242Z"", ""derivedFrom"": {""quadrant"": ""Experimental"", ""tomPhase"": ""assessment"", ""tShirtSize"": ""XS"", ""operatingModel"": ""coe_led""}, ""roleEvolution"": [], ""knowledgeTransfer"": {""milestoneNotes"": {}, ""completedMilestones"": [], ""inProgressMilestones"": [""kt_001""]}, ""independenceHistory"": [{""date"": ""2026-01"", ""note"": ""Auto-derived from use case attributes"", ""percentage"": 10}], ""selfSufficiencyTarget"": {""targetDate"": ""2027-07-23"", ""advisoryRetainer"": ""false"", ""targetIndependence"": 90}, ""independencePercentage"": 10}",assessment,unique,,,,,pending,,,pending,,,,pending,,,,,pending,,,,,,,ff9f60ad-18f3-44f6-a2a4-78d22a2201a9,,low,false,,,
f95048a6-b50e-4cb6-a931-0455b1e1ebe0,Premium debiting in UKRIS,"RPA/AI to automate debit posting immediately upon broker approval
Automated reconciliation with broker approval data (amount/date/reference checks)
Exception handling logic to flag mismatches for manual review.",Process Automation,0,0,0,0,0,0,0,0,0,0,Evaluate,2025-09-03 17:12:33.265827,0,0,{},"{""Underwriting & Triage""}",{},{},{},,false,false,reference,,,internal,,,,,,"Premium debiting in UKRIS is a manual process performed after broker approval. Re-keying errors, mismatched amounts, and delayed postings create frequent disputes, account complaints, and additional work for finance/ops. Underwriters are distracted from underwriting to chase corrections. Audit trail is inconsistent.",Craig Brownrigg (UK – flagged automation ask); Rachel (UK – highlighted accuracy/capability issues); underwriters acknowledged distraction from underwriting.,Backlog,"UKRIS PAS, broker approval workflows (email/manual), billing/finance systems (SAP/Oracle).",Medium–High – recurring issue with measurable impact.,"Improved billing accuracy; reduced disputes and complaints.
Faster, reliable posting builds broker/client trust.
Ops/finance efficiency gains; fewer write-offs.
Stronger audit/compliance traceability.","Improved billing accuracy; reduced disputes and complaints
Faster, reliable posting builds broker/client trust
Ops/finance efficiency gains; fewer write-offs
Stronger audit/compliance traceability.",,,{},"{""UKRIS PAS"",""broker approval workflows (email/manual)"",""billing/finance systems (SAP/Oracle).""}","{""Underwriting Teams"",IT/Technology}",medium,3,3,,,,,,,,,,,,,,,,false,false,false,true,,,,,false,,,HEX_INT_006,false,{},XS,9281,18563,2,4,1-2,,2026-01-29 07:56:32.016,,"{""derived"": true, ""tracking"": {""entries"": []}, ""derivedAt"": ""2026-02-03T14:22:50.302Z"", ""kpiValues"": {}, ""investment"": null, ""lastUpdated"": ""2026-02-03T14:22:50.302Z"", ""kpiEstimates"": [], ""selectedKpis"": [], ""trackingEnabled"": false, ""validationStatus"": ""unvalidated"", ""calculatedMetrics"": {""currentRoi"": null, ""lastCalculated"": null, ""cumulativeValueGbp"": null, ""projectedBreakevenMonth"": null}, ""totalEstimatedValue"": {""max"": 448200, ""min"": 0, ""currency"": ""GBP""}, ""confidenceAdjustment"": null}","{""derived"": true, ""staffing"": {""current"": {""client"": {""total"": 0.6, ""byRole"": {}}, ""vendor"": {""total"": 1.4, ""byRole"": {}}}, ""planned"": {""month6"": {""client"": 0.9, ""vendor"": 1.1}, ""month12"": {""client"": 1.3, ""vendor"": 0.7}, ""month18"": {""client"": 1.6, ""vendor"": 0.5}}}, ""training"": {""plannedCertifications"": [], ""completedCertifications"": [], ""totalTrainingHoursPlanned"": 40, ""totalTrainingHoursCompleted"": 0}, ""derivedAt"": ""2026-01-29T08:58:21.318Z"", ""derivedFrom"": {""quadrant"": ""Experimental"", ""tomPhase"": ""assessment"", ""tShirtSize"": ""XS"", ""operatingModel"": ""coe_led""}, ""roleEvolution"": [], ""knowledgeTransfer"": {""milestoneNotes"": {}, ""completedMilestones"": [], ""inProgressMilestones"": [""kt_001""]}, ""independenceHistory"": [{""date"": ""2026-01"", ""note"": ""Auto-derived from use case attributes"", ""percentage"": 10}], ""selfSufficiencyTarget"": {""targetDate"": ""2027-07-23"", ""advisoryRetainer"": ""false"", ""targetIndependence"": 90}, ""independencePercentage"": 10}",assessment,unique,,,,,pending,,,approved,,,,approved,,,,,approved,,,,,2026-01-20 16:18:10.234,,ff9f60ad-18f3-44f6-a2a4-78d22a2201a9,,low,false,,,
458313d4-0897-4c66-8d16-87b909e3be11,Predictive Risk Monitoring (IoT + AI),"Deploy IoT sensors (fire, flood, water leak, structural health)
AI models to analyze sensor data and predict risk events (e.g., overheating, water damage, structural instability)
Automated alerting to clients and underwriters
Integration with underwriting systems for dynamic pricing and with claims systems for early FNOL triggers.",IoT + AI,2,3,3,2,1,5,5,1,2.4,3.2,Watchlist,2025-09-03 17:12:33.249586,2,4,"{""Commercial Property""}","{""Claims Management""}","{""Claims Triage & Assessment"",""Investigation & Evidence Gathering"",""Claims Adjudication""}","{""Commercial Lines""}",{},,true,true,active,,,internal,,,,,,"Claims prevention today is largely reactive — insurers only act once a loss event occurs (fire, flood, structural failure). There is no systematic predictive monitoring of insured assets. This leads to higher frequency/severity of claims, higher costs, and limited ability to support clients with proactive advice.",Head of Commercial Property,Backlog,"IoT sensor platforms, PowerUp analytics layer, underwriting PAS (UKRIS/DxC PAS), Claims Center, client-facing dashboards.",Medium–High – described by Andrew Hall as more of a longer-term bet but strategically important.,"Reduced claims frequency/severity through early detection and intervention.
Stronger client relationships via proactive risk advice.
Underwriters benefit from live risk monitoring for more accurate pricing.
Operations/claims savings through fewer catastrophic losses.
Portfolio-level insights for risk management and reinsurance optimization.","Reduced claims frequency/severity through early detection and intervention
Stronger client relationships via proactive risk advice
Underwriters benefit from live risk monitoring for more accurate pricing
Operations/claims savings through fewer catastrophic losses
Portfolio-level insights for risk management and reinsurance optimization.",,,{},"{""IoT sensor platforms"",""PowerUp analytics layer"",""underwriting PAS (UKRIS/DxC PAS)"",""Claims Center"",""client-facing dashboards."",""Claims Database""}","{""Claims Teams"",IT/Technology}",low,3,3,,,,,,,,,,,,Underwriting,,,,false,true,true,true,,,,,false,,,HEX_INT_007,false,{},S,37125,74250,4,8,2-4,,2026-02-03 18:09:29.527,,"{""investment"": {""currency"": ""GBP"", ""initialInvestment"": 900000, ""ongoingMonthlyCost"": 30000}, ""selectedKpis"": [""ops_005"", ""fin_004""], ""valueConfidence"": {""rationale"": ""IoT sensor deployment requires significant capital and time to value"", ""lastValidatedAt"": null, ""lastValidatedBy"": null, ""adjustedValueGbp"": null, ""validationStatus"": ""unvalidated"", ""conservativeFactor"": 0.4}, ""calculatedMetrics"": {""currentRoi"": -81.35714285714286, ""lastCalculated"": ""2026-02-03T18:13:46.695Z"", ""cumulativeValueGbp"": 234900, ""projectedBreakevenMonth"": ""2031-07""}}","{""staffing"": {""current"": {""client"": {""total"": 1, ""byRole"": {""Property Underwriter"": 1}}, ""vendor"": {""total"": 7, ""byRole"": {""PM"": 1, ""Risk Engineer"": 1, ""Data Scientist"": 2, ""IoT Specialist"": 3}}}, ""planned"": {""month6"": {""client"": 2, ""vendor"": 6}, ""month12"": {""client"": 3, ""vendor"": 5}, ""month18"": {""client"": 4, ""vendor"": 4}}}, ""training"": {""plannedCertifications"": [""IoT Sensor Integration"", ""Predictive Maintenance Analytics""], ""completedCertifications"": [], ""totalTrainingHoursPlanned"": 180, ""totalTrainingHoursCompleted"": 0}, ""knowledgeTransfer"": {""milestoneNotes"": {}, ""completedMilestones"": [], ""inProgressMilestones"": []}, ""selfSufficiencyTarget"": {""targetDate"": ""2028-03"", ""advisoryRetainer"": ""true"", ""targetIndependence"": 70}, ""independencePercentage"": 5}",assessment,unique,,,,,complete,,,pending,,,,pending,,,,,pending,,,,,,,ff9f60ad-18f3-44f6-a2a4-78d22a2201a9,,low,false,Risk Engineering,,business_led
467850cb-198e-40d5-93c7-5b45a4626250,Email/document triage for Instabase mailbox,"AI-powered email/document triage to classify messages (new business, MTA, inquiry)
Auto-route to the correct Instabase parser/workflow
Integrate with Instabase APIs and provide confidence scores
Exceptions flagged to underwriter for validation.",Gen AI,0,0,0,0,0,0,0,0,0,0,Evaluate,2025-09-03 17:12:33.246818,0,0,{},"{""Underwriting & Triage""}",{},{},{},,false,false,reference,,,internal,,,,,,"Broker submissions (new business, MTAs, inquiries) arrive by email. Underwriters must manually forward relevant emails/slips to Instabase mailboxes. This manual triage causes delays, errors, and inconsistencies. High dependency on individual underwriters creates scalability and reliability risks.",Prompted by Hexaware suggestion; confirmed by Andrew Hall (CUO – highlighted current mailbox burden and constraints).,Backlog,"Outlook inboxes, Instabase mailboxes, Instabase APIs, UW Workbench (Power UP)",High – positioned as quick win with strong ROI.,"Faster triage and ingestion.
Scalable process → supports growth without proportional headcount.
Reduced misrouting/missed submissions.
Improved broker responsiveness and satisfaction.","Faster triage and ingestion
Scalable process → supports growth without proportional headcount
Reduced misrouting/missed submissions
Improved broker responsiveness and satisfaction.",,,"{""Natural Language Processing""}","{""Outlook inboxes"",""Instabase mailboxes"",""Instabase APIs."",""Policy Database"",""Historical Data""}","{""Underwriting Teams"",IT/Technology}",medium,3,3,,,,,,,,,,,,,,,,true,false,false,true,,,,,false,,,HEX_INT_008,false,{},XS,9281,18563,2,4,1-2,,2026-01-29 07:56:32.042,,"{""derived"": true, ""tracking"": {""entries"": []}, ""derivedAt"": ""2026-02-03T14:22:50.330Z"", ""kpiValues"": {}, ""investment"": null, ""lastUpdated"": ""2026-02-03T14:22:50.330Z"", ""kpiEstimates"": [], ""selectedKpis"": [], ""trackingEnabled"": false, ""validationStatus"": ""unvalidated"", ""calculatedMetrics"": {""currentRoi"": null, ""lastCalculated"": null, ""cumulativeValueGbp"": null, ""projectedBreakevenMonth"": null}, ""totalEstimatedValue"": {""max"": 448200, ""min"": 0, ""currency"": ""GBP""}, ""confidenceAdjustment"": null}","{""derived"": true, ""staffing"": {""current"": {""client"": {""total"": 0.6, ""byRole"": {}}, ""vendor"": {""total"": 1.4, ""byRole"": {}}}, ""planned"": {""month6"": {""client"": 0.9, ""vendor"": 1.1}, ""month12"": {""client"": 1.3, ""vendor"": 0.7}, ""month18"": {""client"": 1.6, ""vendor"": 0.5}}}, ""training"": {""plannedCertifications"": [], ""completedCertifications"": [], ""totalTrainingHoursPlanned"": 40, ""totalTrainingHoursCompleted"": 0}, ""derivedAt"": ""2026-01-29T08:58:21.342Z"", ""derivedFrom"": {""quadrant"": ""Experimental"", ""tomPhase"": ""assessment"", ""tShirtSize"": ""XS"", ""operatingModel"": ""coe_led""}, ""roleEvolution"": [], ""knowledgeTransfer"": {""milestoneNotes"": {}, ""completedMilestones"": [], ""inProgressMilestones"": [""kt_001""]}, ""independenceHistory"": [{""date"": ""2026-01"", ""note"": ""Auto-derived from use case attributes"", ""percentage"": 10}], ""selfSufficiencyTarget"": {""targetDate"": ""2027-07-23"", ""advisoryRetainer"": ""false"", ""targetIndependence"": 90}, ""independencePercentage"": 10}",assessment,unique,,,,,pending,,,approved,,,,approved,,,,,approved,,,,,2026-01-20 16:18:10.234,,ff9f60ad-18f3-44f6-a2a4-78d22a2201a9,,low,false,,,
b3164f02-7dcc-4a89-a25f-e6a7f0ad067a, Multiple Underwriting Systems (Fragmented Policy Access for Claims Handlers),"Unified data/API layer connecting legacy PAS, UKRIS, Instabase, and Guidewire
AI-enabled semantic search across structured/unstructured data
Automated reconciliation to present a single, authoritative policy view
Surface results via PowerUp dashboards or Guidewire plug-in.",Process,0,0,0,0,0,0,0,0,0,0,Evaluate,2025-09-03 17:12:33.246042,0,0,,{General},"{""Issue Resolution""}",,,,false,false,reference,,,internal,,,,,,"Policy data is fragmented across multiple underwriting systems — UKRIS, Instabase, legacy PAS, and delegated scheme portals. Claims handlers and underwriters must search across multiple sources, reconcile mismatched records, and risk acting on incomplete or inconsistent information. This slows claims handling, creates errors, and frustrates brokers.",Andy Brown,Backlog,,High – described as a structural challenge (not just an ops fix).,,"Single policy view reduces delays and errors
Faster coverage validation and claims handling
Underwriters access complete history for better renewal/pricing decisions
Improved broker and customer experience
Strategic enabler for PAS modernization roadmap.",,,,"{""UKRIS PAS"",Instabase,""legacy PAS/delegated systems"",Guidewire,""PowerUp dashboards.""}",,,3,3,,,,,,,,,,,,,,,,false,false,false,false,,,,,false,,,HEX_INT_009,false,,XS,9281,18563,2,4,1-2,,2026-01-29 07:56:32.054,,"{""derived"": true, ""tracking"": {""entries"": []}, ""derivedAt"": ""2026-02-03T14:22:50.343Z"", ""kpiValues"": {}, ""investment"": null, ""lastUpdated"": ""2026-02-03T14:22:50.343Z"", ""kpiEstimates"": [], ""selectedKpis"": [], ""trackingEnabled"": false, ""validationStatus"": ""unvalidated"", ""calculatedMetrics"": {""currentRoi"": null, ""lastCalculated"": null, ""cumulativeValueGbp"": null, ""projectedBreakevenMonth"": null}, ""totalEstimatedValue"": {""max"": 367200, ""min"": 0, ""currency"": ""GBP""}, ""confidenceAdjustment"": null}","{""derived"": true, ""staffing"": {""current"": {""client"": {""total"": 0.6, ""byRole"": {}}, ""vendor"": {""total"": 1.4, ""byRole"": {}}}, ""planned"": {""month6"": {""client"": 0.9, ""vendor"": 1.1}, ""month12"": {""client"": 1.3, ""vendor"": 0.7}, ""month18"": {""client"": 1.6, ""vendor"": 0.5}}}, ""training"": {""plannedCertifications"": [], ""completedCertifications"": [], ""totalTrainingHoursPlanned"": 40, ""totalTrainingHoursCompleted"": 0}, ""derivedAt"": ""2026-01-29T08:58:21.352Z"", ""derivedFrom"": {""quadrant"": ""Experimental"", ""tomPhase"": ""assessment"", ""tShirtSize"": ""XS"", ""operatingModel"": ""coe_led""}, ""roleEvolution"": [], ""knowledgeTransfer"": {""milestoneNotes"": {}, ""completedMilestones"": [], ""inProgressMilestones"": [""kt_001""]}, ""independenceHistory"": [{""date"": ""2026-01"", ""note"": ""Auto-derived from use case attributes"", ""percentage"": 10}], ""selfSufficiencyTarget"": {""targetDate"": ""2027-07-23"", ""advisoryRetainer"": ""false"", ""targetIndependence"": 90}, ""independencePercentage"": 10}",assessment,unique,,,,,pending,,,pending,,,,pending,,,,,pending,,,,,,,ff9f60ad-18f3-44f6-a2a4-78d22a2201a9,,low,false,,,
dd2c0565-9579-4921-9617-e51c4f063c87,Risk Consulting Surveys,"Drone-based aerial imaging analyzed with computer vision for hazard detection
Wearables for surveyors to capture real-time environmental/safety data
AI-driven hazard classification and auto-ingestion of findings into survey reports
Integration of outputs into underwriting workflows and client-facing risk portals.",IoT + AI,0,0,0,0,0,0,0,0,0,0,Evaluate,2025-09-03 17:12:32.080905,0,0,,"{""Risk Consulting""}","{""Risk Evaluation"",""Compliance Verification"",""Advisory Services""}",,,,false,false,reference,,,internal,,,,,,"Risk Consulting surveys are performed manually by site engineers, relying on notes and photos. Hazards (e.g., fire exits, roof defects, flood risks) are often missed, reports are inconsistent, and turnaround times are slow. Underwriters and clients depend on these reports, leading to downstream pricing and prevention challenges when data is incomplete. Surveyors also face safety risks in hazardous environments.","Andrew Hall (referenced Andy Jones in Risk Consulting, and external examples of drones/wearables in industry).",Backlog,"Risk Consulting survey reporting platform, client-facing risk portals, underwriting risk assessment systems, data feeds into PAS/PowerUp.","Medium (innovation-oriented currently, but strategic for prevention and underwriting accuracy).","Improved hazard detection accuracy and survey consistency.
Enhanced underwriting quality through richer risk data.
Proactive claims prevention via better client risk advice.
Improved surveyor safety (reduced need for risky manual inspections).
Faster turnaround times and standardized reporting.","Improved hazard detection accuracy and survey consistency
Enhanced underwriting quality through richer risk data
Proactive claims prevention via better client risk advice
Improved surveyor safety (reduced need for risky manual inspections)
Faster turnaround times and standardized reporting.",,,,"{""Risk Consulting survey reporting platform"",""client-facing risk portals"",""underwriting risk assessment systems"",""data feeds into PAS/PowerUp."",""Claims Database""}","{""Claims Teams"",IT/Technology}",low,3,3,,,,,,,,,,,,,,,,false,false,false,true,,,,,false,,,HEX_INT_010,false,,XS,9281,18563,2,4,1-2,,2026-01-29 07:56:32.19,,"{""derived"": true, ""tracking"": {""entries"": []}, ""derivedAt"": ""2026-02-03T14:22:50.445Z"", ""kpiValues"": {}, ""investment"": null, ""lastUpdated"": ""2026-02-03T14:22:50.445Z"", ""kpiEstimates"": [], ""selectedKpis"": [], ""trackingEnabled"": false, ""validationStatus"": ""unvalidated"", ""calculatedMetrics"": {""currentRoi"": null, ""lastCalculated"": null, ""cumulativeValueGbp"": null, ""projectedBreakevenMonth"": null}, ""totalEstimatedValue"": {""max"": 367200, ""min"": 0, ""currency"": ""GBP""}, ""confidenceAdjustment"": null}","{""derived"": true, ""staffing"": {""current"": {""client"": {""total"": 0.6, ""byRole"": {}}, ""vendor"": {""total"": 1.4, ""byRole"": {}}}, ""planned"": {""month6"": {""client"": 0.9, ""vendor"": 1.1}, ""month12"": {""client"": 1.3, ""vendor"": 0.7}, ""month18"": {""client"": 1.6, ""vendor"": 0.5}}}, ""training"": {""plannedCertifications"": [], ""completedCertifications"": [], ""totalTrainingHoursPlanned"": 40, ""totalTrainingHoursCompleted"": 0}, ""derivedAt"": ""2026-01-29T08:58:21.442Z"", ""derivedFrom"": {""quadrant"": ""Experimental"", ""tomPhase"": ""assessment"", ""tShirtSize"": ""XS"", ""operatingModel"": ""coe_led""}, ""roleEvolution"": [], ""knowledgeTransfer"": {""milestoneNotes"": {}, ""completedMilestones"": [], ""inProgressMilestones"": [""kt_001""]}, ""independenceHistory"": [{""date"": ""2026-01"", ""note"": ""Auto-derived from use case attributes"", ""percentage"": 10}], ""selfSufficiencyTarget"": {""targetDate"": ""2027-07-23"", ""advisoryRetainer"": ""false"", ""targetIndependence"": 90}, ""independencePercentage"": 10}",assessment,unique,,,,,pending,,,pending,,,,pending,,,,,pending,,,,,,,ff9f60ad-18f3-44f6-a2a4-78d22a2201a9,,low,false,,,
6a9a3653-4903-4de6-b3d0-6ed92845cdf9,"Data Silos Across PAS, Underwriting, Claims, Legacy Systems","Develop unified enterprise data platfor(lakehouse) integrating PAS, claims, and doc systems
AI-driven data cleansing, enrichment, and reconciliation
Analytics layer to enable ML and GenAI across value chain
Unified APIs to feed downstream systems (PowerUp dashboards, underwriting apps, claims platforms).",Analytics & Insights,0,0,0,0,0,0,0,0,0,0,Evaluate,2025-09-03 17:12:31.506513,0,0,,"{""Process Integration""}","{""Service Delivery""}",,,,false,false,reference,,,internal,,,,,,"RSA’s data is fragmented across legacy PAS (UKRIS), AIS (doc system), Guidewire Claims, Instabase, and other silos. This prevents underwriters, claims, and executives from accessing a unified view of clients, policies, and claims. Data inconsistencies block AI/ML adoption and increase compliance/reporting risk.",Andrew Hall (CUO; highlighted fragmented systems and referenced India-led data platform program).,Backlog,,described as strategic enabler by Andrew Hall; being led by India data/analytics team.,,"Single source of truth for all insurance data
Faster, more confident underwriting and claims decisions
Portfolio-level analytics for pricing, reserving, and risk appetite
Operational savings from reduced reconciliation
Enables regulatory compliance (IFRS 17, Solvency II)
Strategic foundation for nearly every other AI/automation use case.",,,,"{PowerUp,""UKRIS PAS"",AIS,Instabase,""Guidewire Claims Center"",""future DxC PAS"",""broker feeds.""}",,,3,3,,,,,,,,,,,,,,,,false,false,false,false,,,,,false,,,HEX_INT_011,false,,XS,9281,18563,2,4,1-2,,2026-01-29 07:56:32.235,,"{""derived"": true, ""tracking"": {""entries"": []}, ""derivedAt"": ""2026-02-03T14:22:50.511Z"", ""kpiValues"": {}, ""investment"": null, ""lastUpdated"": ""2026-02-03T14:22:50.511Z"", ""kpiEstimates"": [], ""selectedKpis"": [], ""trackingEnabled"": false, ""validationStatus"": ""unvalidated"", ""calculatedMetrics"": {""currentRoi"": null, ""lastCalculated"": null, ""cumulativeValueGbp"": null, ""projectedBreakevenMonth"": null}, ""totalEstimatedValue"": {""max"": 367200, ""min"": 0, ""currency"": ""GBP""}, ""confidenceAdjustment"": null}","{""derived"": true, ""staffing"": {""current"": {""client"": {""total"": 0.6, ""byRole"": {}}, ""vendor"": {""total"": 1.4, ""byRole"": {}}}, ""planned"": {""month6"": {""client"": 0.9, ""vendor"": 1.1}, ""month12"": {""client"": 1.3, ""vendor"": 0.7}, ""month18"": {""client"": 1.6, ""vendor"": 0.5}}}, ""training"": {""plannedCertifications"": [], ""completedCertifications"": [], ""totalTrainingHoursPlanned"": 40, ""totalTrainingHoursCompleted"": 0}, ""derivedAt"": ""2026-01-29T08:58:21.488Z"", ""derivedFrom"": {""quadrant"": ""Experimental"", ""tomPhase"": ""assessment"", ""tShirtSize"": ""XS"", ""operatingModel"": ""coe_led""}, ""roleEvolution"": [], ""knowledgeTransfer"": {""milestoneNotes"": {}, ""completedMilestones"": [], ""inProgressMilestones"": [""kt_001""]}, ""independenceHistory"": [{""date"": ""2026-01"", ""note"": ""Auto-derived from use case attributes"", ""percentage"": 10}], ""selfSufficiencyTarget"": {""targetDate"": ""2027-07-23"", ""advisoryRetainer"": ""false"", ""targetIndependence"": 90}, ""independencePercentage"": 10}",assessment,unique,,,,,pending,,,pending,,,,pending,,,,,pending,,,,,,,ff9f60ad-18f3-44f6-a2a4-78d22a2201a9,,low,false,,,
b55af410-f7ee-4bb4-996d-54bc60cdad93,"AI auto-flagging of risks (sanctions, watchlists, news enrichment)","An automated risk-enrichment service that, post-ingestion, queries public news/press sources, corporate registries, and industry feeds to auto-flag relevant red flags (e.g., incidents, adverse filings, regulatory actions) with confidence scoring and citations. Summaries are embedded in PowerUp (or equivalent workbench) with links to sources. (Note: Sanctions/watchlists enforcement remains a dedicated compliance control in UC9, but high-level sanction flags can be surfaced in the same panel for completeness.)",Agentic AI,0,0,0,0,0,0,0,0,0,0,Evaluate,2025-09-03 17:12:30.939151,0,0,{},"{""Underwriting & Triage""}",{},{},{},,false,false,reference,,,internal,,,,,,"After Instabase converts broker slips to structured data, underwriters still perform manual external research (news, company events, asset incidents) to uncover red flags. This is time-consuming, inconsistent across individuals, and risks missed adverse signals.",Andy Hall; endorsed by underwriters (manual burden and examples like marine vessel news checks).,Backlog,"Instabase (trigger), PowerUp (display), external data/APIs for news/press/registry feeds; optional touchpoints S360, Copilot 365 (current ad-hoc tool).",High — repeatedly positioned as a key capability beyond basic ingestion.,"Improved decision quality (better risk selection/pricing).
Time savings vs. manual research; scalable as submission volumes grow.
Consistency in external checks; fewer missed issues.
Auditability via cited sources supporting underwriting rationale.","Improved decision quality (better risk selection/pricing)
Time savings vs. manual research; scalable as submission volumes grow
Consistency in external checks; fewer missed issues
Auditability via cited sources supporting underwriting rationale.",,,{},"{""Instabase (trigger), PowerUp (display), external data/APIs for news/press/registry feeds"",""optional touchpoints S360, Copilot 365 (current ad-hoc tool).""}",{},medium,3,3,,,,,,,,,,,,,,,,false,false,false,true,,,,,false,,,HEX_INT_012,false,{},XS,9281,18563,2,4,1-2,,2026-01-29 07:56:32.328,,"{""derived"": true, ""tracking"": {""entries"": []}, ""derivedAt"": ""2026-02-03T14:22:50.606Z"", ""kpiValues"": {}, ""investment"": null, ""lastUpdated"": ""2026-02-03T14:22:50.606Z"", ""kpiEstimates"": [], ""selectedKpis"": [], ""trackingEnabled"": false, ""validationStatus"": ""unvalidated"", ""calculatedMetrics"": {""currentRoi"": null, ""lastCalculated"": null, ""cumulativeValueGbp"": null, ""projectedBreakevenMonth"": null}, ""totalEstimatedValue"": {""max"": 448200, ""min"": 0, ""currency"": ""GBP""}, ""confidenceAdjustment"": null}","{""derived"": true, ""staffing"": {""current"": {""client"": {""total"": 0.6, ""byRole"": {}}, ""vendor"": {""total"": 1.4, ""byRole"": {}}}, ""planned"": {""month6"": {""client"": 0.9, ""vendor"": 1.1}, ""month12"": {""client"": 1.3, ""vendor"": 0.7}, ""month18"": {""client"": 1.6, ""vendor"": 0.5}}}, ""training"": {""plannedCertifications"": [], ""completedCertifications"": [], ""totalTrainingHoursPlanned"": 40, ""totalTrainingHoursCompleted"": 0}, ""derivedAt"": ""2026-01-29T08:58:21.575Z"", ""derivedFrom"": {""quadrant"": ""Experimental"", ""tomPhase"": ""assessment"", ""tShirtSize"": ""XS"", ""operatingModel"": ""coe_led""}, ""roleEvolution"": [], ""knowledgeTransfer"": {""milestoneNotes"": {}, ""completedMilestones"": [], ""inProgressMilestones"": [""kt_001""]}, ""independenceHistory"": [{""date"": ""2026-01"", ""note"": ""Auto-derived from use case attributes"", ""percentage"": 10}], ""selfSufficiencyTarget"": {""targetDate"": ""2027-07-23"", ""advisoryRetainer"": ""false"", ""targetIndependence"": 90}, ""independencePercentage"": 10}",assessment,unique,,,,,pending,,,approved,,,,approved,,,,,approved,,,,,2026-01-20 16:18:10.234,,ff9f60ad-18f3-44f6-a2a4-78d22a2201a9,,low,false,,,
a54f1c85-bf1d-4510-8e35-c58622ca876b,Automated sanctions & high-risk country scanning,Automated sanctions/watchlist and high-risk geography scanning triggered from Instabase ingestion; integrated into PowerUp dashboards; compliance escalation path; audit trail maintained.,Agentic AI,4,4,4,4,2,4,3,3,4,2.8,Quick Win,2025-09-03 17:12:30.940488,4,2,"{""Commercial Lines"",""Personal Lines""}","{""Underwriting & Triage""}",{},"{""All Segments""}",{},,true,true,active,,,internal,,,,,,Manual sanctions and high-risk country checks by underwriters are inconsistent and time-consuming. No system-embedded workflow → regulatory exposure. Copilot 365 is piloted but separate.,"Andrew Hall (explicitly), with underwriters confirming manual pain.",Backlog,"Instabase, PowerUp, sanctions/watchlist APIs (OFAC, HMT, EU, commercial providers), compliance systems.",High – compliance-critical.,"Compliance assurance (avoid fines, reputational harm); efficiency (remove manual burden); consistency (every case checked); better broker response.","Compliance assurance (avoid fines, reputational harm); efficiency (remove manual burden); consistency (every case checked); better broker response.",,,{},"{Instabase,PowerUp,""sanctions/watchlist APIs (OFAC"",HMT,EU,""commercial providers)"",""compliance systems.""}",{},medium,3,3,,,,,,,,,,,,Underwriting,,,,true,false,false,true,,,,,false,,,HEX_INT_013,false,{},M,111375,222750,8,16,3-6,,2026-02-03 18:28:26.803,,"{""derived"": true, ""tracking"": {""entries"": []}, ""derivedAt"": ""2026-02-03T14:22:50.575Z"", ""kpiValues"": {}, ""investment"": {""currency"": ""GBP"", ""initialInvestment"": 0, ""ongoingMonthlyCost"": 0}, ""lastUpdated"": ""2026-02-03T14:22:50.575Z"", ""kpiEstimates"": [], ""selectedKpis"": [], ""trackingEnabled"": false, ""valueConfidence"": {""rationale"": null, ""lastValidatedAt"": null, ""lastValidatedBy"": null, ""adjustedValueGbp"": null, ""validationStatus"": ""unvalidated"", ""conservativeFactor"": 1}, ""validationStatus"": ""unvalidated"", ""calculatedMetrics"": {""currentRoi"": null, ""lastCalculated"": null, ""cumulativeValueGbp"": null, ""projectedBreakevenMonth"": null}, ""totalEstimatedValue"": {""max"": 448200, ""min"": 0, ""currency"": ""GBP""}, ""confidenceAdjustment"": null}","{""derived"": true, ""staffing"": {""current"": {""client"": {""total"": 1.5, ""byRole"": {}}, ""vendor"": {""total"": 3.5, ""byRole"": {}}}, ""planned"": {""month6"": {""client"": 2.7, ""vendor"": 2.3}, ""month12"": {""client"": 4.5, ""vendor"": 0.5}, ""month18"": {""client"": 5.7, ""vendor"": 0.5}}}, ""training"": {""plannedCertifications"": [], ""completedCertifications"": [], ""totalTrainingHoursPlanned"": 100, ""totalTrainingHoursCompleted"": 0}, ""derivedAt"": ""2026-02-03T18:39:01.120Z"", ""derivedFrom"": {""quadrant"": ""Quick Win"", ""tomPhase"": ""assessment"", ""tShirtSize"": ""M"", ""operatingModel"": ""coe_led""}, ""roleEvolution"": [], ""knowledgeTransfer"": {""milestoneNotes"": {}, ""completedMilestones"": [], ""inProgressMilestones"": [""kt_001""]}, ""independenceHistory"": [{""date"": ""2026-02"", ""note"": ""Auto-derived from use case attributes"", ""percentage"": 10}], ""selfSufficiencyTarget"": {""targetDate"": ""2026-12-30"", ""advisoryRetainer"": ""false"", ""targetIndependence"": 90}, ""independencePercentage"": 10}",assessment,unique,,,,,complete,,,approved,,,,approved,,,,,approved,,,,,2026-01-20 16:18:10.234,,ff9f60ad-18f3-44f6-a2a4-78d22a2201a9,,low,false,Andrew Hall,,joint
04fdda06-54fe-411f-a898-92d6baeecddb,Supplier Appointments via Claims Connect (Dual Navigation),"Embedded supplier orchestration within Guidewire, integrated with Claims Connect via APIs/queues
AI-based supplier recommendation at FNOL (rank by location, capacity, SLA performance, specialization)
Event-driven synchronization: supplier instructions, appointments, updates, and documents flow automatically back to the claim record
NLP auto-notes: summarize supplier updates into structured Guidewire notes/tasks
Exception handling: flag delays/SLA breaches; trigger escalation or reallocation.",Process Automation,0,0,0,0,0,0,0,0,0,0,Evaluate,2025-09-03 17:12:30.939933,0,0,,"{""Claims Management""}","{""Claims Triage & Assessment"",""Investigation & Evidence Gathering"",""Claims Adjudication""}",,,,false,false,reference,,,internal,,,,,,"Claims handlers must leave Guidewire to instruct and manage suppliers in Claims Connect, then manually re-enter updates into Guidewire. This dual navigation causes delays, rekeying errors, inconsistent status, and weak SLA visibility. Customers and brokers wait longer for supplier contact and resolution.",Andy Brown (frontline claims perspective on dual navigation and status lag).,Backlog,,day-to-day friction with tangible gains; also an enabler for finance reconciliation and field efficiency.,,"Faster supplier instruction and earlier on-site action → reduced cycle times
Single source of truth in Guidewire; fewer rekeying errors and status gaps
Improved supplier performance management (live SLAs, automatic alerts)
Better cost control and downstream invoice alignment 
Enhanced customer/broker experience with timely, consistent updates.",,,,"{""Guidewire Claims Center (primary UI/record)"",""Claims Connect (supplier network)"",""integration middleware/queues"",""document repository (for auto-ingested supplier reports/photos).""}",,,3,3,,,,,,,,,,,,,,,,false,false,false,false,,,,,false,,,HEX_INT_014,false,,XS,9281,18563,2,4,1-2,,2026-01-29 07:56:32.312,,"{""derived"": true, ""tracking"": {""entries"": []}, ""derivedAt"": ""2026-02-03T14:22:50.589Z"", ""kpiValues"": {}, ""investment"": null, ""lastUpdated"": ""2026-02-03T14:22:50.589Z"", ""kpiEstimates"": [], ""selectedKpis"": [], ""trackingEnabled"": false, ""validationStatus"": ""unvalidated"", ""calculatedMetrics"": {""currentRoi"": null, ""lastCalculated"": null, ""cumulativeValueGbp"": null, ""projectedBreakevenMonth"": null}, ""totalEstimatedValue"": {""max"": 469800, ""min"": 0, ""currency"": ""GBP""}, ""confidenceAdjustment"": null}","{""derived"": true, ""staffing"": {""current"": {""client"": {""total"": 0.6, ""byRole"": {}}, ""vendor"": {""total"": 1.4, ""byRole"": {}}}, ""planned"": {""month6"": {""client"": 0.9, ""vendor"": 1.1}, ""month12"": {""client"": 1.3, ""vendor"": 0.7}, ""month18"": {""client"": 1.6, ""vendor"": 0.5}}}, ""training"": {""plannedCertifications"": [], ""completedCertifications"": [], ""totalTrainingHoursPlanned"": 40, ""totalTrainingHoursCompleted"": 0}, ""derivedAt"": ""2026-01-29T08:58:21.560Z"", ""derivedFrom"": {""quadrant"": ""Experimental"", ""tomPhase"": ""assessment"", ""tShirtSize"": ""XS"", ""operatingModel"": ""coe_led""}, ""roleEvolution"": [], ""knowledgeTransfer"": {""milestoneNotes"": {}, ""completedMilestones"": [], ""inProgressMilestones"": [""kt_001""]}, ""independenceHistory"": [{""date"": ""2026-01"", ""note"": ""Auto-derived from use case attributes"", ""percentage"": 10}], ""selfSufficiencyTarget"": {""targetDate"": ""2027-07-23"", ""advisoryRetainer"": ""false"", ""targetIndependence"": 90}, ""independencePercentage"": 10}",assessment,unique,,,,,pending,,,pending,,,,pending,,,,,pending,,,,,,,ff9f60ad-18f3-44f6-a2a4-78d22a2201a9,,low,false,,,
3dd30099-a949-4b34-98e0-a6e4d3889563,"Heavy reliance on manual claim notes, narrations, unstructured text → GenAI Insight Extraction","GenAI-driven summarization of claim narratives for handovers and audits
NLP-based auto-coding of claims attributes (LOB, SIC, cause, severity)
Intelligent suggestion engine for “next best action” based on historical case outcomes
Sentiment and red-flag detection to flag dissatisfied customers or risk indicators
Knowledge graph enrichment to connect unstructured notes with related cases/policies.",Gen AI,0,0,0,0,0,0,0,0,0,0,Evaluate,2025-09-03 17:12:30.373488,0,0,{},"{""Claims Management""}",{},{},{},,false,false,reference,,,internal,,,,,,"Claims handlers rely heavily on free-text notes in Guidewire and other systems. Notes are long, inconsistent, and lack structured coding. This leads to delays (handlers re-read histories), inconsistent MI, and missed opportunities for proactive actions (fraud, subrogation, customer risk). Supervisors and auditors also struggle to review cases quickly.","Andy Brown (explicitly raised issue of unstructured notes, coding, and industry-wide challenges).",Backlog,,"High — flagged as a widespread, industry-level challenge with significant operational impact.",,"Faster handovers and decision-making
Improved coding consistency and MI accuracy
More proactive detection of risk, fraud, and subrogation opportunities
Increased handler productivity by reducing time spent reading notes
Improved customer outcomes from faster, more consistent responses.",,,{},"{""Guidewire Claims Center notes"",Instabase,""legacy doc repositories"",""MI/reporting platforms..""}",{},,3,3,,,,,,,,,,,,,,,,false,false,false,false,,,,,false,,,HEX_INT_015,false,{},XS,9281,18563,2,4,1-2,,2026-01-29 07:56:32.398,,"{""derived"": true, ""tracking"": {""entries"": []}, ""derivedAt"": ""2026-02-03T14:22:50.684Z"", ""kpiValues"": {}, ""investment"": null, ""lastUpdated"": ""2026-02-03T14:22:50.684Z"", ""kpiEstimates"": [], ""selectedKpis"": [], ""trackingEnabled"": false, ""validationStatus"": ""unvalidated"", ""calculatedMetrics"": {""currentRoi"": null, ""lastCalculated"": null, ""cumulativeValueGbp"": null, ""projectedBreakevenMonth"": null}, ""totalEstimatedValue"": {""max"": 469800, ""min"": 0, ""currency"": ""GBP""}, ""confidenceAdjustment"": null}","{""derived"": true, ""staffing"": {""current"": {""client"": {""total"": 0.6, ""byRole"": {}}, ""vendor"": {""total"": 1.4, ""byRole"": {}}}, ""planned"": {""month6"": {""client"": 0.9, ""vendor"": 1.1}, ""month12"": {""client"": 1.3, ""vendor"": 0.7}, ""month18"": {""client"": 1.6, ""vendor"": 0.5}}}, ""training"": {""plannedCertifications"": [], ""completedCertifications"": [], ""totalTrainingHoursPlanned"": 40, ""totalTrainingHoursCompleted"": 0}, ""derivedAt"": ""2026-01-29T08:58:21.647Z"", ""derivedFrom"": {""quadrant"": ""Experimental"", ""tomPhase"": ""assessment"", ""tShirtSize"": ""XS"", ""operatingModel"": ""coe_led""}, ""roleEvolution"": [], ""knowledgeTransfer"": {""milestoneNotes"": {}, ""completedMilestones"": [], ""inProgressMilestones"": [""kt_001""]}, ""independenceHistory"": [{""date"": ""2026-01"", ""note"": ""Auto-derived from use case attributes"", ""percentage"": 10}], ""selfSufficiencyTarget"": {""targetDate"": ""2027-07-23"", ""advisoryRetainer"": ""false"", ""targetIndependence"": 90}, ""independencePercentage"": 10}",assessment,unique,,,,,pending,,,approved,,,,approved,,,,,approved,,,,,2026-01-20 16:18:10.234,,ff9f60ad-18f3-44f6-a2a4-78d22a2201a9,,low,false,,,
c29f26f0-0d27-4250-b5b9-95f4822b75a8,Legacy PAS (UKRIS) – Bridging with Bots,"RPA bots to handle repetitive PAS tasks (policy setup, amendments, renewals)
Bots for AIS document handling (auto-populate, attach to policy)
AI-enabled validation to catch mismatches between PAS and doc outputs
Automation built as a “bridge” until DxC PAS rollout.",RPA,0,0,0,0,0,0,0,0,0,0,Evaluate,2025-09-03 17:12:30.377037,0,0,,"{""Underwriting & Triage""}","{""Risk Assessment"",Rating,""Quality Assurance""}",,,,false,false,reference,,,internal,,,,,,"Legacy UKRIS PAS and AIS are outdated, fragmented systems. Underwriters face heavy manual rekeying, doc mismatches, and inefficient workflows. AIS is not integrated, so documents require manual intervention. Modernization (DxC PAS) is in progress but will take years, leaving an immediate productivity and error-risk gap.",Iain Cameron (UK – cited NIG precedent with IS2000 bots); Helen Franklin (UK – raised legacy PAS/AIS pain points).,Backlog,"UKRIS PAS, AIS (doc gen), IS2000 (historical precedent), future DxC PAS integration.","Medium – recognized as a structural pain point, but seen as interim solution until modernization.","Reduced manual effort and error rate in PAS workflows.
Improved underwriter focus on value-add tasks.
Increased ops capacity without additional headcount.
Smooth transition path while DxC PAS is phased in.","Reduced manual effort and error rate in PAS workflows
Improved underwriter focus on value-add tasks
Increased ops capacity without additional headcount
Smooth transition path while DxC PAS is phased in.",,,,"{""UKRIS PAS"",""AIS (doc gen)"",""IS2000 (historical precedent)"",""future DxC PAS integration.""}","{""Underwriting Teams"",IT/Technology}",medium,3,3,,,,,,,,,,,,,,,,false,false,false,false,,,,,false,,,HEX_INT_016,false,,XS,9281,18563,2,4,1-2,,2026-01-29 07:56:32.353,,"{""derived"": true, ""tracking"": {""entries"": []}, ""derivedAt"": ""2026-02-03T14:22:50.640Z"", ""kpiValues"": {}, ""investment"": null, ""lastUpdated"": ""2026-02-03T14:22:50.640Z"", ""kpiEstimates"": [], ""selectedKpis"": [], ""trackingEnabled"": false, ""validationStatus"": ""unvalidated"", ""calculatedMetrics"": {""currentRoi"": null, ""lastCalculated"": null, ""cumulativeValueGbp"": null, ""projectedBreakevenMonth"": null}, ""totalEstimatedValue"": {""max"": 448200, ""min"": 0, ""currency"": ""GBP""}, ""confidenceAdjustment"": null}","{""derived"": true, ""staffing"": {""current"": {""client"": {""total"": 0.6, ""byRole"": {}}, ""vendor"": {""total"": 1.4, ""byRole"": {}}}, ""planned"": {""month6"": {""client"": 0.9, ""vendor"": 1.1}, ""month12"": {""client"": 1.3, ""vendor"": 0.7}, ""month18"": {""client"": 1.6, ""vendor"": 0.5}}}, ""training"": {""plannedCertifications"": [], ""completedCertifications"": [], ""totalTrainingHoursPlanned"": 40, ""totalTrainingHoursCompleted"": 0}, ""derivedAt"": ""2026-01-29T08:58:21.604Z"", ""derivedFrom"": {""quadrant"": ""Experimental"", ""tomPhase"": ""assessment"", ""tShirtSize"": ""XS"", ""operatingModel"": ""coe_led""}, ""roleEvolution"": [], ""knowledgeTransfer"": {""milestoneNotes"": {}, ""completedMilestones"": [], ""inProgressMilestones"": [""kt_001""]}, ""independenceHistory"": [{""date"": ""2026-01"", ""note"": ""Auto-derived from use case attributes"", ""percentage"": 10}], ""selfSufficiencyTarget"": {""targetDate"": ""2027-07-23"", ""advisoryRetainer"": ""false"", ""targetIndependence"": 90}, ""independencePercentage"": 10}",assessment,unique,,,,,pending,,,pending,,,,pending,,,,,pending,,,,,,,ff9f60ad-18f3-44f6-a2a4-78d22a2201a9,,low,false,,,
94d44035-da68-4dd9-891c-80864a9b64ad,Subrogation Detection,"NLP models to analyze FNOL narratives, claim notes, and adjuster text for liability cues
Computer Vision on uploaded images to detect third-party involvement
AI-driven subrogation scoring and prioritization engine
Automated task creation in Guidewire for recovery teams when opportunities are detected.",NLP,0,0,0,0,0,0,0,0,0,0,Evaluate,2025-09-03 17:12:30.374038,0,0,,"{""Claims Management""}","{""Claims Triage & Assessment"",""Investigation & Evidence Gathering"",""Claims Adjudication""}",,,,false,false,reference,,,internal,,,,,,"Subrogation opportunities are currently flagged only if adjusters/handlers complete manual forms in Guidewire. This process is inconsistent, prone to oversight, and often reactive, leading to missed recoveries and financial leakage.",Andy Brown (Commercial Property Loss Adjuster – flagged manual nature of current subrogation process).,Backlog,,"Medium–High – raised as recurring financial opportunity, with Guidewire improvements noted but gaps persisting.",,"Increased recovery rates and reduced financial leakage
Proactive subrogation detection → earlier in claim lifecycle
Reduced reliance on handler judgment and manual form completion
Improved auditability and consistency in recovery decisions.",,,,"{""Guidewire Claims Center"",""recoveries workflows"",""evidence/document repositories.""}",,,3,3,,,,,,,,,,,,,,,,false,false,false,false,,,,,false,,,HEX_INT_017,false,,XS,9281,18563,2,4,1-2,,2026-01-29 07:56:32.383,,"{""derived"": true, ""tracking"": {""entries"": []}, ""derivedAt"": ""2026-02-03T14:22:50.670Z"", ""kpiValues"": {}, ""investment"": null, ""lastUpdated"": ""2026-02-03T14:22:50.670Z"", ""kpiEstimates"": [], ""selectedKpis"": [], ""trackingEnabled"": false, ""validationStatus"": ""unvalidated"", ""calculatedMetrics"": {""currentRoi"": null, ""lastCalculated"": null, ""cumulativeValueGbp"": null, ""projectedBreakevenMonth"": null}, ""totalEstimatedValue"": {""max"": 469800, ""min"": 0, ""currency"": ""GBP""}, ""confidenceAdjustment"": null}","{""derived"": true, ""staffing"": {""current"": {""client"": {""total"": 0.6, ""byRole"": {}}, ""vendor"": {""total"": 1.4, ""byRole"": {}}}, ""planned"": {""month6"": {""client"": 0.9, ""vendor"": 1.1}, ""month12"": {""client"": 1.3, ""vendor"": 0.7}, ""month18"": {""client"": 1.6, ""vendor"": 0.5}}}, ""training"": {""plannedCertifications"": [], ""completedCertifications"": [], ""totalTrainingHoursPlanned"": 40, ""totalTrainingHoursCompleted"": 0}, ""derivedAt"": ""2026-01-29T08:58:21.633Z"", ""derivedFrom"": {""quadrant"": ""Experimental"", ""tomPhase"": ""assessment"", ""tShirtSize"": ""XS"", ""operatingModel"": ""coe_led""}, ""roleEvolution"": [], ""knowledgeTransfer"": {""milestoneNotes"": {}, ""completedMilestones"": [], ""inProgressMilestones"": [""kt_001""]}, ""independenceHistory"": [{""date"": ""2026-01"", ""note"": ""Auto-derived from use case attributes"", ""percentage"": 10}], ""selfSufficiencyTarget"": {""targetDate"": ""2027-07-23"", ""advisoryRetainer"": ""false"", ""targetIndependence"": 90}, ""independencePercentage"": 10}",assessment,unique,,,,,pending,,,pending,,,,pending,,,,,pending,,,,,,,ff9f60ad-18f3-44f6-a2a4-78d22a2201a9,,low,false,,,
88f7c743-32e9-49af-974d-27a1594965e3,"Document Management, Generation, AI-assisted document ingestion & clause handling","AI-assisted document production, management & ingestion pipeline with:
- Auto-tagging/indexing into central repository
- Intelligent clause/exception insertion (based on risk class, LOB, underwriting rules)
- Consistency checks against clause library
- Automated formatting/numbering cleanup.",GenAI,0,0,0,0,0,0,0,0,0,0,Evaluate,2025-09-03 17:12:30.367884,0,0,{},"{""Underwriting & Triage""}",{},{},{},,false,false,reference,,,internal,,,,,,"Documents produced by raters and AIS require heavy manual editing by underwriters to add clauses, exceptions, and endorsements. Formatting errors and inconsistent clause usage across underwriters lead to compliance risk and rework. Storage in shared drives is inconsistent, with missing metadata/tags, making retrieval and audit difficult. Ops teams must re-check and fix formatting/scanning issues downstream.",Iain Cameron (UK) (raised doc editing/quality pain); Craig Brownrigg (UK) (highlighted downstream ops impact); Helen Franklin (UK) (raised missed endorsements risk).,Backlog,"AIS, Raters, UKRIS doc gen, Paragon, SRI, Integrate, shared drives (potential future migration to central repository).",Medium–High – recurring underwriter frustration; compliance-critical.,"Faster document preparation; reduced manual edits.
Improved compliance and reduced regulatory/audit risk.
Consistent broker-facing documents → stronger trust.
Ops efficiency: less re-checking, easier retrieval.","Faster document preparation; reduced manual edits
Improved compliance and reduced regulatory/audit risk
Consistent broker-facing documents → stronger trust
Ops efficiency: less re-checking, easier retrieval.",,,{},"{AIS,Raters,""UKRIS doc gen"",Paragon,SRI,Integrate,""shared drives (potential future migration to central repository).""}",{},high,3,3,,,,,,,,,,,,,,,,true,false,false,true,,,,,false,,,HEX_INT_018,false,{},XS,9281,18563,2,4,1-2,,2026-01-29 07:56:32.412,,"{""derived"": true, ""tracking"": {""entries"": []}, ""derivedAt"": ""2026-02-03T14:22:50.698Z"", ""kpiValues"": {}, ""investment"": null, ""lastUpdated"": ""2026-02-03T14:22:50.698Z"", ""kpiEstimates"": [], ""selectedKpis"": [], ""trackingEnabled"": false, ""validationStatus"": ""unvalidated"", ""calculatedMetrics"": {""currentRoi"": null, ""lastCalculated"": null, ""cumulativeValueGbp"": null, ""projectedBreakevenMonth"": null}, ""totalEstimatedValue"": {""max"": 448200, ""min"": 0, ""currency"": ""GBP""}, ""confidenceAdjustment"": null}","{""derived"": true, ""staffing"": {""current"": {""client"": {""total"": 0.6, ""byRole"": {}}, ""vendor"": {""total"": 1.4, ""byRole"": {}}}, ""planned"": {""month6"": {""client"": 0.9, ""vendor"": 1.1}, ""month12"": {""client"": 1.3, ""vendor"": 0.7}, ""month18"": {""client"": 1.6, ""vendor"": 0.5}}}, ""training"": {""plannedCertifications"": [], ""completedCertifications"": [], ""totalTrainingHoursPlanned"": 40, ""totalTrainingHoursCompleted"": 0}, ""derivedAt"": ""2026-01-29T08:58:21.662Z"", ""derivedFrom"": {""quadrant"": ""Experimental"", ""tomPhase"": ""assessment"", ""tShirtSize"": ""XS"", ""operatingModel"": ""coe_led""}, ""roleEvolution"": [], ""knowledgeTransfer"": {""milestoneNotes"": {}, ""completedMilestones"": [], ""inProgressMilestones"": [""kt_001""]}, ""independenceHistory"": [{""date"": ""2026-01"", ""note"": ""Auto-derived from use case attributes"", ""percentage"": 10}], ""selfSufficiencyTarget"": {""targetDate"": ""2027-07-23"", ""advisoryRetainer"": ""false"", ""targetIndependence"": 90}, ""independencePercentage"": 10}",assessment,unique,,,,,pending,,,approved,,,,approved,,,,,approved,,,,,2026-01-20 16:18:10.234,,ff9f60ad-18f3-44f6-a2a4-78d22a2201a9,,low,false,,,
810aec82-4e24-4203-9411-a9d1492ea29a,Pre-renewal triggers & terrorism questionnaires,"AI-driven automation to trigger pre-renewal reminders and generate required forms/emails directly from PAS data
NLP/GenAI to pre-fill terrorism questionnaires with available policy/risk data
Automated email orchestration and response tracking with escalation logic.",Prescriptive Rules Based,0,0,0,0,0,0,0,0,0,0,Evaluate,2025-09-03 17:12:30.376419,0,0,{},"{""Underwriting & Triage""}",{},{},{},,false,false,reference,,,internal,,,,,,"Renewal prep is manual and inconsistent. Pre-renewal triggers (90 days prior) must be set up and tracked manually in PAS/MSD. Terrorism questionnaires are manually generated, sent, and chased by underwriters, consuming valuable time. Responses are collated via spreadsheets, creating high risk of missed deadlines, errors, and inconsistent follow-ups. Reputational damage occurs when renewals are delayed or incomplete.",Iain Cameron (UK – pre-renewal triggers); Rachel (UK – terrorism questionnaire pain); Ops team flagged downstream reputational impact.,Backlog,"MSD renewal triggers, PAS, Outlook/email systems, broker extranets (partial integration).",Medium – clearly seen as an automation candidate with compliance importance.,"Reduced cycle time; fewer missed renewals.
Consistent and compliant handling of terrorism questionnaires.
Improved broker/client experience and trust.
Freed underwriter/ops time for higher-value tasks.","Reduced cycle time; fewer missed renewals
Consistent and compliant handling of terrorism questionnaires
Improved broker/client experience and trust
Freed underwriter/ops time for higher-value tasks.",,,{},"{""MSD renewal triggers"",PAS,""Outlook/email systems"",""broker extranets (partial integration).""}","{""Underwriting Teams"",IT/Technology,Compliance}",medium,3,3,,,,,,,,,,,,,,,,false,false,false,true,,,,,false,,,HEX_INT_019,false,{},XS,9281,18563,2,4,1-2,,2026-01-29 07:56:32.367,,"{""derived"": true, ""tracking"": {""entries"": []}, ""derivedAt"": ""2026-02-03T14:22:50.656Z"", ""kpiValues"": {}, ""investment"": null, ""lastUpdated"": ""2026-02-03T14:22:50.656Z"", ""kpiEstimates"": [], ""selectedKpis"": [], ""trackingEnabled"": false, ""validationStatus"": ""unvalidated"", ""calculatedMetrics"": {""currentRoi"": null, ""lastCalculated"": null, ""cumulativeValueGbp"": null, ""projectedBreakevenMonth"": null}, ""totalEstimatedValue"": {""max"": 448200, ""min"": 0, ""currency"": ""GBP""}, ""confidenceAdjustment"": null}","{""derived"": true, ""staffing"": {""current"": {""client"": {""total"": 0.6, ""byRole"": {}}, ""vendor"": {""total"": 1.4, ""byRole"": {}}}, ""planned"": {""month6"": {""client"": 0.9, ""vendor"": 1.1}, ""month12"": {""client"": 1.3, ""vendor"": 0.7}, ""month18"": {""client"": 1.6, ""vendor"": 0.5}}}, ""training"": {""plannedCertifications"": [], ""completedCertifications"": [], ""totalTrainingHoursPlanned"": 40, ""totalTrainingHoursCompleted"": 0}, ""derivedAt"": ""2026-01-29T08:58:21.618Z"", ""derivedFrom"": {""quadrant"": ""Experimental"", ""tomPhase"": ""assessment"", ""tShirtSize"": ""XS"", ""operatingModel"": ""coe_led""}, ""roleEvolution"": [], ""knowledgeTransfer"": {""milestoneNotes"": {}, ""completedMilestones"": [], ""inProgressMilestones"": [""kt_001""]}, ""independenceHistory"": [{""date"": ""2026-01"", ""note"": ""Auto-derived from use case attributes"", ""percentage"": 10}], ""selfSufficiencyTarget"": {""targetDate"": ""2027-07-23"", ""advisoryRetainer"": ""false"", ""targetIndependence"": 90}, ""independencePercentage"": 10}",assessment,unique,,,,,pending,,,approved,,,,approved,,,,,approved,,,,,2026-01-20 16:18:10.234,,ff9f60ad-18f3-44f6-a2a4-78d22a2201a9,,low,false,,,
4448e341-de74-47a3-a974-5d45f9f133e9,Hazard Data in Commercial Property Claims,"AI-driven enrichment at FNOL: auto-link external hazard feeds (weather, IoT, geospatial) to claim location
Real-time risk scoring engine to suggest initial reserve bands
IoT integration to pull data from client sensors (fire, flood, structural)
Visualization dashboards for handlers/adjusters showing live hazard overlays
Automatic flagging of “repeat hazard” clients for proactive mitigation engagement.",Gen AI,0,0,0,0,0,0,0,0,0,0,Evaluate,2025-09-03 17:12:29.810485,0,0,,"{""Claims Management""}","{""Claims Triage & Assessment"",""Investigation & Evidence Gathering"",""Claims Adjudication""}",,,,false,false,reference,,,internal,,,,,,"Hazard context (e.g., flood risk, fire exposure, severe weather patterns) is often missed or captured late in the commercial property claims process. Handlers rely on manual searches or adjuster experience, leading to under-reserving, overlooked mitigation opportunities, and inconsistent decision-making.",Andy Brown (Commercial Property Loss Adjuster – flagged recurring issue of missing hazard context at FNOL).,Backlog,,Medium–High — seen as a strong opportunity to improve reserving and link claims with prevention.,,"More accurate initial reserves → fewer late adjustments, reduced financial leakage
Faster identification of high-severity claims → better resource allocation
Proactive client risk mitigation → lower repeat claims, improved retention
Portfolio-level insights on hazard clusters → supports underwriting and reinsurance strategy.",,,,"{""Guidewire Claims Center"",""hazard data APIs (weather/flood/geospatial)"",""IoT sensor feeds"",""PowerUp dashboards.""}",,,3,3,,,,,,,,,,,,,,,,false,false,false,false,,,,,false,,,HEX_INT_020,false,,XS,9281,18563,2,4,1-2,,2026-01-29 07:56:32.424,,"{""derived"": true, ""tracking"": {""entries"": []}, ""derivedAt"": ""2026-02-03T14:22:50.715Z"", ""kpiValues"": {}, ""investment"": null, ""lastUpdated"": ""2026-02-03T14:22:50.715Z"", ""kpiEstimates"": [], ""selectedKpis"": [], ""trackingEnabled"": false, ""validationStatus"": ""unvalidated"", ""calculatedMetrics"": {""currentRoi"": null, ""lastCalculated"": null, ""cumulativeValueGbp"": null, ""projectedBreakevenMonth"": null}, ""totalEstimatedValue"": {""max"": 469800, ""min"": 0, ""currency"": ""GBP""}, ""confidenceAdjustment"": null}","{""derived"": true, ""staffing"": {""current"": {""client"": {""total"": 0.6, ""byRole"": {}}, ""vendor"": {""total"": 1.4, ""byRole"": {}}}, ""planned"": {""month6"": {""client"": 0.9, ""vendor"": 1.1}, ""month12"": {""client"": 1.3, ""vendor"": 0.7}, ""month18"": {""client"": 1.6, ""vendor"": 0.5}}}, ""training"": {""plannedCertifications"": [], ""completedCertifications"": [], ""totalTrainingHoursPlanned"": 40, ""totalTrainingHoursCompleted"": 0}, ""derivedAt"": ""2026-01-29T08:58:21.675Z"", ""derivedFrom"": {""quadrant"": ""Experimental"", ""tomPhase"": ""assessment"", ""tShirtSize"": ""XS"", ""operatingModel"": ""coe_led""}, ""roleEvolution"": [], ""knowledgeTransfer"": {""milestoneNotes"": {}, ""completedMilestones"": [], ""inProgressMilestones"": [""kt_001""]}, ""independenceHistory"": [{""date"": ""2026-01"", ""note"": ""Auto-derived from use case attributes"", ""percentage"": 10}], ""selfSufficiencyTarget"": {""targetDate"": ""2027-07-23"", ""advisoryRetainer"": ""false"", ""targetIndependence"": 90}, ""independencePercentage"": 10}",assessment,unique,,,,,pending,,,pending,,,,pending,,,,,pending,,,,,,,ff9f60ad-18f3-44f6-a2a4-78d22a2201a9,,low,false,,,
96e795e5-1ee7-4963-a4f6-7e1afb23cf69,"Product Duplication Across Multiple Brands (""One Commercial"")","AI/NLP-driven product mapping and comparison of terms, clauses, and rating rules
Automated identification of overlaps, gaps, and redundancies across products
Decision support for harmonizing product definitions into a single ""One Commercial"" framework
Integration with PAS and broker portals for unified access to consolidated product set.",NLP,0,0,0,0,0,0,0,0,0,0,Evaluate,2025-09-03 17:12:29.802841,0,0,{},"{""Product & Rating""}",{},{},{},,false,false,reference,,,internal,,,,,,"RSA, NIG, and DLG maintain separate product definitions and systems, leading to duplication in underwriting processes, IT configuration, and broker-facing propositions. FarmWeb operates independently as a specialized agriculture platform. This fragmentation increases operational complexity, slows innovation, and creates inconsistency in broker and client experience.","Helen Franklin (UK – explained One Commercial, noted FarmWeb remains separate).",Backlog,"RSA PAS (UKRIS), NIG PAS, DLG systems, Rating engines, FarmWeb platform, broker portals.",Medium – acknowledged as already in flight as part of “One Commercial” strategy.,"Streamlined product portfolio reduces duplication and overhead.
Consistent, harmonized offerings improve broker and client satisfaction.
Simplified IT landscape (fewer product configurations across PAS and rating engines).
Improved analytics and risk insight across unified products.
Strategic enabler for “One Commercial” program.","Streamlined product portfolio reduces duplication and overhead
Consistent, harmonized offerings improve broker and client satisfaction
Simplified IT landscape (fewer product configurations across PAS and rating engines)
Improved analytics and risk insight across unified products
Strategic enabler for “One Commercial” program.",,,"{""Machine Learning"",""Rule-based Systems""}","{""RSA PAS (UKRIS)"",""NIG PAS"",""DLG systems"",""FarmWeb platform"",""broker portals.""}",{},high,3,3,,,,,,,,,,,,,,,,true,false,false,true,,,,,false,,,HEX_INT_021,false,{},XS,9281,18563,2,4,1-2,,2026-01-29 07:56:32.437,,"{""derived"": true, ""tracking"": {""entries"": []}, ""derivedAt"": ""2026-02-03T14:22:50.731Z"", ""kpiValues"": {}, ""investment"": null, ""lastUpdated"": ""2026-02-03T14:22:50.731Z"", ""kpiEstimates"": [], ""selectedKpis"": [], ""trackingEnabled"": false, ""validationStatus"": ""unvalidated"", ""calculatedMetrics"": {""currentRoi"": null, ""lastCalculated"": null, ""cumulativeValueGbp"": null, ""projectedBreakevenMonth"": null}, ""totalEstimatedValue"": {""max"": 367200, ""min"": 0, ""currency"": ""GBP""}, ""confidenceAdjustment"": null}","{""derived"": true, ""staffing"": {""current"": {""client"": {""total"": 0.6, ""byRole"": {}}, ""vendor"": {""total"": 1.4, ""byRole"": {}}}, ""planned"": {""month6"": {""client"": 0.9, ""vendor"": 1.1}, ""month12"": {""client"": 1.3, ""vendor"": 0.7}, ""month18"": {""client"": 1.6, ""vendor"": 0.5}}}, ""training"": {""plannedCertifications"": [], ""completedCertifications"": [], ""totalTrainingHoursPlanned"": 40, ""totalTrainingHoursCompleted"": 0}, ""derivedAt"": ""2026-01-29T08:58:21.689Z"", ""derivedFrom"": {""quadrant"": ""Experimental"", ""tomPhase"": ""assessment"", ""tShirtSize"": ""XS"", ""operatingModel"": ""coe_led""}, ""roleEvolution"": [], ""knowledgeTransfer"": {""milestoneNotes"": {}, ""completedMilestones"": [], ""inProgressMilestones"": [""kt_001""]}, ""independenceHistory"": [{""date"": ""2026-01"", ""note"": ""Auto-derived from use case attributes"", ""percentage"": 10}], ""selfSufficiencyTarget"": {""targetDate"": ""2027-07-23"", ""advisoryRetainer"": ""false"", ""targetIndependence"": 90}, ""independencePercentage"": 10}",assessment,unique,,,,,pending,,,approved,,,,approved,,,,,approved,,,,,2026-01-20 16:18:10.234,,ff9f60ad-18f3-44f6-a2a4-78d22a2201a9,,low,false,,,
63d0e5fa-ab16-4322-8927-a824b57b7f91,Instabase ingestion validation & enrichment,"AI-driven validation of ingestion accuracy (cross-check extracted data against source slip and rules)
Automated enrichment via sanctions lists, watchlists, news feeds, and public data APIs
Confidence scoring and exception routing for human review.",Gen AI,0,0,0,0,0,0,0,0,0,0,Evaluate,2025-09-03 17:12:29.778831,0,0,{},"{""Underwriting & Triage""}",{},{},{},,false,false,reference,,,internal,,,,,,"Instabase ingests broker slips but lacks intelligence for validation and enrichment. Underwriters manually cross-check extracted data against original slips and external sources (sanctions, news, public data). This creates delays, errors, and duplicated effort. Ops must fix issues late in the process when validation gaps are discovered.",Andrew Hall (CUO – Head of Technical Delivery); supported by underwriters (validation burden).,Backlog,"Instabase (ingestion), PowerUp (analytics dashboard), S360 (Canada/US tooling), external sanctions/news APIs.",High – positioned as strategic improvement to Instabase.,"Higher data quality and accuracy at point of entry.
Faster underwriting decisions with enriched context.
Reduced compliance and reputational risk.
Scalable ingestion → fewer manual checks and faster turnaround.","Higher data quality and accuracy at point of entry
Faster underwriting decisions with enriched context
Reduced compliance and reputational risk
Scalable ingestion → fewer manual checks and faster turnaround.",,,"{""Machine Learning"",""Natural Language Processing""}","{""Instabase (ingestion)"",""PowerUp (analytics dashboard)"",""S360 (Canada/US tooling)"",""external sanctions/news APIs."",""Policy Database"",""External APIs"",""Third-party Data"",""Historical Data""}","{""Underwriting Teams"",IT/Technology,""Business Analytics""}",low,3,3,,,,,,,,,,,,,,,,true,false,false,true,,,,,false,,,HEX_INT_022,false,{},XS,9281,18563,2,4,1-2,,2026-01-29 07:56:32.455,,"{""derived"": true, ""tracking"": {""entries"": []}, ""derivedAt"": ""2026-02-03T14:22:50.752Z"", ""kpiValues"": {}, ""investment"": null, ""lastUpdated"": ""2026-02-03T14:22:50.752Z"", ""kpiEstimates"": [], ""selectedKpis"": [], ""trackingEnabled"": false, ""validationStatus"": ""unvalidated"", ""calculatedMetrics"": {""currentRoi"": null, ""lastCalculated"": null, ""cumulativeValueGbp"": null, ""projectedBreakevenMonth"": null}, ""totalEstimatedValue"": {""max"": 448200, ""min"": 0, ""currency"": ""GBP""}, ""confidenceAdjustment"": null}","{""derived"": true, ""staffing"": {""current"": {""client"": {""total"": 0.6, ""byRole"": {}}, ""vendor"": {""total"": 1.4, ""byRole"": {}}}, ""planned"": {""month6"": {""client"": 0.9, ""vendor"": 1.1}, ""month12"": {""client"": 1.3, ""vendor"": 0.7}, ""month18"": {""client"": 1.6, ""vendor"": 0.5}}}, ""training"": {""plannedCertifications"": [], ""completedCertifications"": [], ""totalTrainingHoursPlanned"": 40, ""totalTrainingHoursCompleted"": 0}, ""derivedAt"": ""2026-01-29T08:58:21.704Z"", ""derivedFrom"": {""quadrant"": ""Experimental"", ""tomPhase"": ""assessment"", ""tShirtSize"": ""XS"", ""operatingModel"": ""coe_led""}, ""roleEvolution"": [], ""knowledgeTransfer"": {""milestoneNotes"": {}, ""completedMilestones"": [], ""inProgressMilestones"": [""kt_001""]}, ""independenceHistory"": [{""date"": ""2026-01"", ""note"": ""Auto-derived from use case attributes"", ""percentage"": 10}], ""selfSufficiencyTarget"": {""targetDate"": ""2027-07-23"", ""advisoryRetainer"": ""false"", ""targetIndependence"": 90}, ""independencePercentage"": 10}",assessment,unique,,,,,pending,,,approved,,,,approved,,,,,approved,,,,,2026-01-20 16:18:10.234,,ff9f60ad-18f3-44f6-a2a4-78d22a2201a9,,low,false,,,
872dd0da-6ee7-47cc-a34f-0bc6540e599b, Better integration of external & internal data → AI Enrichment Pipelines,"AI-enabled enrichment pipelines that ingest external broker feeds/portals and unify with PAS/claims datasets.
Entity resolution, schema harmonization, quality controls/exception reports (as done in Unicorn today).
Feed PowerUp and operational apps with governed, decision-ready data.
Design to repoint to EDP later without re-engineering.",Process Automation,3,3,4,5,2,4,3,3,4,2.8,Quick Win,2025-09-03 17:12:29.203893,5,2,"{""All Lines (CL,SL,Others)""}","{""Sales & Distribution (Including Broker Relationships)""}","{""Lead Generation"",""Broker Relations"",""Channel Management""}","{""All Segments""}","{""United States""}",,true,true,active,,,internal,,,,,,"External broker/market data and internal PAS/claims data are not seamlessly integrated; teams rely on manual stitching for insights. EDP is the target end-state, but near-term value is needed.",James (Jay) Gregory,Backlog,,Medium —tactical enabler for near-term impact while EDP is built.,,"Faster, consistent underwriting and claims decisions from a trusted data layer
Reduced manual manipulation; repeatable insights for distribution and UW
Prepares the ground for automated insights/decisions and future EDP integration.",,,"{""Machine Learning"",""Natural Language Processing"",""Predictive Analytics""}","{""Unicorn pipelines (SQL), PowerUp analytics, PAS (UKRIS/NIG), Guidewire"",""external broker feeds/portals."",""Policy Database"",""Broker Data & Feeds""}","{""Underwriting Teams"",""Claims Teams"",""Distrbution (Broker) Teams""}",low,3,3,,,,,,,,,,,,Operations,,,,true,false,false,false,,,,,false,,,HEX_INT_023,false,{},M,111375,222750,8,16,3-6,,2026-02-03 18:32:36.605,,"{""derived"": true, ""tracking"": {""entries"": []}, ""derivedAt"": ""2026-02-03T14:22:50.843Z"", ""kpiValues"": {}, ""investment"": {""currency"": ""GBP"", ""initialInvestment"": 0, ""ongoingMonthlyCost"": 0}, ""lastUpdated"": ""2026-02-03T14:22:50.843Z"", ""kpiEstimates"": [], ""selectedKpis"": [], ""trackingEnabled"": false, ""valueConfidence"": {""rationale"": null, ""lastValidatedAt"": null, ""lastValidatedBy"": null, ""adjustedValueGbp"": null, ""validationStatus"": ""unvalidated"", ""conservativeFactor"": 1}, ""validationStatus"": ""unvalidated"", ""calculatedMetrics"": {""currentRoi"": null, ""lastCalculated"": null, ""cumulativeValueGbp"": null, ""projectedBreakevenMonth"": null}, ""totalEstimatedValue"": {""max"": 415800, ""min"": 0, ""currency"": ""GBP""}, ""confidenceAdjustment"": null}","{""derived"": true, ""staffing"": {""current"": {""client"": {""total"": 1.5, ""byRole"": {}}, ""vendor"": {""total"": 3.5, ""byRole"": {}}}, ""planned"": {""month6"": {""client"": 2.7, ""vendor"": 2.3}, ""month12"": {""client"": 4.5, ""vendor"": 0.5}, ""month18"": {""client"": 5.7, ""vendor"": 0.5}}}, ""training"": {""plannedCertifications"": [], ""completedCertifications"": [], ""totalTrainingHoursPlanned"": 100, ""totalTrainingHoursCompleted"": 0}, ""derivedAt"": ""2026-02-03T18:32:36.638Z"", ""derivedFrom"": {""quadrant"": ""Quick Win"", ""tomPhase"": ""assessment"", ""tShirtSize"": ""M"", ""operatingModel"": ""coe_led""}, ""roleEvolution"": [], ""knowledgeTransfer"": {""milestoneNotes"": {}, ""completedMilestones"": [], ""inProgressMilestones"": [""kt_001""]}, ""independenceHistory"": [{""date"": ""2026-02"", ""note"": ""Auto-derived from use case attributes"", ""percentage"": 10}], ""selfSufficiencyTarget"": {""targetDate"": ""2026-12-30"", ""advisoryRetainer"": ""false"", ""targetIndependence"": 90}, ""independencePercentage"": 10}",assessment,unique,,,,,complete,,,pending,,,,pending,,,,,pending,,,,,,,ff9f60ad-18f3-44f6-a2a4-78d22a2201a9,,low,false,James,,joint
bd31557b-d22e-47f8-b9ae-a5759dc3d5f5,Claims Triage by Value Thresholds,"AI-based triage engine leveraging claim attributes beyond value (LOB, complexity, completeness of documentation, claimant profile, geography)
Workload balancing algorithm to dynamically allocate claims based on adjuster availability, skill, and SLA requirements
Seamless Guidewire integration to present real-time routing decisions at FNOL.",Gen AI,0,0,0,0,0,0,0,0,0,0,Evaluate,2025-09-03 17:12:29.204519,0,0,,"{""Claims Management""}","{""Claims Triage & Assessment"",""Investigation & Evidence Gathering"",""Claims Adjudication""}",,,,false,false,reference,,,internal,,,,,,"Claims routing is still based on manual triage using value thresholds (<£10K hubs, £10–100K adjusters, >£100K major loss). This creates delays, inconsistent allocations, and inefficient resource use. Complex low-value claims may be mishandled, while simple higher-value claims consume adjuster capacity unnecessarily.",Andy Brown (Commercial Property Loss Adjuster – highlighted inefficiencies in value-based triage).,Backlog,,"Medium – recurring operational pain, but framed as an optimization rather than structural failure.",,"Faster, more accurate claim allocation
Better resource utilization → skilled adjusters focus on complex cases
Reduced cycle times and bottlenecks
Improved broker and customer experience through prompt assignment
Operational resilience during surge events (CAT claims).",,,,"{""Guidewire Claims Center"",""existing triage rules engine.""}",,,3,3,,,,,,,,,,,,,,,,false,false,false,false,,,,,false,,,HEX_INT_024,false,,XS,9281,18563,2,4,1-2,,2026-01-29 07:56:32.524,,"{""derived"": true, ""tracking"": {""entries"": []}, ""derivedAt"": ""2026-02-03T14:22:50.828Z"", ""kpiValues"": {}, ""investment"": null, ""lastUpdated"": ""2026-02-03T14:22:50.828Z"", ""kpiEstimates"": [], ""selectedKpis"": [], ""trackingEnabled"": false, ""validationStatus"": ""unvalidated"", ""calculatedMetrics"": {""currentRoi"": null, ""lastCalculated"": null, ""cumulativeValueGbp"": null, ""projectedBreakevenMonth"": null}, ""totalEstimatedValue"": {""max"": 469800, ""min"": 0, ""currency"": ""GBP""}, ""confidenceAdjustment"": null}","{""derived"": true, ""staffing"": {""current"": {""client"": {""total"": 0.6, ""byRole"": {}}, ""vendor"": {""total"": 1.4, ""byRole"": {}}}, ""planned"": {""month6"": {""client"": 0.9, ""vendor"": 1.1}, ""month12"": {""client"": 1.3, ""vendor"": 0.7}, ""month18"": {""client"": 1.6, ""vendor"": 0.5}}}, ""training"": {""plannedCertifications"": [], ""completedCertifications"": [], ""totalTrainingHoursPlanned"": 40, ""totalTrainingHoursCompleted"": 0}, ""derivedAt"": ""2026-01-29T08:58:21.768Z"", ""derivedFrom"": {""quadrant"": ""Experimental"", ""tomPhase"": ""assessment"", ""tShirtSize"": ""XS"", ""operatingModel"": ""coe_led""}, ""roleEvolution"": [], ""knowledgeTransfer"": {""milestoneNotes"": {}, ""completedMilestones"": [], ""inProgressMilestones"": [""kt_001""]}, ""independenceHistory"": [{""date"": ""2026-01"", ""note"": ""Auto-derived from use case attributes"", ""percentage"": 10}], ""selfSufficiencyTarget"": {""targetDate"": ""2027-07-23"", ""advisoryRetainer"": ""false"", ""targetIndependence"": 90}, ""independencePercentage"": 10}",assessment,unique,,,,,pending,,,pending,,,,pending,,,,,pending,,,,,,,ff9f60ad-18f3-44f6-a2a4-78d22a2201a9,,low,false,,,
716a4b30-63b0-44a1-ab28-c2e46814fa47,Auto-renewal “fast track” rules workbook,"Convert the Excel-based rules into an embedded AI-enabled rules engine within/outside PAS
Automate the pass/fail logic and flag exceptions for manual review
Provide audit logging of rule application for compliance.",Prescriptive Rules Based,0,0,0,0,0,0,0,0,0,0,Evaluate,2025-09-03 17:12:29.196515,0,0,{},{Underwriting},{},{},{},,false,false,reference,,,internal,,,,,,"Renewal fast-tracking depends on a manual Excel workbook containing 7 underwriting rules. Underwriters/ops must export data, run checks in Excel, and re-key results into PAS/doc gen. This introduces errors, inconsistent application across users, and missed exceptions. Despite being stable and repeatable, the process remains manual, creating delays and leakage.",Rachel (UK) (described fast-track rules workbook); underwriters and ops confirmed manual pain.,Backlog,"CQE/CQA PAS, Excel (to be replaced), doc producer.",High – seen as strong ROI; repeatedly flagged as a quick win with structural benefits.,"Faster renewals with less manual intervention.
Reduced leakage from missed exceptions or incorrect renewals.
Consistency across users; compliance via audit trail.
Improved scalability of renewal handling as book grows.","Faster renewals with less manual intervention
Reduced leakage from missed exceptions or incorrect renewals
Consistency across users; compliance via audit trail
Improved scalability of renewal handling as book grows.",,,{},"{""CQE/CQA PAS"",""Excel (to be replaced)"",""doc producer.""}","{""Underwriting Teams"",IT/Technology}",medium,3,3,,,,,,,,,,,,,,,,true,false,false,false,,,,,false,,,HEX_INT_025,false,{},XS,9281,18563,2,4,1-2,,2026-01-29 07:56:32.55,,"{""derived"": true, ""tracking"": {""entries"": []}, ""derivedAt"": ""2026-02-03T14:22:50.855Z"", ""kpiValues"": {}, ""investment"": null, ""lastUpdated"": ""2026-02-03T14:22:50.855Z"", ""kpiEstimates"": [], ""selectedKpis"": [], ""trackingEnabled"": false, ""validationStatus"": ""unvalidated"", ""calculatedMetrics"": {""currentRoi"": null, ""lastCalculated"": null, ""cumulativeValueGbp"": null, ""projectedBreakevenMonth"": null}, ""totalEstimatedValue"": {""max"": 448200, ""min"": 0, ""currency"": ""GBP""}, ""confidenceAdjustment"": null}","{""derived"": true, ""staffing"": {""current"": {""client"": {""total"": 0.6, ""byRole"": {}}, ""vendor"": {""total"": 1.4, ""byRole"": {}}}, ""planned"": {""month6"": {""client"": 0.9, ""vendor"": 1.1}, ""month12"": {""client"": 1.3, ""vendor"": 0.7}, ""month18"": {""client"": 1.6, ""vendor"": 0.5}}}, ""training"": {""plannedCertifications"": [], ""completedCertifications"": [], ""totalTrainingHoursPlanned"": 40, ""totalTrainingHoursCompleted"": 0}, ""derivedAt"": ""2026-01-29T08:58:21.792Z"", ""derivedFrom"": {""quadrant"": ""Experimental"", ""tomPhase"": ""assessment"", ""tShirtSize"": ""XS"", ""operatingModel"": ""coe_led""}, ""roleEvolution"": [], ""knowledgeTransfer"": {""milestoneNotes"": {}, ""completedMilestones"": [], ""inProgressMilestones"": [""kt_001""]}, ""independenceHistory"": [{""date"": ""2026-01"", ""note"": ""Auto-derived from use case attributes"", ""percentage"": 10}], ""selfSufficiencyTarget"": {""targetDate"": ""2027-07-23"", ""advisoryRetainer"": ""false"", ""targetIndependence"": 90}, ""independencePercentage"": 10}",assessment,unique,,,,,pending,,,approved,,,,approved,,,,,approved,,,,,2026-01-20 16:18:10.234,,ff9f60ad-18f3-44f6-a2a4-78d22a2201a9,,low,false,,,
c2ce8fdd-c13f-4f82-a9f5-0d9d27c09892,"Loss Adjusters Manually Visit Sites, Document, and Upload Reports","AI-enabled image analytics to detect and classify damage from photos/videos
Drone and satellite remote sensing for inaccessible or high-risk sites
Mobile app with AI-powered auto-tagging and direct Guidewire/Claims Connect integration
Automated damage reports generated from evidence, reducing manual input.",IoT + AI,1,3,2,2,1,4,5,1,2,2.8,Experimental,2025-09-03 17:12:29.208452,2,3,"{""Property Owners"",""Commercial Property"",Motor}","{""Claims Management""}",{},"{""All Segments""}",{},,true,true,active,,,internal,,,,,,"Loss adjusters must manually travel to sites, capture photos and notes, and upload reports days later. This delays claim assessments, introduces inconsistency in reporting, and puts adjusters at risk in hazardous environments. Claims handlers and customers wait unnecessarily for decisions.",Head of Claims Operations,Backlog,,Medium–High – recognized as a strong efficiency and safety improvement.,,"Faster, more consistent assessments → reduced cycle times
Lower operational costs by minimizing unnecessary site visits
Safer working conditions for adjusters
Improved customer experience with quicker settlements
Scalability during surge events (e.g., floods, storms, catastrophes).",,,{},"{Guidewire,""Claims Connect"",""mobile survey apps"",""external imaging/remote sensing tools.""}",{},low,3,2,,,,,,,,,,,,Claims,,,,false,false,true,true,,,,,false,,,HEX_INT_026,false,{},S,37125,74250,4,8,2-4,,2026-02-03 18:09:29.654,,"{""investment"": {""currency"": ""GBP"", ""initialInvestment"": 550000, ""ongoingMonthlyCost"": 15000}, ""selectedKpis"": [""ops_006"", ""ops_007""], ""valueConfidence"": {""rationale"": ""Field adoption challenges and training requirements"", ""lastValidatedAt"": null, ""lastValidatedBy"": null, ""adjustedValueGbp"": null, ""validationStatus"": ""unvalidated"", ""conservativeFactor"": 0.5}, ""calculatedMetrics"": {""currentRoi"": -67.82191780821918, ""lastCalculated"": ""2026-02-03T18:16:56.586Z"", ""cumulativeValueGbp"": 234900, ""projectedBreakevenMonth"": ""2029-04""}}","{""staffing"": {""current"": {""client"": {""total"": 1, ""byRole"": {""Claims Manager"": 1}}, ""vendor"": {""total"": 5, ""byRole"": {""UX Designer"": 1, ""Mobile Developer"": 2, ""Computer Vision Engineer"": 2}}}, ""planned"": {""month6"": {""client"": 2, ""vendor"": 4}, ""month12"": {""client"": 3, ""vendor"": 3}, ""month18"": {""client"": 4, ""vendor"": 2}}}, ""training"": {""plannedCertifications"": [""Mobile App Training"", ""AI Image Analysis""], ""completedCertifications"": [], ""totalTrainingHoursPlanned"": 100, ""totalTrainingHoursCompleted"": 0}, ""knowledgeTransfer"": {""milestoneNotes"": {}, ""completedMilestones"": [], ""inProgressMilestones"": []}, ""selfSufficiencyTarget"": {""targetDate"": ""2027-06"", ""advisoryRetainer"": ""false"", ""targetIndependence"": 80}, ""independencePercentage"": 10}",assessment,unique,,,,,complete,,,approved,,,,approved,,,,,approved,,,,,2026-01-20 16:18:10.234,,ff9f60ad-18f3-44f6-a2a4-78d22a2201a9,,low,false,Field Operations Team,,joint
f52c7259-840c-45a7-b74f-003bd5fcb566,Lack of Standardized Underwriting SOPs,"GenAI ingestion and structuring of existing SOPs/documents
AI-assisted generation of standardized SOPs per LOB, aligned to corporate standards
Automated maintenance: system monitors regulatory/product changes and proposes SOP updates
Integration with underwriting platforms (PowerUp, PAS) to surface SOPs contextually during workflows.",Gen AI,0,0,0,0,0,0,0,0,0,0,Evaluate,2025-09-03 17:12:28.630352,0,0,{},"{""Underwriting & Triage""}",{},{},{},,false,false,reference,,,internal,,,,,,"Underwriting SOPs are fragmented across LOBs (Marine, Property, Aviation, Specialty). Current documentation is inconsistent, outdated, and scattered across shared drives. This creates onboarding challenges, inconsistent underwriting practices, and compliance risks. Andrew Hall is informally collecting SOPs but lacks a unified approach.",Andrew Hall (initiated SOP collection; suggested contacts like Toby and enterprise architects).,Backlog,,Medium – recognized by Andrew Hall as a need; seen as a strategic enabler but not yet prioritized against urgent ops issues.,,"Faster onboarding of underwriters; reduced training overhead
Consistency in underwriting across lines of business
Reduced compliance risk; stronger governance
Knowledge retention (avoids institutional knowledge loss)
Supports audit/regulatory reviews.",,,{},"{""SOP repositories (currently shared drives)"",""PowerUp dashboards"",PAS,""underwriting workflow tools.""}",{},,3,3,,,,,,,,,,,,,,,,false,false,false,false,,,,,false,,,HEX_INT_027,false,{},XS,9281,18563,2,4,1-2,,2026-01-29 07:56:32.587,,"{""derived"": true, ""tracking"": {""entries"": []}, ""derivedAt"": ""2026-02-03T14:22:50.900Z"", ""kpiValues"": {}, ""investment"": null, ""lastUpdated"": ""2026-02-03T14:22:50.900Z"", ""kpiEstimates"": [], ""selectedKpis"": [], ""trackingEnabled"": false, ""validationStatus"": ""unvalidated"", ""calculatedMetrics"": {""currentRoi"": null, ""lastCalculated"": null, ""cumulativeValueGbp"": null, ""projectedBreakevenMonth"": null}, ""totalEstimatedValue"": {""max"": 448200, ""min"": 0, ""currency"": ""GBP""}, ""confidenceAdjustment"": null}","{""derived"": true, ""staffing"": {""current"": {""client"": {""total"": 0.6, ""byRole"": {}}, ""vendor"": {""total"": 1.4, ""byRole"": {}}}, ""planned"": {""month6"": {""client"": 0.9, ""vendor"": 1.1}, ""month12"": {""client"": 1.3, ""vendor"": 0.7}, ""month18"": {""client"": 1.6, ""vendor"": 0.5}}}, ""training"": {""plannedCertifications"": [], ""completedCertifications"": [], ""totalTrainingHoursPlanned"": 40, ""totalTrainingHoursCompleted"": 0}, ""derivedAt"": ""2026-01-29T08:58:21.829Z"", ""derivedFrom"": {""quadrant"": ""Experimental"", ""tomPhase"": ""assessment"", ""tShirtSize"": ""XS"", ""operatingModel"": ""coe_led""}, ""roleEvolution"": [], ""knowledgeTransfer"": {""milestoneNotes"": {}, ""completedMilestones"": [], ""inProgressMilestones"": [""kt_001""]}, ""independenceHistory"": [{""date"": ""2026-01"", ""note"": ""Auto-derived from use case attributes"", ""percentage"": 10}], ""selfSufficiencyTarget"": {""targetDate"": ""2027-07-23"", ""advisoryRetainer"": ""false"", ""targetIndependence"": 90}, ""independencePercentage"": 10}",assessment,unique,,,,,pending,,,approved,,,,approved,,,,,approved,,,,,2026-01-20 16:18:10.234,,ff9f60ad-18f3-44f6-a2a4-78d22a2201a9,,low,false,,,
9ab700fe-c0b1-4728-aff9-02422182b187, Legacy Systems Overlap with Guidewire → Claims Routing by Product/LOB,"AI/NLP classification of FNOL data to automatically identify correct product/LOB
Intelligent routing engine to send claim to Guidewire, legacy PAS, or external adjusters
API/middleware integration for bi-directional data sync between systems
Exception handling workflow for ambiguous claims
Handler-facing dashboard for routing transparency.",Prescriptive Rules Based,0,0,0,0,0,0,0,0,0,0,Evaluate,2025-09-03 17:12:28.643018,0,0,,"{""Claims Management""}","{""Claims Triage & Assessment"",""Investigation & Evidence Gathering"",""Claims Adjudication""}",,,,false,false,reference,,,internal,,,,,,"Claims handling is fragmented between Guidewire and legacy systems (FarmWeb, NIG, UKRIS). Handlers manually decide where to route new claims, causing errors, delays, and duplicated effort. Specialist lines (agriculture) often require external adjusters, but referrals are manual and inconsistent. Reporting and MI suffer due to siloed data.","Andy Brown (highlighted fragmented routing pain, esp. agriculture).",Backlog,,"Medium — recurring operational pain, particularly in specialist LOBs.",,"Faster, more accurate routing → reduced cycle times
Less manual effort for handlers/ops → focus on servicing customers
Improved customer/broker experience with quicker specialist allocation
Unified MI across systems → better risk/claims portfolio insight
Supports long-term transition to Guidewire by masking legacy complexity.",,,,"{""Guidewire Claims Center"",FarmWeb,NIG,UKRIS,""external adjuster platforms"",""routing middleware.""}",,,3,3,,,,,,,,,,,,,,,,false,false,false,false,,,,,false,,,HEX_INT_028,false,,XS,9281,18563,2,4,1-2,,2026-01-29 07:56:32.563,,"{""derived"": true, ""tracking"": {""entries"": []}, ""derivedAt"": ""2026-02-03T14:22:50.869Z"", ""kpiValues"": {}, ""investment"": null, ""lastUpdated"": ""2026-02-03T14:22:50.869Z"", ""kpiEstimates"": [], ""selectedKpis"": [], ""trackingEnabled"": false, ""validationStatus"": ""unvalidated"", ""calculatedMetrics"": {""currentRoi"": null, ""lastCalculated"": null, ""cumulativeValueGbp"": null, ""projectedBreakevenMonth"": null}, ""totalEstimatedValue"": {""max"": 469800, ""min"": 0, ""currency"": ""GBP""}, ""confidenceAdjustment"": null}","{""derived"": true, ""staffing"": {""current"": {""client"": {""total"": 0.6, ""byRole"": {}}, ""vendor"": {""total"": 1.4, ""byRole"": {}}}, ""planned"": {""month6"": {""client"": 0.9, ""vendor"": 1.1}, ""month12"": {""client"": 1.3, ""vendor"": 0.7}, ""month18"": {""client"": 1.6, ""vendor"": 0.5}}}, ""training"": {""plannedCertifications"": [], ""completedCertifications"": [], ""totalTrainingHoursPlanned"": 40, ""totalTrainingHoursCompleted"": 0}, ""derivedAt"": ""2026-01-29T08:58:21.805Z"", ""derivedFrom"": {""quadrant"": ""Experimental"", ""tomPhase"": ""assessment"", ""tShirtSize"": ""XS"", ""operatingModel"": ""coe_led""}, ""roleEvolution"": [], ""knowledgeTransfer"": {""milestoneNotes"": {}, ""completedMilestones"": [], ""inProgressMilestones"": [""kt_001""]}, ""independenceHistory"": [{""date"": ""2026-01"", ""note"": ""Auto-derived from use case attributes"", ""percentage"": 10}], ""selfSufficiencyTarget"": {""targetDate"": ""2027-07-23"", ""advisoryRetainer"": ""false"", ""targetIndependence"": 90}, ""independencePercentage"": 10}",assessment,unique,,,,,pending,,,pending,,,,pending,,,,,pending,,,,,,,ff9f60ad-18f3-44f6-a2a4-78d22a2201a9,,low,false,,,
4c939a88-b15f-49db-be74-af5db4ba5d10,Limited predictive insight into claim lifecycle → AI Simulation Engine for Settlement Path,"AI simulation engine that models possible settlement paths (cash vs repair vs replace)
Predictive recommendation based on historical cost, duration, and satisfaction data
Supplier availability/pricing integration to factor in real-time constraints
Feedback loop to refine predictions based on actual claim outcomes
Decision rationale logging for audit/compliance.",Predictive ML,0,0,0,0,0,0,0,0,0,0,Evaluate,2025-09-03 17:12:28.622085,0,0,"{""All Commercial""}","{""Claims Management""}",{},"{""All Segments""}",{UK},,false,false,reference,,,internal,,,,,,"Claims handlers currently decide between cash settlements, repairs, or replacements without predictive tools. This leads to inconsistent outcomes, higher leakage, and uneven customer experience. Finance and audit lack transparency into decision rationale.",Andy Brown (highlighted inconsistent lifecycle outcomes and finance concerns).,Backlog,"Guidewire Claims Center, finance/payment systems, supplier engagement platforms.",Medium — raised as a notable gap but framed as an opportunity for future predictive capability.,,"Reduced claim leakage by selecting optimal paths systematically
Faster, more consistent decision-making for handlers
Improved customer satisfaction with transparent, fair outcomes
Stronger finance/audit traceability
Better supplier engagement → reduced delays and inflated settlements.",,,"{""Machine Learning"",""Predictive Analytics"",""Rule-based Systems""}","{""Guidewire Claims Center"",""finance/payment systems"",""supplier engagement platforms."",""Claims Database"",""External APIs"",""Historical Data""}","{""Claims Teams"",IT/Technology}",medium,3,4,,,,,,,,,,,,,,,,true,false,false,true,,,,,false,,,HEX_INT_029,false,{},XS,9281,18563,2,4,1-2,,2026-01-29 07:56:32.598,,"{""derived"": true, ""tracking"": {""entries"": []}, ""derivedAt"": ""2026-02-03T14:22:50.933Z"", ""kpiValues"": {}, ""investment"": null, ""lastUpdated"": ""2026-02-03T14:22:50.933Z"", ""kpiEstimates"": [], ""selectedKpis"": [], ""trackingEnabled"": false, ""validationStatus"": ""unvalidated"", ""calculatedMetrics"": {""currentRoi"": null, ""lastCalculated"": null, ""cumulativeValueGbp"": null, ""projectedBreakevenMonth"": null}, ""totalEstimatedValue"": {""max"": 469800, ""min"": 0, ""currency"": ""GBP""}, ""confidenceAdjustment"": null}","{""derived"": true, ""staffing"": {""current"": {""client"": {""total"": 0.6, ""byRole"": {}}, ""vendor"": {""total"": 1.4, ""byRole"": {}}}, ""planned"": {""month6"": {""client"": 0.9, ""vendor"": 1.1}, ""month12"": {""client"": 1.3, ""vendor"": 0.7}, ""month18"": {""client"": 1.6, ""vendor"": 0.5}}}, ""training"": {""plannedCertifications"": [], ""completedCertifications"": [], ""totalTrainingHoursPlanned"": 40, ""totalTrainingHoursCompleted"": 0}, ""derivedAt"": ""2026-01-29T08:58:21.852Z"", ""derivedFrom"": {""quadrant"": ""Experimental"", ""tomPhase"": ""assessment"", ""tShirtSize"": ""XS"", ""operatingModel"": ""coe_led""}, ""roleEvolution"": [], ""knowledgeTransfer"": {""milestoneNotes"": {}, ""completedMilestones"": [], ""inProgressMilestones"": [""kt_001""]}, ""independenceHistory"": [{""date"": ""2026-01"", ""note"": ""Auto-derived from use case attributes"", ""percentage"": 10}], ""selfSufficiencyTarget"": {""targetDate"": ""2027-07-23"", ""advisoryRetainer"": ""false"", ""targetIndependence"": 90}, ""independencePercentage"": 10}",assessment,unique,,,,,pending,,,pending,,,,pending,,,,,pending,,,,,,,ff9f60ad-18f3-44f6-a2a4-78d22a2201a9,,low,false,,,
f04b9aff-218e-49ed-ae08-c75729138871,"Conversational AI->High call volumes in contact center, manual QA of calls slow & inconsistent → AI Speech Analytics & Real-Time Support (part of this is already live)","1) Real-time transcription for every call with live compliance prompts and agent assist
2) End-of-call AI summary and action capture immediately at wrap-up
3) Always-on QA (100% coverage) with alerts and coaching signals for supervisors.",GenAI,0,0,0,0,4,2,0,4,0,0,Evaluate,2025-09-03 17:12:28.629548,0,0,"{""All Commercial""}","{""Customer Servicing""}","{""Customer Support"",""Relationship Management"",""Issue Resolution"",""Service Delivery""}","{""All Segments""}",{UK},,false,false,reference,,,internal,,,,,,"Service – Telephony ACW – We have AI summarisation up and working in Call Miner already, there was a project at the start of the year to get this real time so they could use it for notes and save on after call work (ACW). This requires some change in Vodafone and the process had started but stalled. Claims have now assigned a PM to work on it to push through to get the benefit. There is a secondary benefit as it will do in call prompting aka ‘the broker said looking for advice on product coverage – direct to site XXX’. Contact centers handle high volumes with after-the-fact QA and no in-call assist. Although CallMiner + Microsoft Cognitive + Verint are already procured and the solution design exists, the program is not mobilized at scale; value is left on the table.",James (Jay) Gregory (Service & Ops).,Implemented,"CallMiner (core), Microsoft Cognitive Services add-in, Verint (desktop/live prompts), contact center telephony & CRM.",Medium–High — “just needs mobilizing”; architecture and licenses are in place.,,"In-year: approx. 6–7 FTE benefit (transcript)
Next year: approx. 300–400k value (transcript; currency not specified)
Compliance assurance, improved CX, consistent service quality, and lower QA costs.",,,"{""Natural Language Processing""}","{""CallMiner (core)"",""Microsoft Cognitive Services add-in"",""Verint (desktop/live prompts)"",""contact center telephony & CRM."",""Customer Database"",""Policy Database"",""Claims Database""}","{""Customer Service"",Compliance,IT/Technology}",high,3,3,,,,,,,,,,Production,,,,,,true,false,false,false,,,,,false,,,HEX_INT_030,true,"{""Content Management -Categorization, tagging, curation"",""Information Analysis (Synthesis, summarization)""}",M,111375,222750,8,16,3-6,,2025-09-03 17:12:28.629548,,"{""derived"": true, ""tracking"": {""entries"": []}, ""derivedAt"": ""2026-02-03T14:22:50.917Z"", ""kpiValues"": {}, ""investment"": {""initialInvestment"": 180000, ""ongoingMonthlyCost"": 12000}, ""lastUpdated"": ""2026-02-03T14:22:50.917Z"", ""kpiEstimates"": [], ""selectedKpis"": [], ""trackingEnabled"": false, ""valueConfidence"": {""rationale"": null, ""adjustedValueGbp"": null, ""validationStatus"": ""fully_validated"", ""conservativeFactor"": 0.9}, ""validationStatus"": ""unvalidated"", ""calculatedMetrics"": {""currentRoi"": null, ""lastCalculated"": null, ""cumulativeValueGbp"": null, ""projectedBreakevenMonth"": null}, ""totalEstimatedValue"": {""max"": 367200, ""min"": 0, ""currency"": ""GBP""}, ""confidenceAdjustment"": null}","{""derived"": true, ""staffing"": {""current"": {""client"": {""total"": 1.5, ""byRole"": {}}, ""vendor"": {""total"": 3.5, ""byRole"": {}}}, ""planned"": {""month6"": {""client"": 2.4, ""vendor"": 2.6}, ""month12"": {""client"": 3.6, ""vendor"": 1.4}, ""month18"": {""client"": 4.5, ""vendor"": 0.5}}}, ""training"": {""plannedCertifications"": [], ""completedCertifications"": [], ""totalTrainingHoursPlanned"": 100, ""totalTrainingHoursCompleted"": 0}, ""derivedAt"": ""2026-02-04T07:37:36.788Z"", ""derivedFrom"": {""quadrant"": ""Evaluate"", ""tomPhase"": ""scale"", ""tShirtSize"": ""M"", ""operatingModel"": ""coe_led""}, ""roleEvolution"": [], ""knowledgeTransfer"": {""milestoneNotes"": {}, ""completedMilestones"": [""kt_001"", ""kt_002"", ""kt_003"", ""kt_004""], ""inProgressMilestones"": [""kt_005""]}, ""independenceHistory"": [{""date"": ""2026-02"", ""note"": ""Auto-derived from use case attributes"", ""percentage"": 25}], ""selfSufficiencyTarget"": {""targetDate"": ""2027-04-30"", ""advisoryRetainer"": ""false"", ""targetIndependence"": 90}, ""independencePercentage"": 25}",scale,unique,,,,,pending,,,approved,,,,approved,,,,,approved,,,,,2026-01-20 16:18:10.234,,ff9f60ad-18f3-44f6-a2a4-78d22a2201a9,,low,false,Lisa Chen,James Gregory,Business Owner Review
9f82c76f-6b5c-4bc7-816b-0f815e51f944,Customer Support AI Assistant (NLP Chatbot),"Customer Support Assistant Agents: Automate routine inquiries, policy details, claim status updates, and FAQs using NLP chatbots to provide 24/7 service support and freeing human agents. ",GenAI,0,0,0,0,0,0,0,0,0,0,Evaluate,2025-09-03 17:12:22.840322,0,0,"{""All Lines (CL,SL,Others)""}","{""Customer Servicing""}","{""Customer Support"",""Issue Resolution""}","{""All Segments""}","{UK,Ireland}",,false,false,reference,,,industry_standard,,,,,,"1) Automate Routine Customer Interactions: Handle inquiries related to policy details, claim status, coverage information, billing, and FAQs to provide instant 24/7 responses, reducing wait times and improving customer satisfaction.
2) Free Up Human Agents: Enable human representatives to focus on complex cases and personalized service by offloading repetitive queries to AI agents.
3) Improve Customer Experience: Provide personalized recommendations, guided help through claims and renewals, and interactive assistance, promoting policyholder retention and trust.
4) Cost Efficiency: Reduce operational costs through automation of high-volume support tasks with consistent quality.",Customer Servicing Manager,Backlog,All Customer Servicing applications,Q4 2025,,,,"Guidewire, PAS systems, Contact center systems","{""Machine Learning"",""Large Language Models"",""Natural Language Processing"",""Rule-based Systems""}","{""Claims Database"",""Policy Database"",""Customer Database""}","{""Customer Service""}",medium,3,3,,,,,,,,,,,,,,,,true,false,true,true,,,,,false,,,HEX_INT_031,true,"{""AI Assistant—Knowledge Source (Research assistant, information retrieval)"",""Information Analysis (Synthesis, summarization)""}",S,37125,74250,4,8,2-4,,2026-01-29 07:56:33.269,,"{""derived"": true, ""tracking"": {""entries"": []}, ""derivedAt"": ""2026-02-03T14:22:51.673Z"", ""kpiValues"": {}, ""investment"": null, ""lastUpdated"": ""2026-02-03T14:22:51.673Z"", ""kpiEstimates"": [], ""selectedKpis"": [], ""trackingEnabled"": false, ""validationStatus"": ""unvalidated"", ""calculatedMetrics"": {""currentRoi"": null, ""lastCalculated"": null, ""cumulativeValueGbp"": null, ""projectedBreakevenMonth"": null}, ""totalEstimatedValue"": {""max"": 367200, ""min"": 0, ""currency"": ""GBP""}, ""confidenceAdjustment"": null}","{""derived"": true, ""staffing"": {""current"": {""client"": {""total"": 0.9, ""byRole"": {}}, ""vendor"": {""total"": 2.1, ""byRole"": {}}}, ""planned"": {""month6"": {""client"": 1.3, ""vendor"": 1.7}, ""month12"": {""client"": 1.9, ""vendor"": 1.1}, ""month18"": {""client"": 2.4, ""vendor"": 0.6}}}, ""training"": {""plannedCertifications"": [], ""completedCertifications"": [], ""totalTrainingHoursPlanned"": 60, ""totalTrainingHoursCompleted"": 0}, ""derivedAt"": ""2026-01-29T08:58:22.635Z"", ""derivedFrom"": {""quadrant"": ""Experimental"", ""tomPhase"": ""assessment"", ""tShirtSize"": ""S"", ""operatingModel"": ""coe_led""}, ""roleEvolution"": [], ""knowledgeTransfer"": {""milestoneNotes"": {}, ""completedMilestones"": [], ""inProgressMilestones"": [""kt_001""]}, ""independenceHistory"": [{""date"": ""2026-01"", ""note"": ""Auto-derived from use case attributes"", ""percentage"": 10}], ""selfSufficiencyTarget"": {""targetDate"": ""2027-07-23"", ""advisoryRetainer"": ""false"", ""targetIndependence"": 90}, ""independencePercentage"": 10}",assessment,unique,,,,,pending,,,approved,,,,approved,,,,,approved,,,,,2026-01-20 16:18:10.234,,ff9f60ad-18f3-44f6-a2a4-78d22a2201a9,,low,false,,,
3e902b90-c3cd-4fc2-a541-d46f2aadb918,AI-Driven Risk Monitoring and Early Warning System,"This AI use case involves continuously monitoring insurance portfolios using machine learning and predictive analytics to identify emerging risks, unusual claim activity, or complex exposures that require early intervention despite their low immediate value. The AI system analyzes structured and unstructured data from multiple sources—claims, underwriting, external events, social signals—to detect patterns, anomalies, and trends that may predict future adverse outcomes or escalating risk profiles.",,0,0,0,0,0,0,0,0,0,0,Evaluate,2025-09-03 17:12:22.84126,0,0,"{""Specialty (E&S)"",""All Lines (CL,SL,Others)""}","{""Risk Consulting"",""Regulatory & Compliance""}","{""Risk Monitoring"",""Risk Evaluation""}","{""All Segments""}","{UK,Ireland}",,false,false,reference,,,industry_standard,,,,,,"Insurers face difficulty in proactively identifying latent or evolving risks within large volumes of low-value policies or claims that are complex in nature. Traditional systems may overlook subtle signs of potential loss development, fraud, regulatory issues, or operational inefficiencies, leading to surprise financial impacts, increased reserves, delayed interventions, and reduced profitability.",Risk Services,Backlog,,,,,,,"{""Machine Learning"",""Predictive Analytics""}","{""Claims Database"",""Broker Data & Feeds"",""Policy Database"",""Customer Database""}","{""Risk Management"",Compliance,""External Partners""}",high,3,4,,,,,,,,,,,,,,,,true,false,true,true,,,,,false,,,HEX_INT_032,false,,M,111375,222750,8,16,3-6,,2026-01-29 07:56:33.258,,"{""derived"": true, ""tracking"": {""entries"": []}, ""derivedAt"": ""2026-02-03T14:22:51.654Z"", ""kpiValues"": {}, ""investment"": null, ""lastUpdated"": ""2026-02-03T14:22:51.654Z"", ""kpiEstimates"": [], ""selectedKpis"": [], ""trackingEnabled"": false, ""validationStatus"": ""unvalidated"", ""calculatedMetrics"": {""currentRoi"": null, ""lastCalculated"": null, ""cumulativeValueGbp"": null, ""projectedBreakevenMonth"": null}, ""totalEstimatedValue"": {""max"": 415800, ""min"": 0, ""currency"": ""GBP""}, ""confidenceAdjustment"": null}","{""derived"": true, ""staffing"": {""current"": {""client"": {""total"": 1.5, ""byRole"": {}}, ""vendor"": {""total"": 3.5, ""byRole"": {}}}, ""planned"": {""month6"": {""client"": 2.1, ""vendor"": 2.9}, ""month12"": {""client"": 2.9, ""vendor"": 2.1}, ""month18"": {""client"": 3.5, ""vendor"": 1.5}}}, ""training"": {""plannedCertifications"": [], ""completedCertifications"": [], ""totalTrainingHoursPlanned"": 100, ""totalTrainingHoursCompleted"": 0}, ""derivedAt"": ""2026-01-29T08:58:22.622Z"", ""derivedFrom"": {""quadrant"": ""Watchlist"", ""tomPhase"": ""assessment"", ""tShirtSize"": ""M"", ""operatingModel"": ""coe_led""}, ""roleEvolution"": [], ""knowledgeTransfer"": {""milestoneNotes"": {}, ""completedMilestones"": [], ""inProgressMilestones"": [""kt_001""]}, ""independenceHistory"": [{""date"": ""2026-01"", ""note"": ""Auto-derived from use case attributes"", ""percentage"": 10}], ""selfSufficiencyTarget"": {""targetDate"": ""2027-12-20"", ""advisoryRetainer"": ""false"", ""targetIndependence"": 90}, ""independencePercentage"": 10}",assessment,unique,,,,,pending,,,approved,,,,approved,,,,,approved,,,,,2026-01-20 16:18:10.234,,ff9f60ad-18f3-44f6-a2a4-78d22a2201a9,,low,false,,,
7ca1e712-f49a-4cef-88e7-84482736d278,HR Data Lake/Warehouse Enablement,"Consolidate HR data (people, roles, tenure, attendance, hires) into a governed store to enable analytics, KPI automation, and downstream AI.",Analytics & Insights,0,0,0,0,3,4,0,3,0,0,Evaluate,2025-09-04 11:17:32.689369,0,0,"{""All Lines (CL,SL,Others)""}","{""Human Resources""}","{""Issue Resolution""}","{""All Segments""}",{UK},,false,false,reference,,,internal,,,,,,"Data fragmentation: HR data sits across multiple systems, making reporting slow and incomplete; need a data lake/warehouse for HR to enable analytics and AI on top.",Jess Jubb – HR/Transformation,Discovery,"AI readiness varies by function: HR systems are comparatively less advanced; pricing/data areas are further along.
HR platform: Intact uses Workday; RSA HR evaluating alignment. Decision expected by EOY/early next year; overall HR platform rollout targeted ~2026/27.",2026/27,,,,,"{""Predictive Analytics"",""Rule-based Systems""}","{""Historical Data"",""Third-party Data""}",,low,3,3,,,,,,,,,,PoC,,,,,,true,false,false,true,,,,,false,,,HEX_INT_033,true,"{""Data Analysis - Augmentation, visualization"",""Information Analysis (Synthesis, summarization)"",""Workflow Improvements  - Suggestions for workflow amendments, automated changes to workflows""}",M,111375,222750,8,16,3-6,,2025-09-04 11:17:32.689369,,"{""derived"": true, ""tracking"": {""entries"": []}, ""derivedAt"": ""2026-02-03T14:22:50.104Z"", ""kpiValues"": {}, ""investment"": {""initialInvestment"": 280000, ""ongoingMonthlyCost"": 20000}, ""lastUpdated"": ""2026-02-03T14:22:50.104Z"", ""kpiEstimates"": [], ""selectedKpis"": [], ""trackingEnabled"": false, ""valueConfidence"": {""rationale"": null, ""adjustedValueGbp"": null, ""validationStatus"": ""pending_finance"", ""conservativeFactor"": 0.65}, ""validationStatus"": ""unvalidated"", ""calculatedMetrics"": {""currentRoi"": null, ""lastCalculated"": null, ""cumulativeValueGbp"": null, ""projectedBreakevenMonth"": null}, ""totalEstimatedValue"": {""max"": 367200, ""min"": 0, ""currency"": ""GBP""}, ""confidenceAdjustment"": null}","{""derived"": true, ""staffing"": {""current"": {""client"": {""total"": 1.5, ""byRole"": {}}, ""vendor"": {""total"": 3.5, ""byRole"": {}}}, ""planned"": {""month6"": {""client"": 2.4, ""vendor"": 2.6}, ""month12"": {""client"": 3.6, ""vendor"": 1.4}, ""month18"": {""client"": 4.5, ""vendor"": 0.5}}}, ""training"": {""plannedCertifications"": [], ""completedCertifications"": [], ""totalTrainingHoursPlanned"": 100, ""totalTrainingHoursCompleted"": 0}, ""derivedAt"": ""2026-02-04T07:37:36.827Z"", ""derivedFrom"": {""quadrant"": ""Evaluate"", ""tomPhase"": ""ideation"", ""tShirtSize"": ""M"", ""operatingModel"": ""coe_led""}, ""roleEvolution"": [], ""knowledgeTransfer"": {""milestoneNotes"": {}, ""completedMilestones"": [""kt_001""], ""inProgressMilestones"": [""kt_002""]}, ""independenceHistory"": [{""date"": ""2026-02"", ""note"": ""Auto-derived from use case attributes"", ""percentage"": 20}], ""selfSufficiencyTarget"": {""targetDate"": ""2027-04-30"", ""advisoryRetainer"": ""false"", ""targetIndependence"": 90}, ""independencePercentage"": 20}",ideation,unique,,,,,pending,,,pending,,,,pending,,,,,pending,,,,,,,ff9f60ad-18f3-44f6-a2a4-78d22a2201a9,,low,false,Michelle Adams,Jess Jubb,AI Steering Committee
05a60f99-478e-49db-8b13-b7c2f0f4d7cd,Semantic HR Policy Search & Q&A,Natural-language search over HR policies/intranet with retrieval-augmented answers and citations to the source documents.,GenAI,0,0,0,0,4,2,0,4,0,0,Evaluate,2025-09-04 11:20:31.295396,0,0,"{""All Lines (CL,SL,Others)""}","{""Human Resources""}","{""Issue Resolution""}","{""All Segments""}",{UK},,false,false,reference,,,internal,,,,,,Intranet/policy access: Current intranet search is clunky; employees struggle to find policy info without exact terms; better search/self-service needed.,Jess Jubb – HR/Transformation,In-flight,Governance & access: ChatGPT access exists for some roles with mandatory training module and security policy; customer-facing areas restricted due to data sensitivity. Broader AI governance decisions pending.,,,,,,"{""Rule-based Systems"",""Large Language Models""}","{""Historical Data"",""Third-party Data""}",,low,3,3,,,,,,,,,,PoC,,,,,,true,false,false,true,,,,,false,,,HEX_INT_034,true,"{""AI Assistant—Knowledge Source (Research assistant, information retrieval)""}",M,111375,222750,8,16,3-6,,2025-09-04 11:20:31.295396,,"{""derived"": true, ""tracking"": {""entries"": []}, ""derivedAt"": ""2026-02-03T14:22:49.947Z"", ""kpiValues"": {}, ""investment"": {""initialInvestment"": 65000, ""ongoingMonthlyCost"": 5000}, ""lastUpdated"": ""2026-02-03T14:22:49.947Z"", ""kpiEstimates"": [], ""selectedKpis"": [], ""trackingEnabled"": false, ""valueConfidence"": {""rationale"": null, ""adjustedValueGbp"": null, ""validationStatus"": ""pending_actuarial"", ""conservativeFactor"": 0.75}, ""validationStatus"": ""unvalidated"", ""calculatedMetrics"": {""currentRoi"": null, ""lastCalculated"": null, ""cumulativeValueGbp"": null, ""projectedBreakevenMonth"": null}, ""totalEstimatedValue"": {""max"": 367200, ""min"": 0, ""currency"": ""GBP""}, ""confidenceAdjustment"": null}","{""derived"": true, ""staffing"": {""current"": {""client"": {""total"": 1.5, ""byRole"": {}}, ""vendor"": {""total"": 3.5, ""byRole"": {}}}, ""planned"": {""month6"": {""client"": 2.4, ""vendor"": 2.6}, ""month12"": {""client"": 3.6, ""vendor"": 1.4}, ""month18"": {""client"": 4.5, ""vendor"": 0.5}}}, ""training"": {""plannedCertifications"": [], ""completedCertifications"": [], ""totalTrainingHoursPlanned"": 100, ""totalTrainingHoursCompleted"": 0}, ""derivedAt"": ""2026-02-04T07:37:36.849Z"", ""derivedFrom"": {""quadrant"": ""Evaluate"", ""tomPhase"": ""foundation"", ""tShirtSize"": ""M"", ""operatingModel"": ""coe_led""}, ""roleEvolution"": [], ""knowledgeTransfer"": {""milestoneNotes"": {}, ""completedMilestones"": [""kt_001""], ""inProgressMilestones"": [""kt_002""]}, ""independenceHistory"": [{""date"": ""2026-02"", ""note"": ""Auto-derived from use case attributes"", ""percentage"": 20}], ""selfSufficiencyTarget"": {""targetDate"": ""2027-04-30"", ""advisoryRetainer"": ""false"", ""targetIndependence"": 90}, ""independencePercentage"": 20}",foundation,unique,,,,,pending,,,pending,,,,pending,,,,,pending,,,,,,,ff9f60ad-18f3-44f6-a2a4-78d22a2201a9,,low,false,Alex Wright,Jess Jubb,Business Owner Review
6644ff7c-36dc-49f3-af87-888fbc0de5ff,Employee Self-Service Assistant,"Guided workflows for common HR queries/tasks (leave, benefits, policy lookups) with guardrails; integrates with current intranet and future HR platform.",Conversational AI,0,0,0,0,0,0,0,0,0,0,Evaluate,2025-09-04 11:30:27.499273,0,0,"{""All Lines (CL,SL,Others)""}","{""Human Resources""}","{""Issue Resolution""}","{""All Segments""}",{UK},,false,false,reference,,,internal,,,,,,,Jess Jubb – HR/Transformation,Backlog,Governance & access: ChatGPT access exists for some roles with mandatory training module and security policy; customer-facing areas restricted due to data sensitivity. Broader AI governance decisions pending.,,,,,,"{""Natural Language Processing"",""Reinforcement Learning""}",,,low,3,3,,,,,,,,,,,,,,,,true,false,false,true,,,,,false,,,HEX_INT_035,true,"{""AI Assistant—Knowledge Source (Research assistant, information retrieval)""}",M,111375,222750,8,16,3-6,,2026-01-29 07:56:31.887,,"{""derived"": true, ""tracking"": {""entries"": []}, ""derivedAt"": ""2026-02-03T14:22:49.926Z"", ""kpiValues"": {}, ""investment"": null, ""lastUpdated"": ""2026-02-03T14:22:49.926Z"", ""kpiEstimates"": [], ""selectedKpis"": [], ""trackingEnabled"": false, ""validationStatus"": ""unvalidated"", ""calculatedMetrics"": {""currentRoi"": null, ""lastCalculated"": null, ""cumulativeValueGbp"": null, ""projectedBreakevenMonth"": null}, ""totalEstimatedValue"": {""max"": 367200, ""min"": 0, ""currency"": ""GBP""}, ""confidenceAdjustment"": null}","{""derived"": true, ""staffing"": {""current"": {""client"": {""total"": 1.5, ""byRole"": {}}, ""vendor"": {""total"": 3.5, ""byRole"": {}}}, ""planned"": {""month6"": {""client"": 2.4, ""vendor"": 2.6}, ""month12"": {""client"": 3.6, ""vendor"": 1.4}, ""month18"": {""client"": 4.5, ""vendor"": 0.5}}}, ""training"": {""plannedCertifications"": [], ""completedCertifications"": [], ""totalTrainingHoursPlanned"": 100, ""totalTrainingHoursCompleted"": 0}, ""derivedAt"": ""2026-01-29T08:58:20.873Z"", ""derivedFrom"": {""quadrant"": ""Strategic Bet"", ""tomPhase"": ""assessment"", ""tShirtSize"": ""M"", ""operatingModel"": ""coe_led""}, ""roleEvolution"": [], ""knowledgeTransfer"": {""milestoneNotes"": {}, ""completedMilestones"": [], ""inProgressMilestones"": [""kt_001""]}, ""independenceHistory"": [{""date"": ""2026-01"", ""note"": ""Auto-derived from use case attributes"", ""percentage"": 10}], ""selfSufficiencyTarget"": {""targetDate"": ""2027-04-24"", ""advisoryRetainer"": ""false"", ""targetIndependence"": 90}, ""independencePercentage"": 10}",assessment,unique,,,,,pending,,,pending,,,,pending,,,,,pending,,,,,,,ff9f60ad-18f3-44f6-a2a4-78d22a2201a9,,low,false,,,
70be09c6-10f1-4bc7-924b-7fa17aadd1ad,HR Recruitment Flow Automation,Job req creation → screening → interview scheduling → offer steps orchestrated end-to-end; aligns with future ATS/Workday integration.,Process Automation,0,0,0,0,0,0,0,0,0,0,Evaluate,2025-09-04 11:33:08.027297,0,0,"{""All Lines (CL,SL,Others)""}","{""Human Resources""}","{""Issue Resolution""}","{""All Segments""}",,,false,false,reference,,,internal,,,,,,"Recruitment: Today uses an external partner; considering future model (potentially in-house) and a slicker, end-to-end recruiting flow with new platform.",Jess Jubb – HR/Transformation,Backlog,,,,,,,"{""Rule-based Systems""}",,,low,3,3,,,,,,,,,,,,,,,,false,false,false,true,,,,,false,,,HEX_INT_036,false,,M,111375,222750,8,16,3-6,,2026-01-29 07:56:31.876,,"{""derived"": true, ""tracking"": {""entries"": []}, ""derivedAt"": ""2026-02-03T14:22:49.905Z"", ""kpiValues"": {}, ""investment"": null, ""lastUpdated"": ""2026-02-03T14:22:49.905Z"", ""kpiEstimates"": [], ""selectedKpis"": [], ""trackingEnabled"": false, ""validationStatus"": ""unvalidated"", ""calculatedMetrics"": {""currentRoi"": null, ""lastCalculated"": null, ""cumulativeValueGbp"": null, ""projectedBreakevenMonth"": null}, ""totalEstimatedValue"": {""max"": 367200, ""min"": 0, ""currency"": ""GBP""}, ""confidenceAdjustment"": null}","{""derived"": true, ""staffing"": {""current"": {""client"": {""total"": 1.5, ""byRole"": {}}, ""vendor"": {""total"": 3.5, ""byRole"": {}}}, ""planned"": {""month6"": {""client"": 2.4, ""vendor"": 2.6}, ""month12"": {""client"": 3.6, ""vendor"": 1.4}, ""month18"": {""client"": 4.5, ""vendor"": 0.5}}}, ""training"": {""plannedCertifications"": [], ""completedCertifications"": [], ""totalTrainingHoursPlanned"": 100, ""totalTrainingHoursCompleted"": 0}, ""derivedAt"": ""2026-01-29T08:58:20.859Z"", ""derivedFrom"": {""quadrant"": ""Strategic Bet"", ""tomPhase"": ""assessment"", ""tShirtSize"": ""M"", ""operatingModel"": ""coe_led""}, ""roleEvolution"": [], ""knowledgeTransfer"": {""milestoneNotes"": {}, ""completedMilestones"": [], ""inProgressMilestones"": [""kt_001""]}, ""independenceHistory"": [{""date"": ""2026-01"", ""note"": ""Auto-derived from use case attributes"", ""percentage"": 10}], ""selfSufficiencyTarget"": {""targetDate"": ""2027-04-24"", ""advisoryRetainer"": ""false"", ""targetIndependence"": 90}, ""independencePercentage"": 10}",assessment,unique,,,,,pending,,,pending,,,,pending,,,,,pending,,,,,,,ff9f60ad-18f3-44f6-a2a4-78d22a2201a9,,low,false,,,
474840f3-8585-4902-924d-d4c8d43ae3c9,Workforce Insights & KPI Dashboards,"Automated metrics: absence, tenure, office attendance compliance, internal vs external retention, skill gaps—driven from the HR data foundation.",Analytics & Insights,0,0,0,0,0,0,0,0,0,0,Evaluate,2025-09-04 11:35:32.730481,0,0,"{""All Lines (CL,SL,Others)""}","{""Human Resources""}","{""Issue Resolution""}","{""All Segments""}",{UK},,false,false,reference,,,internal,,,,,,"Track HR KPIs (current/desired): Absence rates, tenure, office attendance compliance (return-to-office policy), skill gaps, internal vs external hire retention;",Jess Jubb – HR/Transformation,Backlog,,,,,,,"{""Rule-based Systems""}",,,low,3,3,,,,,,,,,,,,,,,,false,false,false,true,,,,,false,,,HEX_INT_037,false,,M,111375,222750,8,16,3-6,,2026-01-29 07:56:31.864,,"{""derived"": true, ""tracking"": {""entries"": []}, ""derivedAt"": ""2026-02-03T14:22:49.885Z"", ""kpiValues"": {}, ""investment"": null, ""lastUpdated"": ""2026-02-03T14:22:49.885Z"", ""kpiEstimates"": [], ""selectedKpis"": [], ""trackingEnabled"": false, ""validationStatus"": ""unvalidated"", ""calculatedMetrics"": {""currentRoi"": null, ""lastCalculated"": null, ""cumulativeValueGbp"": null, ""projectedBreakevenMonth"": null}, ""totalEstimatedValue"": {""max"": 367200, ""min"": 0, ""currency"": ""GBP""}, ""confidenceAdjustment"": null}","{""derived"": true, ""staffing"": {""current"": {""client"": {""total"": 1.5, ""byRole"": {}}, ""vendor"": {""total"": 3.5, ""byRole"": {}}}, ""planned"": {""month6"": {""client"": 2.4, ""vendor"": 2.6}, ""month12"": {""client"": 3.6, ""vendor"": 1.4}, ""month18"": {""client"": 4.5, ""vendor"": 0.5}}}, ""training"": {""plannedCertifications"": [], ""completedCertifications"": [], ""totalTrainingHoursPlanned"": 100, ""totalTrainingHoursCompleted"": 0}, ""derivedAt"": ""2026-01-29T08:58:20.844Z"", ""derivedFrom"": {""quadrant"": ""Strategic Bet"", ""tomPhase"": ""assessment"", ""tShirtSize"": ""M"", ""operatingModel"": ""coe_led""}, ""roleEvolution"": [], ""knowledgeTransfer"": {""milestoneNotes"": {}, ""completedMilestones"": [], ""inProgressMilestones"": [""kt_001""]}, ""independenceHistory"": [{""date"": ""2026-01"", ""note"": ""Auto-derived from use case attributes"", ""percentage"": 10}], ""selfSufficiencyTarget"": {""targetDate"": ""2027-04-24"", ""advisoryRetainer"": ""false"", ""targetIndependence"": 90}, ""independencePercentage"": 10}",assessment,unique,,,,,pending,,,pending,,,,pending,,,,,pending,,,,,,,ff9f60ad-18f3-44f6-a2a4-78d22a2201a9,,low,false,,,
feb4dbdb-72ee-413b-b585-e02ab7c105ee,AI Access Enablement & Governance (HR),"Role-based access to GenAI with embedded data-loss prevention, audit, and policy training completion checks.",GenAI,0,0,0,0,3,3,0,3,0,0,Evaluate,2025-09-04 11:37:32.342117,0,0,"{""All Lines (CL,SL,Others)""}","{""Human Resources""}",{},"{""All Segments""}",{UK},,false,false,reference,,,internal,,,,,,Ensure these are addressed - Data sensitivity (PII) in HR and customer-facing domains; governance model and deployment pattern (cloud vs. on-prem/private) to be defined. Platform timing: Significant HR process re-work may align better with the new platform roll-out; risk of near-term duplicative effort.,Jess Jubb – HR/Transformation,In-flight,"Governance & access: ChatGPT access exists for some roles with mandatory training module and security policy; customer-facing areas restricted due to data sensitivity. Broader AI governance decisions pending.
Change posture: Top-down remit to invest in AI is clear; general openness expected if benefits and safeguards are understood.",,,,,,{},{},{},,3,3,,,,,,,,,,Pilot,,,,,,,,,,,,,,false,,,HEX_INT_038,false,{},M,111375,222750,8,16,3-6,,2025-09-04 11:37:32.342117,,"{""derived"": true, ""tracking"": {""entries"": []}, ""derivedAt"": ""2026-02-03T14:22:49.871Z"", ""kpiValues"": {}, ""investment"": {""initialInvestment"": 95000, ""ongoingMonthlyCost"": 8000}, ""lastUpdated"": ""2026-02-03T14:22:49.871Z"", ""kpiEstimates"": [], ""selectedKpis"": [], ""trackingEnabled"": false, ""valueConfidence"": {""rationale"": null, ""adjustedValueGbp"": null, ""validationStatus"": ""pending_finance"", ""conservativeFactor"": 0.7}, ""validationStatus"": ""unvalidated"", ""calculatedMetrics"": {""currentRoi"": null, ""lastCalculated"": null, ""cumulativeValueGbp"": null, ""projectedBreakevenMonth"": null}, ""totalEstimatedValue"": {""max"": 367200, ""min"": 0, ""currency"": ""GBP""}, ""confidenceAdjustment"": null}","{""derived"": true, ""staffing"": {""current"": {""client"": {""total"": 1.5, ""byRole"": {}}, ""vendor"": {""total"": 3.5, ""byRole"": {}}}, ""planned"": {""month6"": {""client"": 2.4, ""vendor"": 2.6}, ""month12"": {""client"": 3.6, ""vendor"": 1.4}, ""month18"": {""client"": 4.5, ""vendor"": 0.5}}}, ""training"": {""plannedCertifications"": [], ""completedCertifications"": [], ""totalTrainingHoursPlanned"": 100, ""totalTrainingHoursCompleted"": 0}, ""derivedAt"": ""2026-02-04T07:37:36.870Z"", ""derivedFrom"": {""quadrant"": ""Evaluate"", ""tomPhase"": ""foundation"", ""tShirtSize"": ""M"", ""operatingModel"": ""coe_led""}, ""roleEvolution"": [], ""knowledgeTransfer"": {""milestoneNotes"": {}, ""completedMilestones"": [""kt_001"", ""kt_002""], ""inProgressMilestones"": [""kt_003""]}, ""independenceHistory"": [{""date"": ""2026-02"", ""note"": ""Auto-derived from use case attributes"", ""percentage"": 25}], ""selfSufficiencyTarget"": {""targetDate"": ""2027-04-30"", ""advisoryRetainer"": ""false"", ""targetIndependence"": 90}, ""independencePercentage"": 25}",foundation,unique,,,,,pending,,,pending,,,,pending,,,,,pending,,,,,,,ff9f60ad-18f3-44f6-a2a4-78d22a2201a9,,low,false,Patricia Garcia,Jess Jubb,AI Steering Committee
c2cb358a-313e-4e0a-8078-cd11115785e5,Call summarization for claims interactions,Handlers spend time reading long notes/emails and listening to calls to understand claim context. Manual note‑taking is inconsistent and delays response; difficult to surface status to customers quickly.,Conversational AI,3,3,3,4,4,3,3,4,3.4,3.4,Strategic Bet,2025-09-09 10:02:55.731626,4,3,"{""All Lines (CL,SL,Others)""}","{""Claims Management""}","{""First Notice of Loss (FNOL),First Report of Injury (FROI)"",""Claims Triage & Assessment""}","{""All Segments""}","{UK,""United States""}",,true,true,active,,Moved to library,internal,Governance gates passed - ready for portfolio tracking,,,,,"Use existing call transcription capability to generate concise call summaries, actions, and next steps. Auto‑attach summary to claim file and flag follow‑ups; surface status via customer/partner portal where applicable.",Vicky Walker (UK) & Andy Flower,In-flight,Existing call‑transcription platform (Call Miner); Guidewire (claims notes/communications).,High — near‑term/tactical opportunity using existing transcripts.,Reduced average handling time; faster customer updates; improved consistency and auditability of notes; fewer hand‑offs and rework.,,,,"{""Large Language Models"",""Natural Language Processing"",""Rule-based Systems""}","{""Claims Database"",""Customer Database""}","{""Claims Teams"",IT/Technology}",medium,3,3,,,,,,,,,,Pilot,,Claims,,,,true,false,true,true,,,,,false,,,HEX_INT_039,false,{},M,111375,222750,8,16,3-6,,2025-09-09 10:02:55.731626,,"{""derived"": true, ""tracking"": {""entries"": []}, ""derivedAt"": ""2026-02-03T14:22:49.856Z"", ""kpiValues"": {}, ""investment"": {""initialInvestment"": 175000, ""ongoingMonthlyCost"": 12000}, ""lastUpdated"": ""2026-02-03T14:22:49.856Z"", ""kpiEstimates"": [{""kpiId"": ""cl_001"", ""kpiName"": ""FNOL Capture Time"", ""kpiType"": ""operational"", ""confidence"": ""low"", ""valueStream"": ""operational_savings"", ""expectedRange"": {""max"": 10, ""min"": 0}, ""maturityLevel"": ""foundational"", ""benchmarkProcess"": null, ""estimatedAnnualValueGbp"": {""max"": 5400, ""min"": 0}}, {""kpiId"": ""cl_002"", ""kpiName"": ""FNOL Data Completeness"", ""kpiType"": ""operational"", ""confidence"": ""low"", ""valueStream"": ""operational_savings"", ""expectedRange"": {""max"": 10, ""min"": 0}, ""maturityLevel"": ""foundational"", ""benchmarkProcess"": null, ""estimatedAnnualValueGbp"": {""max"": 5400, ""min"": 0}}, {""kpiId"": ""cl_003"", ""kpiName"": ""Self-Service FNOL Rate"", ""kpiType"": ""financial"", ""confidence"": ""low"", ""valueStream"": ""operational_savings"", ""expectedRange"": {""max"": 10, ""min"": 0}, ""maturityLevel"": ""foundational"", ""benchmarkProcess"": null, ""estimatedAnnualValueGbp"": {""max"": 5400, ""min"": 0}}, {""kpiId"": ""cl_004"", ""kpiName"": ""Triage Accuracy"", ""kpiType"": ""operational"", ""confidence"": ""low"", ""valueStream"": ""operational_savings"", ""expectedRange"": {""max"": 10, ""min"": 0}, ""maturityLevel"": ""foundational"", ""benchmarkProcess"": null, ""estimatedAnnualValueGbp"": {""max"": 5400, ""min"": 0}}, {""kpiId"": ""cl_005"", ""kpiName"": ""Auto-Triage Rate"", ""kpiType"": ""financial"", ""confidence"": ""low"", ""valueStream"": ""operational_savings"", ""expectedRange"": {""max"": 10, ""min"": 0}, ""maturityLevel"": ""foundational"", ""benchmarkProcess"": null, ""estimatedAnnualValueGbp"": {""max"": 5400, ""min"": 0}}, {""kpiId"": ""cl_006"", ""kpiName"": ""Routing Efficiency"", ""kpiType"": ""operational"", ""confidence"": ""low"", ""valueStream"": ""operational_savings"", ""expectedRange"": {""max"": 10, ""min"": 0}, ""maturityLevel"": ""foundational"", ""benchmarkProcess"": null, ""estimatedAnnualValueGbp"": {""max"": 5400, ""min"": 0}}, {""kpiId"": ""cl_007"", ""kpiName"": ""Investigation Cycle Time"", ""kpiType"": ""operational"", ""confidence"": ""low"", ""valueStream"": ""operational_savings"", ""expectedRange"": {""max"": 10, ""min"": 0}, ""maturityLevel"": ""foundational"", ""benchmarkProcess"": null, ""estimatedAnnualValueGbp"": {""max"": 5400, ""min"": 0}}, {""kpiId"": ""cl_008"", ""kpiName"": ""Document Collection Time"", ""kpiType"": ""operational"", ""confidence"": ""low"", ""valueStream"": ""operational_savings"", ""expectedRange"": {""max"": 10, ""min"": 0}, ""maturityLevel"": ""foundational"", ""benchmarkProcess"": null, ""estimatedAnnualValueGbp"": {""max"": 5400, ""min"": 0}}, {""kpiId"": ""cl_009"", ""kpiName"": ""Fraud Detection Rate"", ""kpiType"": ""financial"", ""confidence"": ""low"", ""valueStream"": ""operational_savings"", ""expectedRange"": {""max"": 10, ""min"": 0}, ""maturityLevel"": ""foundational"", ""benchmarkProcess"": null, ""estimatedAnnualValueGbp"": {""max"": 5400, ""min"": 0}}, {""kpiId"": ""cl_010"", ""kpiName"": ""Reserve Accuracy"", ""kpiType"": ""financial"", ""confidence"": ""low"", ""valueStream"": ""operational_savings"", ""expectedRange"": {""max"": 10, ""min"": 0}, ""maturityLevel"": ""foundational"", ""benchmarkProcess"": null, ""estimatedAnnualValueGbp"": {""max"": 5400, ""min"": 0}}, {""kpiId"": ""cl_011"", ""kpiName"": ""Initial Reserve Time"", ""kpiType"": ""operational"", ""confidence"": ""low"", ""valueStream"": ""operational_savings"", ""expectedRange"": {""max"": 10, ""min"": 0}, ""maturityLevel"": ""foundational"", ""benchmarkProcess"": null, ""estimatedAnnualValueGbp"": {""max"": 5400, ""min"": 0}}, {""kpiId"": ""cl_012"", ""kpiName"": ""Reserve Development Volatility"", ""kpiType"": ""financial"", ""confidence"": ""low"", ""valueStream"": ""operational_savings"", ""expectedRange"": {""max"": 10, ""min"": 0}, ""maturityLevel"": ""foundational"", ""benchmarkProcess"": null, ""estimatedAnnualValueGbp"": {""max"": 5400, ""min"": 0}}, {""kpiId"": ""cl_013"", ""kpiName"": ""Average Settlement Time"", ""kpiType"": ""operational"", ""confidence"": ""low"", ""valueStream"": ""operational_savings"", ""expectedRange"": {""max"": 10, ""min"": 0}, ""maturityLevel"": ""foundational"", ""benchmarkProcess"": null, ""estimatedAnnualValueGbp"": {""max"": 5400, ""min"": 0}}, {""kpiId"": ""cl_014"", ""kpiName"": ""Straight-Through Processing Rate"", ""kpiType"": ""financial"", ""confidence"": ""low"", ""valueStream"": ""operational_savings"", ""expectedRange"": {""max"": 10, ""min"": 0}, ""maturityLevel"": ""foundational"", ""benchmarkProcess"": null, ""estimatedAnnualValueGbp"": {""max"": 5400, ""min"": 0}}, {""kpiId"": ""cl_015"", ""kpiName"": ""Payment Accuracy"", ""kpiType"": ""operational"", ""confidence"": ""low"", ""valueStream"": ""operational_savings"", ""expectedRange"": {""max"": 10, ""min"": 0}, ""maturityLevel"": ""foundational"", ""benchmarkProcess"": null, ""estimatedAnnualValueGbp"": {""max"": 5400, ""min"": 0}}, {""kpiId"": ""cl_016"", ""kpiName"": ""Claims Severity"", ""kpiType"": ""financial"", ""confidence"": ""low"", ""valueStream"": ""operational_savings"", ""expectedRange"": {""max"": 10, ""min"": 0}, ""maturityLevel"": ""foundational"", ""benchmarkProcess"": null, ""estimatedAnnualValueGbp"": {""max"": 5400, ""min"": 0}}, {""kpiId"": ""cl_017"", ""kpiName"": ""Subrogation Identification Rate"", ""kpiType"": ""financial"", ""confidence"": ""low"", ""valueStream"": ""operational_savings"", ""expectedRange"": {""max"": 10, ""min"": 0}, ""maturityLevel"": ""foundational"", ""benchmarkProcess"": null, ""estimatedAnnualValueGbp"": {""max"": 5400, ""min"": 0}}, {""kpiId"": ""cl_018"", ""kpiName"": ""Recovery Rate"", ""kpiType"": ""financial"", ""confidence"": ""low"", ""valueStream"": ""operational_savings"", ""expectedRange"": {""max"": 10, ""min"": 0}, ""maturityLevel"": ""foundational"", ""benchmarkProcess"": null, ""estimatedAnnualValueGbp"": {""max"": 5400, ""min"": 0}}, {""kpiId"": ""cl_019"", ""kpiName"": ""Recovery Cycle Time"", ""kpiType"": ""operational"", ""confidence"": ""low"", ""valueStream"": ""operational_savings"", ""expectedRange"": {""max"": 10, ""min"": 0}, ""maturityLevel"": ""foundational"", ""benchmarkProcess"": null, ""estimatedAnnualValueGbp"": {""max"": 5400, ""min"": 0}}, {""kpiId"": ""mp_001"", ""kpiName"": ""Model Accuracy Degradation Rate"", ""kpiType"": ""operational"", ""confidence"": ""low"", ""valueStream"": ""operational_savings"", ""expectedRange"": {""max"": 10, ""min"": 0}, ""maturityLevel"": ""foundational"", ""benchmarkProcess"": null, ""estimatedAnnualValueGbp"": {""max"": 5400, ""min"": 0}}, {""kpiId"": ""mp_002"", ""kpiName"": ""Prediction Confidence Distribution"", ""kpiType"": ""operational"", ""confidence"": ""low"", ""valueStream"": ""operational_savings"", ""expectedRange"": {""max"": 10, ""min"": 0}, ""maturityLevel"": ""foundational"", ""benchmarkProcess"": null, ""estimatedAnnualValueGbp"": {""max"": 5400, ""min"": 0}}, {""kpiId"": ""mp_003"", ""kpiName"": ""Inference Latency (p95)"", ""kpiType"": ""operational"", ""confidence"": ""low"", ""valueStream"": ""operational_savings"", ""expectedRange"": {""max"": 10, ""min"": 0}, ""maturityLevel"": ""foundational"", ""benchmarkProcess"": null, ""estimatedAnnualValueGbp"": {""max"": 5400, ""min"": 0}}, {""kpiId"": ""mp_004"", ""kpiName"": ""Model Drift Detection Rate"", ""kpiType"": ""operational"", ""confidence"": ""low"", ""valueStream"": ""operational_savings"", ""expectedRange"": {""max"": 10, ""min"": 0}, ""maturityLevel"": ""foundational"", ""benchmarkProcess"": null, ""estimatedAnnualValueGbp"": {""max"": 5400, ""min"": 0}}, {""kpiId"": ""mp_005"", ""kpiName"": ""Feature Importance Stability"", ""kpiType"": ""operational"", ""confidence"": ""low"", ""valueStream"": ""operational_savings"", ""expectedRange"": {""max"": 10, ""min"": 0}, ""maturityLevel"": ""foundational"", ""benchmarkProcess"": null, ""estimatedAnnualValueGbp"": {""max"": 5400, ""min"": 0}}, {""kpiId"": ""mp_006"", ""kpiName"": ""A/B Test Statistical Power"", ""kpiType"": ""strategic"", ""confidence"": ""low"", ""valueStream"": ""operational_savings"", ""expectedRange"": {""max"": 10, ""min"": 0}, ""maturityLevel"": ""foundational"", ""benchmarkProcess"": null, ""estimatedAnnualValueGbp"": {""max"": 5400, ""min"": 0}}, {""kpiId"": ""dq_001"", ""kpiName"": ""Data Freshness Score"", ""kpiType"": ""operational"", ""confidence"": ""low"", ""valueStream"": ""operational_savings"", ""expectedRange"": {""max"": 10, ""min"": 0}, ""maturityLevel"": ""foundational"", ""benchmarkProcess"": null, ""estimatedAnnualValueGbp"": {""max"": 5400, ""min"": 0}}, {""kpiId"": ""dq_002"", ""kpiName"": ""Feature Store Coverage"", ""kpiType"": ""compliance"", ""confidence"": ""low"", ""valueStream"": ""operational_savings"", ""expectedRange"": {""max"": 10, ""min"": 0}, ""maturityLevel"": ""foundational"", ""benchmarkProcess"": null, ""estimatedAnnualValueGbp"": {""max"": 5400, ""min"": 0}}, {""kpiId"": ""dq_003"", ""kpiName"": ""Feature Reuse Rate"", ""kpiType"": ""operational"", ""confidence"": ""low"", ""valueStream"": ""operational_savings"", ""expectedRange"": {""max"": 10, ""min"": 0}, ""maturityLevel"": ""foundational"", ""benchmarkProcess"": null, ""estimatedAnnualValueGbp"": {""max"": 5400, ""min"": 0}}, {""kpiId"": ""dq_004"", ""kpiName"": ""Data Quality Score (DQS)"", ""kpiType"": ""operational"", ""confidence"": ""low"", ""valueStream"": ""operational_savings"", ""expectedRange"": {""max"": 10, ""min"": 0}, ""maturityLevel"": ""foundational"", ""benchmarkProcess"": null, ""estimatedAnnualValueGbp"": {""max"": 5400, ""min"": 0}}, {""kpiId"": ""dq_005"", ""kpiName"": ""Data Pipeline SLA Adherence"", ""kpiType"": ""operational"", ""confidence"": ""low"", ""valueStream"": ""operational_savings"", ""expectedRange"": {""max"": 10, ""min"": 0}, ""maturityLevel"": ""foundational"", ""benchmarkProcess"": null, ""estimatedAnnualValueGbp"": {""max"": 5400, ""min"": 0}}, {""kpiId"": ""dq_006"", ""kpiName"": ""Schema Drift Incidents"", ""kpiType"": ""operational"", ""confidence"": ""low"", ""valueStream"": ""operational_savings"", ""expectedRange"": {""max"": 10, ""min"": 0}, ""maturityLevel"": ""foundational"", ""benchmarkProcess"": null, ""estimatedAnnualValueGbp"": {""max"": 5400, ""min"": 0}}, {""kpiId"": ""td_001"", ""kpiName"": ""Technical Debt Ratio"", ""kpiType"": ""operational"", ""confidence"": ""low"", ""valueStream"": ""operational_savings"", ""expectedRange"": {""max"": 10, ""min"": 0}, ""maturityLevel"": ""foundational"", ""benchmarkProcess"": null, ""estimatedAnnualValueGbp"": {""max"": 5400, ""min"": 0}}, {""kpiId"": ""td_002"", ""kpiName"": ""API Error Rate"", ""kpiType"": ""operational"", ""confidence"": ""low"", ""valueStream"": ""operational_savings"", ""expectedRange"": {""max"": 10, ""min"": 0}, ""maturityLevel"": ""foundational"", ""benchmarkProcess"": null, ""estimatedAnnualValueGbp"": {""max"": 5400, ""min"": 0}}, {""kpiId"": ""td_003"", ""kpiName"": ""Security Vulnerability Remediation Time"", ""kpiType"": ""compliance"", ""confidence"": ""low"", ""valueStream"": ""operational_savings"", ""expectedRange"": {""max"": 10, ""min"": 0}, ""maturityLevel"": ""foundational"", ""benchmarkProcess"": null, ""estimatedAnnualValueGbp"": {""max"": 5400, ""min"": 0}}, {""kpiId"": ""td_004"", ""kpiName"": ""Platform Currency Score"", ""kpiType"": ""operational"", ""confidence"": ""low"", ""valueStream"": ""operational_savings"", ""expectedRange"": {""max"": 10, ""min"": 0}, ""maturityLevel"": ""foundational"", ""benchmarkProcess"": null, ""estimatedAnnualValueGbp"": {""max"": 5400, ""min"": 0}}, {""kpiId"": ""td_005"", ""kpiName"": ""Infrastructure Cost Efficiency"", ""kpiType"": ""financial"", ""confidence"": ""low"", ""valueStream"": ""operational_savings"", ""expectedRange"": {""max"": 10, ""min"": 0}, ""maturityLevel"": ""foundational"", ""benchmarkProcess"": null, ""estimatedAnnualValueGbp"": {""max"": 5400, ""min"": 0}}, {""kpiId"": ""td_006"", ""kpiName"": ""Environment Parity"", ""kpiType"": ""operational"", ""confidence"": ""low"", ""valueStream"": ""operational_savings"", ""expectedRange"": {""max"": 10, ""min"": 0}, ""maturityLevel"": ""foundational"", ""benchmarkProcess"": null, ""estimatedAnnualValueGbp"": {""max"": 5400, ""min"": 0}}, {""kpiId"": ""ta_001"", ""kpiName"": ""AI Talent Retention Rate"", ""kpiType"": ""strategic"", ""confidence"": ""low"", ""valueStream"": ""operational_savings"", ""expectedRange"": {""max"": 10, ""min"": 0}, ""maturityLevel"": ""foundational"", ""benchmarkProcess"": null, ""estimatedAnnualValueGbp"": {""max"": 5400, ""min"": 0}}, {""kpiId"": ""ta_002"", ""kpiName"": ""Skill Gap Closure Velocity"", ""kpiType"": ""strategic"", ""confidence"": ""low"", ""valueStream"": ""operational_savings"", ""expectedRange"": {""max"": 10, ""min"": 0}, ""maturityLevel"": ""foundational"", ""benchmarkProcess"": null, ""estimatedAnnualValueGbp"": {""max"": 5400, ""min"": 0}}, {""kpiId"": ""ta_003"", ""kpiName"": ""Knowledge Documentation Coverage"", ""kpiType"": ""operational"", ""confidence"": ""low"", ""valueStream"": ""operational_savings"", ""expectedRange"": {""max"": 10, ""min"": 0}, ""maturityLevel"": ""foundational"", ""benchmarkProcess"": null, ""estimatedAnnualValueGbp"": {""max"": 5400, ""min"": 0}}, {""kpiId"": ""ta_004"", ""kpiName"": ""Bus Factor Risk"", ""kpiType"": ""compliance"", ""confidence"": ""low"", ""valueStream"": ""operational_savings"", ""expectedRange"": {""max"": 10, ""min"": 0}, ""maturityLevel"": ""foundational"", ""benchmarkProcess"": null, ""estimatedAnnualValueGbp"": {""max"": 5400, ""min"": 0}}, {""kpiId"": ""ta_005"", ""kpiName"": ""Team Utilization Rate"", ""kpiType"": ""operational"", ""confidence"": ""low"", ""valueStream"": ""operational_savings"", ""expectedRange"": {""max"": 10, ""min"": 0}, ""maturityLevel"": ""foundational"", ""benchmarkProcess"": null, ""estimatedAnnualValueGbp"": {""max"": 5400, ""min"": 0}}, {""kpiId"": ""ta_006"", ""kpiName"": ""Internal Mobility/Growth"", ""kpiType"": ""strategic"", ""confidence"": ""low"", ""valueStream"": ""operational_savings"", ""expectedRange"": {""max"": 10, ""min"": 0}, ""maturityLevel"": ""foundational"", ""benchmarkProcess"": null, ""estimatedAnnualValueGbp"": {""max"": 5400, ""min"": 0}}, {""kpiId"": ""in_001"", ""kpiName"": ""Idea-to-PoC Conversion Rate"", ""kpiType"": ""strategic"", ""confidence"": ""low"", ""valueStream"": ""operational_savings"", ""expectedRange"": {""max"": 10, ""min"": 0}, ""maturityLevel"": ""foundational"", ""benchmarkProcess"": null, ""estimatedAnnualValueGbp"": {""max"": 5400, ""min"": 0}}, {""kpiId"": ""in_002"", ""kpiName"": ""PoC Cycle Time"", ""kpiType"": ""operational"", ""confidence"": ""low"", ""valueStream"": ""operational_savings"", ""expectedRange"": {""max"": 10, ""min"": 0}, ""maturityLevel"": ""foundational"", ""benchmarkProcess"": null, ""estimatedAnnualValueGbp"": {""max"": 5400, ""min"": 0}}, {""kpiId"": ""in_003"", ""kpiName"": ""Experimentation Velocity"", ""kpiType"": ""operational"", ""confidence"": ""low"", ""valueStream"": ""operational_savings"", ""expectedRange"": {""max"": 10, ""min"": 0}, ""maturityLevel"": ""foundational"", ""benchmarkProcess"": null, ""estimatedAnnualValueGbp"": {""max"": 5400, ""min"": 0}}, {""kpiId"": ""in_004"", ""kpiName"": ""Failed Experiment Learning Capture"", ""kpiType"": ""strategic"", ""confidence"": ""low"", ""valueStream"": ""operational_savings"", ""expectedRange"": {""max"": 10, ""min"": 0}, ""maturityLevel"": ""foundational"", ""benchmarkProcess"": null, ""estimatedAnnualValueGbp"": {""max"": 5400, ""min"": 0}}, {""kpiId"": ""in_005"", ""kpiName"": ""Innovation Funnel Health"", ""kpiType"": ""strategic"", ""confidence"": ""low"", ""valueStream"": ""operational_savings"", ""expectedRange"": {""max"": 10, ""min"": 0}, ""maturityLevel"": ""foundational"", ""benchmarkProcess"": null, ""estimatedAnnualValueGbp"": {""max"": 5400, ""min"": 0}}, {""kpiId"": ""in_006"", ""kpiName"": ""External Partnership Value"", ""kpiType"": ""strategic"", ""confidence"": ""low"", ""valueStream"": ""operational_savings"", ""expectedRange"": {""max"": 10, ""min"": 0}, ""maturityLevel"": ""foundational"", ""benchmarkProcess"": null, ""estimatedAnnualValueGbp"": {""max"": 5400, ""min"": 0}}, {""kpiId"": ""sh_001"", ""kpiName"": ""Business Sponsor Satisfaction"", ""kpiType"": ""strategic"", ""confidence"": ""low"", ""valueStream"": ""operational_savings"", ""expectedRange"": {""max"": 10, ""min"": 0}, ""maturityLevel"": ""foundational"", ""benchmarkProcess"": null, ""estimatedAnnualValueGbp"": {""max"": 5400, ""min"": 0}}, {""kpiId"": ""sh_002"", ""kpiName"": ""Strategic Priority Alignment"", ""kpiType"": ""strategic"", ""confidence"": ""low"", ""valueStream"": ""operational_savings"", ""expectedRange"": {""max"": 10, ""min"": 0}, ""maturityLevel"": ""foundational"", ""benchmarkProcess"": null, ""estimatedAnnualValueGbp"": {""max"": 5400, ""min"": 0}}, {""kpiId"": ""sh_003"", ""kpiName"": ""Demand Backlog Age"", ""kpiType"": ""operational"", ""confidence"": ""low"", ""valueStream"": ""operational_savings"", ""expectedRange"": {""max"": 10, ""min"": 0}, ""maturityLevel"": ""foundational"", ""benchmarkProcess"": null, ""estimatedAnnualValueGbp"": {""max"": 5400, ""min"": 0}}, {""kpiId"": ""sh_004"", ""kpiName"": ""Stakeholder Engagement Frequency"", ""kpiType"": ""operational"", ""confidence"": ""low"", ""valueStream"": ""operational_savings"", ""expectedRange"": {""max"": 10, ""min"": 0}, ""maturityLevel"": ""foundational"", ""benchmarkProcess"": null, ""estimatedAnnualValueGbp"": {""max"": 5400, ""min"": 0}}, {""kpiId"": ""sh_005"", ""kpiName"": ""Value Realization Communication"", ""kpiType"": ""operational"", ""confidence"": ""low"", ""valueStream"": ""operational_savings"", ""expectedRange"": {""max"": 10, ""min"": 0}, ""maturityLevel"": ""foundational"", ""benchmarkProcess"": null, ""estimatedAnnualValueGbp"": {""max"": 5400, ""min"": 0}}, {""kpiId"": ""sh_006"", ""kpiName"": ""Executive Dashboard Access"", ""kpiType"": ""operational"", ""confidence"": ""low"", ""valueStream"": ""operational_savings"", ""expectedRange"": {""max"": 10, ""min"": 0}, ""maturityLevel"": ""foundational"", ""benchmarkProcess"": null, ""estimatedAnnualValueGbp"": {""max"": 5400, ""min"": 0}}, {""kpiId"": ""ga_001"", ""kpiName"": ""Hallucination Rate"", ""kpiType"": ""operational"", ""confidence"": ""low"", ""valueStream"": ""operational_savings"", ""expectedRange"": {""max"": 10, ""min"": 0}, ""maturityLevel"": ""foundational"", ""benchmarkProcess"": null, ""estimatedAnnualValueGbp"": {""max"": 5400, ""min"": 0}}, {""kpiId"": ""ga_002"", ""kpiName"": ""Human Override Rate"", ""kpiType"": ""operational"", ""confidence"": ""low"", ""valueStream"": ""operational_savings"", ""expectedRange"": {""max"": 10, ""min"": 0}, ""maturityLevel"": ""foundational"", ""benchmarkProcess"": null, ""estimatedAnnualValueGbp"": {""max"": 5400, ""min"": 0}}, {""kpiId"": ""ga_003"", ""kpiName"": ""Prompt Effectiveness Rate"", ""kpiType"": ""operational"", ""confidence"": ""low"", ""valueStream"": ""operational_savings"", ""expectedRange"": {""max"": 10, ""min"": 0}, ""maturityLevel"": ""foundational"", ""benchmarkProcess"": null, ""estimatedAnnualValueGbp"": {""max"": 5400, ""min"": 0}}, {""kpiId"": ""ga_004"", ""kpiName"": ""Token Cost Efficiency"", ""kpiType"": ""financial"", ""confidence"": ""low"", ""valueStream"": ""operational_savings"", ""expectedRange"": {""max"": 10, ""min"": 0}, ""maturityLevel"": ""foundational"", ""benchmarkProcess"": null, ""estimatedAnnualValueGbp"": {""max"": 5400, ""min"": 0}}, {""kpiId"": ""ga_005"", ""kpiName"": ""Guardrail Trigger Rate"", ""kpiType"": ""operational"", ""confidence"": ""low"", ""valueStream"": ""operational_savings"", ""expectedRange"": {""max"": 10, ""min"": 0}, ""maturityLevel"": ""foundational"", ""benchmarkProcess"": null, ""estimatedAnnualValueGbp"": {""max"": 5400, ""min"": 0}}, {""kpiId"": ""ga_006"", ""kpiName"": ""Context Window Utilization"", ""kpiType"": ""operational"", ""confidence"": ""low"", ""valueStream"": ""operational_savings"", ""expectedRange"": {""max"": 10, ""min"": 0}, ""maturityLevel"": ""foundational"", ""benchmarkProcess"": null, ""estimatedAnnualValueGbp"": {""max"": 5400, ""min"": 0}}, {""kpiId"": ""ga_007"", ""kpiName"": ""RAG Retrieval Precision"", ""kpiType"": ""operational"", ""confidence"": ""low"", ""valueStream"": ""operational_savings"", ""expectedRange"": {""max"": 10, ""min"": 0}, ""maturityLevel"": ""foundational"", ""benchmarkProcess"": null, ""estimatedAnnualValueGbp"": {""max"": 5400, ""min"": 0}}, {""kpiId"": ""ga_008"", ""kpiName"": ""Response Time SLA Compliance"", ""kpiType"": ""operational"", ""confidence"": ""low"", ""valueStream"": ""operational_savings"", ""expectedRange"": {""max"": 10, ""min"": 0}, ""maturityLevel"": ""foundational"", ""benchmarkProcess"": null, ""estimatedAnnualValueGbp"": {""max"": 5400, ""min"": 0}}, {""kpiId"": ""it_001"", ""kpiName"": ""Cloud Cost Optimization"", ""kpiType"": ""financial"", ""confidence"": ""low"", ""valueStream"": ""operational_savings"", ""expectedRange"": {""max"": 10, ""min"": 0}, ""maturityLevel"": ""foundational"", ""benchmarkProcess"": null, ""estimatedAnnualValueGbp"": {""max"": 5400, ""min"": 0}}, {""kpiId"": ""it_002"", ""kpiName"": ""Infrastructure Utilization"", ""kpiType"": ""operational"", ""confidence"": ""low"", ""valueStream"": ""operational_savings"", ""expectedRange"": {""max"": 10, ""min"": 0}, ""maturityLevel"": ""foundational"", ""benchmarkProcess"": null, ""estimatedAnnualValueGbp"": {""max"": 5400, ""min"": 0}}, {""kpiId"": ""it_003"", ""kpiName"": ""Deployment Frequency"", ""kpiType"": ""operational"", ""confidence"": ""low"", ""valueStream"": ""operational_savings"", ""expectedRange"": {""max"": 10, ""min"": 0}, ""maturityLevel"": ""foundational"", ""benchmarkProcess"": null, ""estimatedAnnualValueGbp"": {""max"": 5400, ""min"": 0}}, {""kpiId"": ""it_004"", ""kpiName"": ""Mean Time to Recovery (MTTR)"", ""kpiType"": ""operational"", ""confidence"": ""low"", ""valueStream"": ""operational_savings"", ""expectedRange"": {""max"": 10, ""min"": 0}, ""maturityLevel"": ""foundational"", ""benchmarkProcess"": null, ""estimatedAnnualValueGbp"": {""max"": 5400, ""min"": 0}}, {""kpiId"": ""it_005"", ""kpiName"": ""Change Failure Rate"", ""kpiType"": ""operational"", ""confidence"": ""low"", ""valueStream"": ""operational_savings"", ""expectedRange"": {""max"": 10, ""min"": 0}, ""maturityLevel"": ""foundational"", ""benchmarkProcess"": null, ""estimatedAnnualValueGbp"": {""max"": 5400, ""min"": 0}}, {""kpiId"": ""it_006"", ""kpiName"": ""Lead Time for Changes"", ""kpiType"": ""operational"", ""confidence"": ""low"", ""valueStream"": ""operational_savings"", ""expectedRange"": {""max"": 10, ""min"": 0}, ""maturityLevel"": ""foundational"", ""benchmarkProcess"": null, ""estimatedAnnualValueGbp"": {""max"": 5400, ""min"": 0}}, {""kpiId"": ""sp_001"", ""kpiName"": ""AI Security Incidents"", ""kpiType"": ""compliance"", ""confidence"": ""low"", ""valueStream"": ""operational_savings"", ""expectedRange"": {""max"": 10, ""min"": 0}, ""maturityLevel"": ""foundational"", ""benchmarkProcess"": null, ""estimatedAnnualValueGbp"": {""max"": 5400, ""min"": 0}}, {""kpiId"": ""sp_002"", ""kpiName"": ""Privacy Compliance Rate"", ""kpiType"": ""compliance"", ""confidence"": ""low"", ""valueStream"": ""operational_savings"", ""expectedRange"": {""max"": 10, ""min"": 0}, ""maturityLevel"": ""foundational"", ""benchmarkProcess"": null, ""estimatedAnnualValueGbp"": {""max"": 5400, ""min"": 0}}, {""kpiId"": ""sp_003"", ""kpiName"": ""Access Control Adherence"", ""kpiType"": ""compliance"", ""confidence"": ""low"", ""valueStream"": ""operational_savings"", ""expectedRange"": {""max"": 10, ""min"": 0}, ""maturityLevel"": ""foundational"", ""benchmarkProcess"": null, ""estimatedAnnualValueGbp"": {""max"": 5400, ""min"": 0}}, {""kpiId"": ""sp_004"", ""kpiName"": ""Data Encryption Coverage"", ""kpiType"": ""compliance"", ""confidence"": ""low"", ""valueStream"": ""operational_savings"", ""expectedRange"": {""max"": 10, ""min"": 0}, ""maturityLevel"": ""foundational"", ""benchmarkProcess"": null, ""estimatedAnnualValueGbp"": {""max"": 5400, ""min"": 0}}, {""kpiId"": ""sp_005"", ""kpiName"": ""Model Adversarial Testing"", ""kpiType"": ""compliance"", ""confidence"": ""low"", ""valueStream"": ""operational_savings"", ""expectedRange"": {""max"": 10, ""min"": 0}, ""maturityLevel"": ""foundational"", ""benchmarkProcess"": null, ""estimatedAnnualValueGbp"": {""max"": 5400, ""min"": 0}}, {""kpiId"": ""sp_006"", ""kpiName"": ""PII Detection Coverage"", ""kpiType"": ""compliance"", ""confidence"": ""low"", ""valueStream"": ""operational_savings"", ""expectedRange"": {""max"": 10, ""min"": 0}, ""maturityLevel"": ""foundational"", ""benchmarkProcess"": null, ""estimatedAnnualValueGbp"": {""max"": 5400, ""min"": 0}}, {""kpiId"": ""cx_001"", ""kpiName"": ""AI-Assisted Resolution Rate"", ""kpiType"": ""operational"", ""confidence"": ""low"", ""valueStream"": ""operational_savings"", ""expectedRange"": {""max"": 10, ""min"": 0}, ""maturityLevel"": ""foundational"", ""benchmarkProcess"": null, ""estimatedAnnualValueGbp"": {""max"": 5400, ""min"": 0}}, {""kpiId"": ""cx_002"", ""kpiName"": ""Self-Service Adoption Rate"", ""kpiType"": ""operational"", ""confidence"": ""low"", ""valueStream"": ""operational_savings"", ""expectedRange"": {""max"": 10, ""min"": 0}, ""maturityLevel"": ""foundational"", ""benchmarkProcess"": null, ""estimatedAnnualValueGbp"": {""max"": 5400, ""min"": 0}}, {""kpiId"": ""cx_003"", ""kpiName"": ""Response Time Improvement"", ""kpiType"": ""operational"", ""confidence"": ""low"", ""valueStream"": ""operational_savings"", ""expectedRange"": {""max"": 10, ""min"": 0}, ""maturityLevel"": ""foundational"", ""benchmarkProcess"": null, ""estimatedAnnualValueGbp"": {""max"": 5400, ""min"": 0}}, {""kpiId"": ""cx_004"", ""kpiName"": ""Customer Effort Score (AI)"", ""kpiType"": ""strategic"", ""confidence"": ""low"", ""valueStream"": ""operational_savings"", ""expectedRange"": {""max"": 10, ""min"": 0}, ""maturityLevel"": ""foundational"", ""benchmarkProcess"": null, ""estimatedAnnualValueGbp"": {""max"": 5400, ""min"": 0}}, {""kpiId"": ""cx_005"", ""kpiName"": ""First Contact Resolution (AI)"", ""kpiType"": ""operational"", ""confidence"": ""low"", ""valueStream"": ""operational_savings"", ""expectedRange"": {""max"": 10, ""min"": 0}, ""maturityLevel"": ""foundational"", ""benchmarkProcess"": null, ""estimatedAnnualValueGbp"": {""max"": 5400, ""min"": 0}}, {""kpiId"": ""cx_006"", ""kpiName"": ""AI NPS Impact"", ""kpiType"": ""strategic"", ""confidence"": ""low"", ""valueStream"": ""operational_savings"", ""expectedRange"": {""max"": 10, ""min"": 0}, ""maturityLevel"": ""foundational"", ""benchmarkProcess"": null, ""estimatedAnnualValueGbp"": {""max"": 5400, ""min"": 0}}, {""kpiId"": ""oe_001"", ""kpiName"": ""Process Automation Rate"", ""kpiType"": ""operational"", ""confidence"": ""low"", ""valueStream"": ""operational_savings"", ""expectedRange"": {""max"": 10, ""min"": 0}, ""maturityLevel"": ""foundational"", ""benchmarkProcess"": null, ""estimatedAnnualValueGbp"": {""max"": 5400, ""min"": 0}}, {""kpiId"": ""oe_002"", ""kpiName"": ""Straight-Through Processing Rate"", ""kpiType"": ""operational"", ""confidence"": ""low"", ""valueStream"": ""operational_savings"", ""expectedRange"": {""max"": 10, ""min"": 0}, ""maturityLevel"": ""foundational"", ""benchmarkProcess"": null, ""estimatedAnnualValueGbp"": {""max"": 5400, ""min"": 0}}, {""kpiId"": ""oe_003"", ""kpiName"": ""Manual Intervention Reduction"", ""kpiType"": ""operational"", ""confidence"": ""low"", ""valueStream"": ""operational_savings"", ""expectedRange"": {""max"": 10, ""min"": 0}, ""maturityLevel"": ""foundational"", ""benchmarkProcess"": null, ""estimatedAnnualValueGbp"": {""max"": 5400, ""min"": 0}}, {""kpiId"": ""oe_004"", ""kpiName"": ""Exception Handling Time"", ""kpiType"": ""operational"", ""confidence"": ""low"", ""valueStream"": ""operational_savings"", ""expectedRange"": {""max"": 10, ""min"": 0}, ""maturityLevel"": ""foundational"", ""benchmarkProcess"": null, ""estimatedAnnualValueGbp"": {""max"": 5400, ""min"": 0}}, {""kpiId"": ""oe_005"", ""kpiName"": ""Predictive Accuracy (Operations)"", ""kpiType"": ""operational"", ""confidence"": ""low"", ""valueStream"": ""operational_savings"", ""expectedRange"": {""max"": 10, ""min"": 0}, ""maturityLevel"": ""foundational"", ""benchmarkProcess"": null, ""estimatedAnnualValueGbp"": {""max"": 5400, ""min"": 0}}, {""kpiId"": ""oe_006"", ""kpiName"": ""Resource Optimization Savings"", ""kpiType"": ""financial"", ""confidence"": ""low"", ""valueStream"": ""operational_savings"", ""expectedRange"": {""max"": 10, ""min"": 0}, ""maturityLevel"": ""foundational"", ""benchmarkProcess"": null, ""estimatedAnnualValueGbp"": {""max"": 5400, ""min"": 0}}], ""selectedKpis"": [""cl_001"", ""cl_003"", ""mp_002"", ""dq_004"", ""sh_002""], ""valueConfidence"": {""rationale"": null, ""lastValidatedAt"": null, ""lastValidatedBy"": null, ""adjustedValueGbp"": null, ""validationStatus"": ""pending_finance"", ""conservativeFactor"": 0.8}, ""calculatedMetrics"": {""currentRoi"": -26.36363636363636, ""lastCalculated"": ""2026-02-03T16:03:23.357Z"", ""cumulativeValueGbp"": 234900, ""projectedBreakevenMonth"": ""2027-07""}, ""totalEstimatedValue"": {""max"": 469800, ""min"": 0, ""currency"": ""GBP""}}","{""derived"": true, ""staffing"": {""current"": {""client"": {""total"": 1.5, ""byRole"": {}}, ""vendor"": {""total"": 3.5, ""byRole"": {}}}, ""planned"": {""month6"": {""client"": 2.4, ""vendor"": 2.6}, ""month12"": {""client"": 3.6, ""vendor"": 1.4}, ""month18"": {""client"": 4.5, ""vendor"": 0.5}}}, ""training"": {""plannedCertifications"": [], ""completedCertifications"": [], ""totalTrainingHoursPlanned"": 100, ""totalTrainingHoursCompleted"": 0}, ""derivedAt"": ""2026-02-04T07:37:36.916Z"", ""derivedFrom"": {""quadrant"": ""Strategic Bet"", ""tomPhase"": ""foundation"", ""tShirtSize"": ""M"", ""operatingModel"": ""coe_led""}, ""roleEvolution"": [], ""knowledgeTransfer"": {""milestoneNotes"": {}, ""completedMilestones"": [""kt_001"", ""kt_002""], ""inProgressMilestones"": [""kt_003""]}, ""independenceHistory"": [{""date"": ""2026-02"", ""note"": ""Auto-derived from use case attributes"", ""percentage"": 25}], ""selfSufficiencyTarget"": {""targetDate"": ""2027-04-30"", ""advisoryRetainer"": ""false"", ""targetIndependence"": 90}, ""independencePercentage"": 25}",foundation,unique,,,,,complete,,,approved,,,,approved,,,,,approved,,,,,2026-01-20 16:18:10.234,,ff9f60ad-18f3-44f6-a2a4-78d22a2201a9,,low,false,Sarah Mitchell,Amanda Reenan,Business Owner Review
3fc6b0f7-4aec-4de6-a9a1-1528f64e32b9,Predictive Total Loss (Motor) — next‑best‑action,Real‑time ML model combining handler inputs and external valuation signals to recommend repair/write‑off and next steps; surface guidance in‑flow.,Predictive ML,0,0,0,0,0,0,0,0,0,0,Evaluate,2025-09-09 10:34:08.244304,0,0,"{""All Lines (CL,SL,Others)""}","{""Claims Management""}","{""Claims Triage & Assessment"",""Investigation & Evidence Gathering"",""Claims Adjudication""}","{""All Segments""}",{UK},,false,false,reference,,,internal,,,,,,"Early decision on repair vs write‑off requires synthesizing handler inputs, vehicle data, and external valuations; manual assessment delays settlement and drives cost.",Andy Flower (UK),Discovery,Guidewire (real‑time integration); external valuation services/feeds.,High — already live and central to Motor. (can extend to Commercial Lines),Quicker settlements; reduced hire/storage costs; better indemnity control; improved customer experience.,,,,"{""Predictive Analytics""}","{""Claims Database""}","{""Claims Teams"",IT/Technology}",medium,3,3,,,,,,,,,,,,,,,,true,false,false,true,,,,,false,,,HEX_INT_040,false,,M,111375,222750,8,16,3-6,,2026-01-29 07:56:31.85,,"{""derived"": true, ""tracking"": {""entries"": []}, ""derivedAt"": ""2026-02-03T14:22:49.841Z"", ""kpiValues"": {}, ""investment"": null, ""lastUpdated"": ""2026-02-03T14:22:49.841Z"", ""kpiEstimates"": [], ""selectedKpis"": [], ""trackingEnabled"": false, ""validationStatus"": ""unvalidated"", ""calculatedMetrics"": {""currentRoi"": null, ""lastCalculated"": null, ""cumulativeValueGbp"": null, ""projectedBreakevenMonth"": null}, ""totalEstimatedValue"": {""max"": 469800, ""min"": 0, ""currency"": ""GBP""}, ""confidenceAdjustment"": null}","{""derived"": true, ""staffing"": {""current"": {""client"": {""total"": 1.5, ""byRole"": {}}, ""vendor"": {""total"": 3.5, ""byRole"": {}}}, ""planned"": {""month6"": {""client"": 2.4, ""vendor"": 2.6}, ""month12"": {""client"": 3.6, ""vendor"": 1.4}, ""month18"": {""client"": 4.5, ""vendor"": 0.5}}}, ""training"": {""plannedCertifications"": [], ""completedCertifications"": [], ""totalTrainingHoursPlanned"": 100, ""totalTrainingHoursCompleted"": 0}, ""derivedAt"": ""2026-01-29T08:58:20.801Z"", ""derivedFrom"": {""quadrant"": ""Strategic Bet"", ""tomPhase"": ""ideation"", ""tShirtSize"": ""M"", ""operatingModel"": ""coe_led""}, ""roleEvolution"": [], ""knowledgeTransfer"": {""milestoneNotes"": {}, ""completedMilestones"": [], ""inProgressMilestones"": [""kt_001""]}, ""independenceHistory"": [{""date"": ""2026-01"", ""note"": ""Auto-derived from use case attributes"", ""percentage"": 10}], ""selfSufficiencyTarget"": {""targetDate"": ""2027-04-24"", ""advisoryRetainer"": ""false"", ""targetIndependence"": 90}, ""independencePercentage"": 10}",ideation,unique,,,,,pending,,,pending,,,,pending,,,,,pending,,,,,,,ff9f60ad-18f3-44f6-a2a4-78d22a2201a9,,low,false,,,
2c667373-aee6-4f86-aaed-5ad4fa242b29,Claims triage (Home & Commercial Property),"ML triage models at intake to route claims to appropriate paths (e.g., complexity bands, specialist teams).",Predictive ML,0,0,0,0,3,3,0,3,0,0,Evaluate,2025-09-09 10:36:45.797595,0,0,,"{""Claims Management""}","{""Claims Triage & Assessment"",""Investigation & Evidence Gathering"",""Claims Adjudication""}",,,,false,false,reference,,,internal,,,,,,High‑volume claims need consistent routing/severity estimation; manual triage leads to variability and delays.,Andy Flower (UK).,In-flight,Guidewire (FNOL/claim intake).,High — already in place; continue optimisation.,Improved throughput and SLA adherence; better matching of resource to complexity; reduced cycle times.,,,,"{""Rule-based Systems""}","{""Claims Database""}","{""Claims Teams""}",low,3,3,,,,,,,,,,PoC,,,,,,true,false,false,true,,,,,false,,,HEX_INT_041,false,,M,111375,222750,8,16,3-6,,2025-09-09 10:36:45.797595,,"{""derived"": true, ""tracking"": {""entries"": []}, ""derivedAt"": ""2026-02-03T14:22:49.827Z"", ""kpiValues"": {}, ""investment"": {""initialInvestment"": 180000, ""ongoingMonthlyCost"": 12000}, ""lastUpdated"": ""2026-02-03T14:22:49.827Z"", ""kpiEstimates"": [], ""selectedKpis"": [], ""trackingEnabled"": false, ""valueConfidence"": {""rationale"": null, ""adjustedValueGbp"": null, ""validationStatus"": ""pending_finance"", ""conservativeFactor"": 0.65}, ""validationStatus"": ""unvalidated"", ""calculatedMetrics"": {""currentRoi"": null, ""lastCalculated"": null, ""cumulativeValueGbp"": null, ""projectedBreakevenMonth"": null}, ""totalEstimatedValue"": {""max"": 469800, ""min"": 0, ""currency"": ""GBP""}, ""confidenceAdjustment"": null}","{""derived"": true, ""staffing"": {""current"": {""client"": {""total"": 1.5, ""byRole"": {}}, ""vendor"": {""total"": 3.5, ""byRole"": {}}}, ""planned"": {""month6"": {""client"": 2.4, ""vendor"": 2.6}, ""month12"": {""client"": 3.6, ""vendor"": 1.4}, ""month18"": {""client"": 4.5, ""vendor"": 0.5}}}, ""training"": {""plannedCertifications"": [], ""completedCertifications"": [], ""totalTrainingHoursPlanned"": 100, ""totalTrainingHoursCompleted"": 0}, ""derivedAt"": ""2026-02-04T07:37:36.659Z"", ""derivedFrom"": {""quadrant"": ""Evaluate"", ""tomPhase"": ""foundation"", ""tShirtSize"": ""M"", ""operatingModel"": ""coe_led""}, ""roleEvolution"": [], ""knowledgeTransfer"": {""milestoneNotes"": {}, ""completedMilestones"": [""kt_001""], ""inProgressMilestones"": [""kt_002""]}, ""independenceHistory"": [{""date"": ""2026-02"", ""note"": ""Auto-derived from use case attributes"", ""percentage"": 20}], ""selfSufficiencyTarget"": {""targetDate"": ""2027-04-30"", ""advisoryRetainer"": ""false"", ""targetIndependence"": 90}, ""independencePercentage"": 20}",foundation,unique,,,,,pending,,,pending,,,,pending,,,,,pending,,,,,,,ff9f60ad-18f3-44f6-a2a4-78d22a2201a9,,low,false,Emma Richardson,Andy Flower,Business Owner Review
fed6df03-36f7-4b38-b248-86207239c8eb,Recoveries / subrogation opportunity identification,Text analytics over claim notes and documents to flag potential recovery/subrogation leads and trigger workflows.,NLP,0,0,0,0,4,3,0,5,0,0,Evaluate,2025-09-09 10:46:29.042754,0,0,"{""All Lines (CL,SL,Others)""}","{""Claims Management""}","{""Claims Triage & Assessment"",""Investigation & Evidence Gathering"",""Claims Adjudication""}","{""All Segments""}",{UK},,false,false,reference,,Moved to library,internal,Governance gates passed - ready for portfolio tracking,,,,,Signals for recovery/subrogation are scattered across notes and documents; missed opportunities reduce net recovery.,Andy Flower (UK),Implemented,Guidewire (claims data/notes); document analytics capability (Doc IQ/ Instabase).,Medium‑High — discussed as an active model and extension area.,Increased recovery yield; improved indemnity outcomes; better cash realisation.,,,,"{""Natural Language Processing"",""Large Language Models""}","{""Claims Database""}","{""Claims Teams"",IT/Technology}",medium,3,3,,,,,,,,,,Production,,Claims,,,,true,false,false,true,,,,,false,,,HEX_INT_042,false,,L,371250,603281,16,26,5-10,,2025-09-09 10:46:29.042754,,"{""derived"": true, ""tracking"": {""entries"": []}, ""derivedAt"": ""2026-02-03T14:22:49.813Z"", ""kpiValues"": {}, ""investment"": {""initialInvestment"": 150000, ""ongoingMonthlyCost"": 10000}, ""lastUpdated"": ""2026-02-03T14:22:49.813Z"", ""kpiEstimates"": [], ""selectedKpis"": [], ""trackingEnabled"": false, ""valueConfidence"": {""rationale"": null, ""adjustedValueGbp"": null, ""validationStatus"": ""fully_validated"", ""conservativeFactor"": 0.95}, ""validationStatus"": ""unvalidated"", ""calculatedMetrics"": {""currentRoi"": null, ""lastCalculated"": null, ""cumulativeValueGbp"": null, ""projectedBreakevenMonth"": null}, ""totalEstimatedValue"": {""max"": 469800, ""min"": 0, ""currency"": ""GBP""}, ""confidenceAdjustment"": null}","{""derived"": true, ""staffing"": {""current"": {""client"": {""total"": 2.4, ""byRole"": {}}, ""vendor"": {""total"": 5.6, ""byRole"": {}}}, ""planned"": {""month6"": {""client"": 3.8, ""vendor"": 4.2}, ""month12"": {""client"": 5.8, ""vendor"": 2.2}, ""month18"": {""client"": 7.2, ""vendor"": 0.8}}}, ""training"": {""plannedCertifications"": [], ""completedCertifications"": [], ""totalTrainingHoursPlanned"": 160, ""totalTrainingHoursCompleted"": 0}, ""derivedAt"": ""2026-02-04T07:37:36.747Z"", ""derivedFrom"": {""quadrant"": ""Evaluate"", ""tomPhase"": ""scale"", ""tShirtSize"": ""L"", ""operatingModel"": ""coe_led""}, ""roleEvolution"": [], ""knowledgeTransfer"": {""milestoneNotes"": {}, ""completedMilestones"": [""kt_001"", ""kt_002"", ""kt_003"", ""kt_004""], ""inProgressMilestones"": [""kt_005""]}, ""independenceHistory"": [{""date"": ""2026-02"", ""note"": ""Auto-derived from use case attributes"", ""percentage"": 25}], ""selfSufficiencyTarget"": {""targetDate"": ""2027-04-30"", ""advisoryRetainer"": ""false"", ""targetIndependence"": 90}, ""independencePercentage"": 25}",scale,unique,,,,,in_review,,,approved,,,,approved,,,,,approved,,,,,2026-01-20 16:18:10.234,,ff9f60ad-18f3-44f6-a2a4-78d22a2201a9,,low,false,Catherine Moore,Andy Flower,Business Owner Review
51fcdcb3-08be-4b60-9269-6d1c06fa98a6,Coverage decision support at FNOL (data‑dependent),"Once policy data quality is improved, apply rules + ML to support early coverage validation and automated pathways; gate with confidence thresholds.",Process Automation,0,0,0,0,3,4,0,3,0,0,Evaluate,2025-09-09 11:36:08.821988,0,0,"{""All Lines (CL,SL,Others)""}","{""Claims Management""}","{""First Notice of Loss (FNOL),First Report of Injury (FROI)"",""Claims Triage & Assessment""}","{""All Segments""}",{UK},,false,false,reference,,Moved to library,internal,Governance gates passed - ready for portfolio tracking,,,,,Early coverage decisions are constrained by policy data quality/integration; inconsistent decisions and low STP potential.,Andy Flower (UK) ,In-flight,Policy data sources: Guidewire claim intake; integration services.,Medium — identified as valuable but constrained by current data quality (Policy Data from PAS).,Fewer touchpoints; faster routing/settlement; higher straight‑through processing where safe.,,,,"{""Rule-based Systems""}","{""Claims Database""}","{""Claims Teams"",IT/Technology}",medium,3,3,,,,,,,,,,Pilot,,Claims,,,,true,false,false,true,,,,,false,,,HEX_INT_043,false,{},M,111375,222750,8,16,3-6,,2025-09-09 11:36:08.821988,,"{""derived"": true, ""tracking"": {""entries"": []}, ""derivedAt"": ""2026-02-03T14:22:49.799Z"", ""kpiValues"": {}, ""investment"": {""initialInvestment"": 225000, ""ongoingMonthlyCost"": 18000}, ""lastUpdated"": ""2026-02-03T14:22:49.799Z"", ""kpiEstimates"": [], ""selectedKpis"": [], ""trackingEnabled"": false, ""valueConfidence"": {""rationale"": null, ""adjustedValueGbp"": null, ""validationStatus"": ""pending_actuarial"", ""conservativeFactor"": 0.65}, ""validationStatus"": ""unvalidated"", ""calculatedMetrics"": {""currentRoi"": null, ""lastCalculated"": null, ""cumulativeValueGbp"": null, ""projectedBreakevenMonth"": null}, ""totalEstimatedValue"": {""max"": 469800, ""min"": 0, ""currency"": ""GBP""}, ""confidenceAdjustment"": null}","{""derived"": true, ""staffing"": {""current"": {""client"": {""total"": 1.5, ""byRole"": {}}, ""vendor"": {""total"": 3.5, ""byRole"": {}}}, ""planned"": {""month6"": {""client"": 2.4, ""vendor"": 2.6}, ""month12"": {""client"": 3.6, ""vendor"": 1.4}, ""month18"": {""client"": 4.5, ""vendor"": 0.5}}}, ""training"": {""plannedCertifications"": [], ""completedCertifications"": [], ""totalTrainingHoursPlanned"": 100, ""totalTrainingHoursCompleted"": 0}, ""derivedAt"": ""2026-02-04T07:37:36.943Z"", ""derivedFrom"": {""quadrant"": ""Evaluate"", ""tomPhase"": ""foundation"", ""tShirtSize"": ""M"", ""operatingModel"": ""coe_led""}, ""roleEvolution"": [], ""knowledgeTransfer"": {""milestoneNotes"": {}, ""completedMilestones"": [""kt_001"", ""kt_002""], ""inProgressMilestones"": [""kt_003""]}, ""independenceHistory"": [{""date"": ""2026-02"", ""note"": ""Auto-derived from use case attributes"", ""percentage"": 25}], ""selfSufficiencyTarget"": {""targetDate"": ""2027-04-30"", ""advisoryRetainer"": ""false"", ""targetIndependence"": 90}, ""independencePercentage"": 25}",foundation,unique,,,,,in_review,,,approved,,,,approved,,,,,approved,,,,,2026-01-20 16:18:10.234,,ff9f60ad-18f3-44f6-a2a4-78d22a2201a9,,low,false,James Patterson,Amanda Reenan,AI Steering Committee
6c7534f6-f61a-465c-9ca8-cc6d6019e88a,Emerging risk signal detection from claims documents,NLP to mine documents/notes for new risk patterns and surface dashboards/alerts for operations and underwriting feedback loops.,NLP,0,0,0,0,3,3,0,4,0,0,Evaluate,2025-09-09 11:42:30.995982,0,0,"{""All Lines (CL,SL,Others)""}","{""Claims Management""}",{},"{""All Segments""}",{UK},,false,false,reference,,,internal,,,,,,Trends like ‘metal theft’ emerge in free‑text documents; lack of systematic detection delays response and pricing/claims actions.,Andy Flower (UK),In-flight,Document analytics (Doc IQ/Instabase); data warehouse/BI; Guidewire (as data source).,Medium — discussed as a beneficial extension of document AI.,Earlier detection of patterns; proactive mitigation guidance; potential loss avoidance.,,,,{},{},{},,3,3,,,,,,,,,,Pilot,,Claims,,,,true,,,,,,,,false,,,HEX_INT_044,false,{},M,111375,222750,8,16,3-6,,2025-09-09 11:42:30.995982,,"{""derived"": true, ""tracking"": {""entries"": []}, ""derivedAt"": ""2026-02-03T14:22:49.786Z"", ""kpiValues"": {}, ""investment"": {""initialInvestment"": 95000, ""ongoingMonthlyCost"": 8000}, ""lastUpdated"": ""2026-02-03T14:22:49.786Z"", ""kpiEstimates"": [], ""selectedKpis"": [], ""trackingEnabled"": false, ""valueConfidence"": {""rationale"": null, ""adjustedValueGbp"": null, ""validationStatus"": ""pending_actuarial"", ""conservativeFactor"": 0.75}, ""validationStatus"": ""unvalidated"", ""calculatedMetrics"": {""currentRoi"": null, ""lastCalculated"": null, ""cumulativeValueGbp"": null, ""projectedBreakevenMonth"": null}, ""totalEstimatedValue"": {""max"": 469800, ""min"": 0, ""currency"": ""GBP""}, ""confidenceAdjustment"": null}","{""derived"": true, ""staffing"": {""current"": {""client"": {""total"": 1.5, ""byRole"": {}}, ""vendor"": {""total"": 3.5, ""byRole"": {}}}, ""planned"": {""month6"": {""client"": 2.4, ""vendor"": 2.6}, ""month12"": {""client"": 3.6, ""vendor"": 1.4}, ""month18"": {""client"": 4.5, ""vendor"": 0.5}}}, ""training"": {""plannedCertifications"": [], ""completedCertifications"": [], ""totalTrainingHoursPlanned"": 100, ""totalTrainingHoursCompleted"": 0}, ""derivedAt"": ""2026-02-04T07:37:36.682Z"", ""derivedFrom"": {""quadrant"": ""Evaluate"", ""tomPhase"": ""foundation"", ""tShirtSize"": ""M"", ""operatingModel"": ""coe_led""}, ""roleEvolution"": [], ""knowledgeTransfer"": {""milestoneNotes"": {}, ""completedMilestones"": [""kt_001"", ""kt_002""], ""inProgressMilestones"": [""kt_003""]}, ""independenceHistory"": [{""date"": ""2026-02"", ""note"": ""Auto-derived from use case attributes"", ""percentage"": 25}], ""selfSufficiencyTarget"": {""targetDate"": ""2027-04-30"", ""advisoryRetainer"": ""false"", ""targetIndependence"": 90}, ""independencePercentage"": 25}",foundation,unique,,,,,in_review,,,approved,,,,approved,,,,,approved,,,,,2026-01-20 16:18:10.234,,ff9f60ad-18f3-44f6-a2a4-78d22a2201a9,,low,false,Thomas Grant,Andy Flower,AI Working Group
828a3cf7-2a37-49a4-ac7a-c50277f636c0,Contact Centre Speech & Sentiment Analytics,Automated speech-to-text + NLP for sentiment/topic detection; benchmark UK’s use of speech analytics platforms; move from manual mining to continuous analytics,,0,0,0,0,0,0,0,0,0,0,Evaluate,2025-09-09 12:01:58.514659,0,0,"{""Personal Lines (Ireland)""}","{""Customer Servicing""}","{""Customer Support""}",{Ireland},{Ireland},,false,false,reference,,,internal,,,,,,Calls are recorded but sentiment insights are “very manual”; need automated understanding of grievances/trends and ability to mine calls to spot shifts in customer sentiment and plan accordingly,Elaine Robinson (via email) and Amanda Reenan,Backlog,Contact centre telephony/recordings; current (manual) speech analytics workflow,"High — part of “Contact Centre of the Future” case for change (“digital when I want it, human when I need it”)",Earlier detection of issues; better planning/staffing; improved CX by acting on sentiment trends,,,,,,,,3,3,,,,,,,,,,,,Contact Centre,,,,,,,,,,,,false,,,HEX_INT_045,false,,M,111375,222750,8,16,3-6,,2026-01-29 07:56:31.826,,"{""derived"": true, ""tracking"": {""entries"": []}, ""derivedAt"": ""2026-02-03T14:22:49.774Z"", ""kpiValues"": {}, ""investment"": null, ""lastUpdated"": ""2026-02-03T14:22:49.774Z"", ""kpiEstimates"": [], ""selectedKpis"": [], ""trackingEnabled"": false, ""validationStatus"": ""unvalidated"", ""calculatedMetrics"": {""currentRoi"": null, ""lastCalculated"": null, ""cumulativeValueGbp"": null, ""projectedBreakevenMonth"": null}, ""totalEstimatedValue"": {""max"": 367200, ""min"": 0, ""currency"": ""GBP""}, ""confidenceAdjustment"": null}","{""derived"": true, ""staffing"": {""current"": {""client"": {""total"": 1.5, ""byRole"": {}}, ""vendor"": {""total"": 3.5, ""byRole"": {}}}, ""planned"": {""month6"": {""client"": 2.4, ""vendor"": 2.6}, ""month12"": {""client"": 3.6, ""vendor"": 1.4}, ""month18"": {""client"": 4.5, ""vendor"": 0.5}}}, ""training"": {""plannedCertifications"": [], ""completedCertifications"": [], ""totalTrainingHoursPlanned"": 100, ""totalTrainingHoursCompleted"": 0}, ""derivedAt"": ""2026-01-29T08:58:20.733Z"", ""derivedFrom"": {""quadrant"": ""Strategic Bet"", ""tomPhase"": ""assessment"", ""tShirtSize"": ""M"", ""operatingModel"": ""coe_led""}, ""roleEvolution"": [], ""knowledgeTransfer"": {""milestoneNotes"": {}, ""completedMilestones"": [], ""inProgressMilestones"": [""kt_001""]}, ""independenceHistory"": [{""date"": ""2026-01"", ""note"": ""Auto-derived from use case attributes"", ""percentage"": 10}], ""selfSufficiencyTarget"": {""targetDate"": ""2027-04-24"", ""advisoryRetainer"": ""false"", ""targetIndependence"": 90}, ""independencePercentage"": 10}",assessment,unique,,,,,in_review,,,pending,,,,pending,,,,,pending,,,,,,,ff9f60ad-18f3-44f6-a2a4-78d22a2201a9,,low,false,,,
dfe9c524-4a70-44a5-815b-2e5b51ba470d,Customer 360 + Customer Lifetime Value & Next-Best-Action,CLV & propensity models; real-time segment inference at first contact; apply behavior-based segmentation across journeys,Analytics & Insights,0,0,0,0,3,4,0,3,0,0,Evaluate,2025-09-09 12:10:53.058808,0,0,"{""Personal Lines (Ireland)""}","{""Customer Servicing""}","{""Customer Support"",""Account Management"",""Service Delivery""}",{Ireland},{Ireland},,false,false,reference,,Moved to library,internal,Governance gates passed - ready for portfolio tracking,,,,,Data fragmented; policy number used as key instead of customer; moving to a single view and need models to predict retention/upsell/cross-sell and apply behavior segments at quote/call,Elaine Robinson (via email) and Amanda Reenan,In-flight,Customer 360 data store; quote journey; contact centre tooling,High — active consolidation to customer 360 and explicitly called out as a key need,Higher retention; better upsell/cross-sell; targeted acquisition for “customers who want to be with 123.ie”,,,,"{""Predictive Analytics""}","{""Customer Database"",""Policy Database"",""Third-party Data""}","{IT/Technology,""Business Analytics""}",low,3,3,,,,,,,,,,Pilot,,Marketing,,,,false,false,false,true,,,,,false,,,HEX_INT_046,false,,M,111375,222750,8,16,3-6,,2025-09-09 12:10:53.058808,,"{""derived"": true, ""tracking"": {""entries"": []}, ""derivedAt"": ""2026-02-03T14:22:49.760Z"", ""kpiValues"": {}, ""investment"": {""initialInvestment"": 320000, ""ongoingMonthlyCost"": 22000}, ""lastUpdated"": ""2026-02-03T14:22:49.760Z"", ""kpiEstimates"": [], ""selectedKpis"": [], ""trackingEnabled"": false, ""valueConfidence"": {""rationale"": null, ""adjustedValueGbp"": null, ""validationStatus"": ""pending_finance"", ""conservativeFactor"": 0.6}, ""validationStatus"": ""unvalidated"", ""calculatedMetrics"": {""currentRoi"": null, ""lastCalculated"": null, ""cumulativeValueGbp"": null, ""projectedBreakevenMonth"": null}, ""totalEstimatedValue"": {""max"": 367200, ""min"": 0, ""currency"": ""GBP""}, ""confidenceAdjustment"": null}","{""derived"": true, ""staffing"": {""current"": {""client"": {""total"": 1.5, ""byRole"": {}}, ""vendor"": {""total"": 3.5, ""byRole"": {}}}, ""planned"": {""month6"": {""client"": 2.4, ""vendor"": 2.6}, ""month12"": {""client"": 3.6, ""vendor"": 1.4}, ""month18"": {""client"": 4.5, ""vendor"": 0.5}}}, ""training"": {""plannedCertifications"": [], ""completedCertifications"": [], ""totalTrainingHoursPlanned"": 100, ""totalTrainingHoursCompleted"": 0}, ""derivedAt"": ""2026-02-04T07:37:36.704Z"", ""derivedFrom"": {""quadrant"": ""Evaluate"", ""tomPhase"": ""foundation"", ""tShirtSize"": ""M"", ""operatingModel"": ""coe_led""}, ""roleEvolution"": [], ""knowledgeTransfer"": {""milestoneNotes"": {}, ""completedMilestones"": [""kt_001"", ""kt_002""], ""inProgressMilestones"": [""kt_003""]}, ""independenceHistory"": [{""date"": ""2026-02"", ""note"": ""Auto-derived from use case attributes"", ""percentage"": 25}], ""selfSufficiencyTarget"": {""targetDate"": ""2027-04-30"", ""advisoryRetainer"": ""false"", ""targetIndependence"": 90}, ""independencePercentage"": 25}",foundation,unique,,,,,in_review,,,pending,,,,pending,,,,,pending,,,,,,,ff9f60ad-18f3-44f6-a2a4-78d22a2201a9,,low,false,Olivia Barnes,Elaine Robinson,AI Steering Committee
e51e98c2-f22b-48d6-b805-d40e324ec514,Document Processing & Centralised Document Management (ECM + APIs),Implement/expand ECM (Hyland/Alfresco mentioned) with automation; add API layer so all PASs use a central doc hub; consider doc summarisation/RAG (“Doc IQ”),,0,0,0,0,4,3,0,4,0,0,Evaluate,2025-09-09 12:13:49.904852,0,0,"{""Personal Lines (Ireland)"",""All Commercial""}","{""Policy Servicing""}","{""Policy Issuance"",""Document Management"",""Contract Management""}",{Ireland},{Ireland},,false,false,reference,,,internal,,,,,,Very paper-heavy; documentation is disjointed across multiple systems (esp. commercial with ~4 PAS). Desire to centralise doc management to reduce cost and speed customer packs/queries,Amanda Reenan,In-flight,ECM (Hyland/Alfresco); multiple commercial PAS; personal-lines PAS; API layer,High — called a “bigger problem” with cost-saving strategy; ECM is being implemented now,Faster turnaround; cost reduction; consistent “one view” of docs; central team can manage templates/changes once,,,,,,,,3,3,,,,,,,,,,Pilot,,Operations,,,,,,,,,,,,false,,,HEX_INT_047,false,,M,111375,222750,8,16,3-6,,2025-09-09 12:13:49.904852,,"{""derived"": true, ""tracking"": {""entries"": []}, ""derivedAt"": ""2026-02-03T14:22:49.747Z"", ""kpiValues"": {}, ""investment"": {""initialInvestment"": 240000, ""ongoingMonthlyCost"": 15000}, ""lastUpdated"": ""2026-02-03T14:22:49.747Z"", ""kpiEstimates"": [], ""selectedKpis"": [], ""trackingEnabled"": false, ""valueConfidence"": {""rationale"": null, ""adjustedValueGbp"": null, ""validationStatus"": ""pending_actuarial"", ""conservativeFactor"": 0.85}, ""validationStatus"": ""unvalidated"", ""calculatedMetrics"": {""currentRoi"": null, ""lastCalculated"": null, ""cumulativeValueGbp"": null, ""projectedBreakevenMonth"": null}, ""totalEstimatedValue"": {""max"": 367200, ""min"": 0, ""currency"": ""GBP""}, ""confidenceAdjustment"": null}","{""derived"": true, ""staffing"": {""current"": {""client"": {""total"": 1.5, ""byRole"": {}}, ""vendor"": {""total"": 3.5, ""byRole"": {}}}, ""planned"": {""month6"": {""client"": 2.4, ""vendor"": 2.6}, ""month12"": {""client"": 3.6, ""vendor"": 1.4}, ""month18"": {""client"": 4.5, ""vendor"": 0.5}}}, ""training"": {""plannedCertifications"": [], ""completedCertifications"": [], ""totalTrainingHoursPlanned"": 100, ""totalTrainingHoursCompleted"": 0}, ""derivedAt"": ""2026-02-04T07:37:36.725Z"", ""derivedFrom"": {""quadrant"": ""Evaluate"", ""tomPhase"": ""foundation"", ""tShirtSize"": ""M"", ""operatingModel"": ""coe_led""}, ""roleEvolution"": [], ""knowledgeTransfer"": {""milestoneNotes"": {}, ""completedMilestones"": [""kt_001"", ""kt_002""], ""inProgressMilestones"": [""kt_003""]}, ""independenceHistory"": [{""date"": ""2026-02"", ""note"": ""Auto-derived from use case attributes"", ""percentage"": 25}], ""selfSufficiencyTarget"": {""targetDate"": ""2027-04-30"", ""advisoryRetainer"": ""false"", ""targetIndependence"": 90}, ""independencePercentage"": 25}",foundation,unique,,,,,in_review,,,pending,,,,pending,,,,,pending,,,,,,,ff9f60ad-18f3-44f6-a2a4-78d22a2201a9,,low,false,Daniel Foster,Amanda Reenan,Business Owner Review
22ae4421-76a0-4a6b-8c88-a0b91d886da2,Claims FNOL: Fault/Liability & Repair Cost Estimation,ML models in FNOL for liability/fault and cost estimation (write-off vs repairable),,0,0,0,0,4,3,0,4,0,0,Evaluate,2025-09-09 12:15:56.809942,0,0,,"{""Claims Management""}","{""Claims Triage & Assessment"",""Investigation & Evidence Gathering"",""Claims Adjudication""}",,,,false,false,reference,,Moved to library,internal,Governance gates passed - ready for portfolio tracking,,,,,Need rapid FNOL decisioning on fault/liability and total-loss vs repair; capability already implemented in the new system,Amanda Reenan,In-flight,FNOL/claims platform,In production (already implemented),"Faster, more consistent FNOL triage; better customer experience; improved cost control",,,,"{""Predictive Analytics""}","{""Claims Database""}","{""Claims Teams"",""Business Analytics""}",medium,3,3,,,,,,,,,,Pilot,,Claims,,,,false,false,false,true,,,,,false,,,HEX_INT_048,false,,M,111375,222750,8,16,3-6,,2025-09-09 12:15:56.809942,,"{""derived"": true, ""tracking"": {""entries"": []}, ""derivedAt"": ""2026-02-03T14:22:49.734Z"", ""kpiValues"": {}, ""investment"": {""initialInvestment"": 280000, ""ongoingMonthlyCost"": 18000}, ""lastUpdated"": ""2026-02-03T14:22:49.734Z"", ""kpiEstimates"": [], ""selectedKpis"": [], ""trackingEnabled"": false, ""valueConfidence"": {""rationale"": null, ""adjustedValueGbp"": null, ""validationStatus"": ""pending_actuarial"", ""conservativeFactor"": 0.8}, ""validationStatus"": ""unvalidated"", ""calculatedMetrics"": {""currentRoi"": null, ""lastCalculated"": null, ""cumulativeValueGbp"": null, ""projectedBreakevenMonth"": null}, ""totalEstimatedValue"": {""max"": 469800, ""min"": 0, ""currency"": ""GBP""}, ""confidenceAdjustment"": null}","{""derived"": true, ""staffing"": {""current"": {""client"": {""total"": 1.5, ""byRole"": {}}, ""vendor"": {""total"": 3.5, ""byRole"": {}}}, ""planned"": {""month6"": {""client"": 2.4, ""vendor"": 2.6}, ""month12"": {""client"": 3.6, ""vendor"": 1.4}, ""month18"": {""client"": 4.5, ""vendor"": 0.5}}}, ""training"": {""plannedCertifications"": [], ""completedCertifications"": [], ""totalTrainingHoursPlanned"": 100, ""totalTrainingHoursCompleted"": 0}, ""derivedAt"": ""2026-02-04T07:37:36.527Z"", ""derivedFrom"": {""quadrant"": ""Evaluate"", ""tomPhase"": ""foundation"", ""tShirtSize"": ""M"", ""operatingModel"": ""coe_led""}, ""roleEvolution"": [], ""knowledgeTransfer"": {""milestoneNotes"": {}, ""completedMilestones"": [""kt_001"", ""kt_002""], ""inProgressMilestones"": [""kt_003""]}, ""independenceHistory"": [{""date"": ""2026-02"", ""note"": ""Auto-derived from use case attributes"", ""percentage"": 25}], ""selfSufficiencyTarget"": {""targetDate"": ""2027-04-30"", ""advisoryRetainer"": ""false"", ""targetIndependence"": 90}, ""independencePercentage"": 25}",foundation,unique,,,,,in_review,,,pending,,,,pending,,,,,pending,,,,,,,ff9f60ad-18f3-44f6-a2a4-78d22a2201a9,,low,false,Michael Torres,Amanda Reenan,Business Owner Review
b30c4f4a-6898-4b6c-8557-e814877dcb9e,Fraud Analytics & Detection (Quote + Claims),Combine vendor solution with internal analytics; behavioural signals during quote/journey; claims-side analytics; phased approach given skills/investment,,4,5,5,5,5,4,4,4,4.4,4.2,Strategic Bet,2025-09-09 12:17:24.760634,3,4,"{Motor,""Property Owners"",""Commercial Property""}","{""Claims Management""}","{""Claims Triage & Assessment"",""Investigation & Evidence Gathering"",""Claims Adjudication""}","{""All Segments""}",{},,true,true,active,,Moved to library,internal,,,,,,"Significant manual overhead handling fraud-related queries; want to flag behavioural fraud (e.g., online changes to selections); strategic programme underway; external solution likely near-term; own ML later",Head of Claims,Implemented,123.ie online journey; claims fraud tools; data platform,High — “one of our strategic priorities”; project already stood up,Reduced manual effort; earlier fraud prevention; improved loss ratio and CX for genuine customers,,,,{},{},{},medium,3,4,,,,,,,,,,Production,,Claims,,,,true,false,false,true,,,,,false,,,HEX_INT_049,false,{},L,371250,603281,16,26,5-10,,2026-02-03 18:09:29.233,,"{""investment"": {""initialInvestment"": 420000, ""ongoingMonthlyCost"": 35000}, ""selectedKpis"": [""fin_003"", ""ops_001"", ""comp_001""], ""valueConfidence"": {""rationale"": null, ""lastValidatedAt"": null, ""lastValidatedBy"": null, ""adjustedValueGbp"": null, ""validationStatus"": ""fully_validated"", ""conservativeFactor"": 0.9}, ""calculatedMetrics"": {""currentRoi"": -72.03571428571428, ""lastCalculated"": ""2026-02-03T18:16:02.801Z"", ""cumulativeValueGbp"": 234900, ""projectedBreakevenMonth"": ""2029-09""}, ""phaseDefaultsApplied"": ""scale"", ""expectedValueRangeMax"": 600000, ""expectedValueRangeMin"": 150000, ""phaseDefaultsAppliedAt"": ""2026-02-03T18:09:29.233Z""}","{""derived"": true, ""staffing"": {""current"": {""client"": {""total"": 2.4, ""byRole"": {}}, ""vendor"": {""total"": 5.6, ""byRole"": {}}}, ""planned"": {""month6"": {""client"": 3.8, ""vendor"": 4.2}, ""month12"": {""client"": 5.8, ""vendor"": 2.2}, ""month18"": {""client"": 7.2, ""vendor"": 0.8}}}, ""training"": {""plannedCertifications"": [], ""completedCertifications"": [], ""totalTrainingHoursPlanned"": 160, ""totalTrainingHoursCompleted"": 0}, ""derivedAt"": ""2026-02-04T07:37:36.634Z"", ""derivedFrom"": {""quadrant"": ""Strategic Bet"", ""tomPhase"": ""scale"", ""tShirtSize"": ""L"", ""operatingModel"": ""coe_led""}, ""roleEvolution"": [], ""knowledgeTransfer"": {""milestoneNotes"": {}, ""completedMilestones"": [""kt_001"", ""kt_002"", ""kt_003"", ""kt_004""], ""inProgressMilestones"": [""kt_005""]}, ""independenceHistory"": [{""date"": ""2026-02"", ""note"": ""Auto-derived from use case attributes"", ""percentage"": 25}], ""selfSufficiencyTarget"": {""targetDate"": ""2027-04-30"", ""advisoryRetainer"": ""false"", ""targetIndependence"": 90}, ""independencePercentage"": 25}",scale,unique,,,,,complete,,,pending,,,,pending,,,,,pending,,,,,,,ff9f60ad-18f3-44f6-a2a4-78d22a2201a9,,low,false,Jennifer Walsh,Robert Kim,AI Working Group
428c6569-d69b-43c8-9e92-fbad5e20d3fd,Markel US - Developer & Knowledge-Worker Productivity (Microsoft Copilot family),Microsoft 365 Copilot and GitHub Copilot to assist coding and Office workflows; governed rollout within EU AI Act guardrails,,3,3,3,5,4,2,3,4,3.4,3,Strategic Bet,2025-09-09 12:18:50.889974,3,2,"{""Personal Lines (Ireland)"",""All Lines (CL,SL,Others)""}",{General},"{""Issue Resolution""}","{Ireland,""All Segments""}","{Ireland,""United States""}",,true,true,active,,,internal,,,,,,Driving workstation efficiencies for end-users; Copilot being rolled out; also evaluating other Microsoft tech; engineering practices (CI/CD) already mature,Amanda Reenan,In-flight,Office 365 suite; developer toolchain (GitHub),In rollout / Medium-High — already rolled out/under evaluation,Productivity gains for engineering and business users; faster delivery; standardized governance,,,Cross Enterprise Rollout,"{""Large Language Models""}",{},"{""Distrbution (Broker) Teams"",""Underwriting Teams"",""Claims Teams"",""Customer Service"",Actuarial,""Risk Management"",Compliance,""Business Analytics"",""External Partners"",IT/Technology}",low,3,3,,,,,,,,,,Pilot,,CIO,,,,true,false,true,false,,,,,false,,,HEX_INT_050,true,"{""AI Assistant—Knowledge Source (Research assistant, information retrieval)"",""Code Development (Debugging, refactoring, coding)"",""Synthetic Data Generation - Text versions for analysis, time series data generation, scenario generation"",""Data Analysis - Augmentation, visualization""}",M,111375,222750,8,16,3-6,,2026-02-03 18:05:57.197,,"{""derived"": true, ""tracking"": {""entries"": []}, ""derivedAt"": ""2026-02-03T14:22:49.703Z"", ""kpiValues"": {}, ""investment"": {""initialInvestment"": 75000, ""ongoingMonthlyCost"": 15000}, ""lastUpdated"": ""2026-02-03T14:22:49.703Z"", ""kpiEstimates"": [], ""selectedKpis"": [""mp_001"", ""mp_002"", ""mp_006"", ""dq_002"", ""td_005""], ""trackingEnabled"": false, ""valueConfidence"": {""rationale"": null, ""lastValidatedAt"": null, ""lastValidatedBy"": null, ""adjustedValueGbp"": null, ""validationStatus"": ""pending_finance"", ""conservativeFactor"": 0.8}, ""validationStatus"": ""unvalidated"", ""calculatedMetrics"": {""currentRoi"": -28.000000000000004, ""lastCalculated"": ""2026-02-03T18:18:59.142Z"", ""cumulativeValueGbp"": 183600, ""projectedBreakevenMonth"": ""2027-07""}, ""totalEstimatedValue"": {""max"": 367200, ""min"": 0, ""currency"": ""GBP""}, ""confidenceAdjustment"": null}","{""derived"": true, ""staffing"": {""current"": {""client"": {""total"": 1.5, ""byRole"": {}}, ""vendor"": {""total"": 3.5, ""byRole"": {}}}, ""planned"": {""month6"": {""client"": 2.4, ""vendor"": 2.6}, ""month12"": {""client"": 3.6, ""vendor"": 1.4}, ""month18"": {""client"": 4.5, ""vendor"": 0.5}}}, ""training"": {""plannedCertifications"": [], ""completedCertifications"": [], ""totalTrainingHoursPlanned"": 100, ""totalTrainingHoursCompleted"": 0}, ""derivedAt"": ""2026-02-04T07:37:36.807Z"", ""derivedFrom"": {""quadrant"": ""Strategic Bet"", ""tomPhase"": ""foundation"", ""tShirtSize"": ""M"", ""operatingModel"": ""coe_led""}, ""roleEvolution"": [], ""knowledgeTransfer"": {""milestoneNotes"": {}, ""completedMilestones"": [""kt_001"", ""kt_002""], ""inProgressMilestones"": [""kt_003""]}, ""independenceHistory"": [{""date"": ""2026-02"", ""note"": ""Auto-derived from use case attributes"", ""percentage"": 25}], ""selfSufficiencyTarget"": {""targetDate"": ""2027-04-30"", ""advisoryRetainer"": ""false"", ""targetIndependence"": 90}, ""independencePercentage"": 25}",foundation,unique,,,,,complete,,,pending,,,,pending,,,,,pending,,,,,,,ff9f60ad-18f3-44f6-a2a4-78d22a2201a9,,low,false,Ryan Patterson,Amanda Reenan,AI Working Group
8b04814c-25e7-466c-b19f-17ae9314234c,Contact Centre Workforce Planning & Demand Forecasting (Sentiment-Driven),Use call-level sentiment and external event features to forecast demand and guide staffing; dashboards for managers,,0,0,0,0,0,0,0,0,0,0,Evaluate,2025-09-09 12:20:23.782763,0,0,"{""Personal Lines (Ireland)""}","{""Customer Servicing""}","{""Customer Support"",""Service Delivery""}",{Ireland},{Ireland},,false,false,reference,,Moved to library,internal,,,,,,Need to understand events driving sentiment changes and balance people across lines appropriately; current insight generation is manual,Elaine Robinson (via email) and Amanda Reenan,Backlog,Contact centre data; planning/MI tools,High (within CC programme) — explicitly tied to planning need in the contact centre case for change,Better staffing/utilisation; reduced wait times; proactive service adjustments tied to sentiment trends,,,,,,,,3,3,,,,,,,,,,,,Contact Centre,,,,,,,,,,,,false,,,HEX_INT_051,false,,M,111375,222750,8,16,3-6,,2026-01-29 07:56:31.806,,"{""derived"": true, ""tracking"": {""entries"": []}, ""derivedAt"": ""2026-02-03T14:22:49.683Z"", ""kpiValues"": {}, ""investment"": null, ""lastUpdated"": ""2026-02-03T14:22:49.683Z"", ""kpiEstimates"": [], ""selectedKpis"": [], ""trackingEnabled"": false, ""validationStatus"": ""unvalidated"", ""calculatedMetrics"": {""currentRoi"": null, ""lastCalculated"": null, ""cumulativeValueGbp"": null, ""projectedBreakevenMonth"": null}, ""totalEstimatedValue"": {""max"": 367200, ""min"": 0, ""currency"": ""GBP""}, ""confidenceAdjustment"": null}","{""derived"": true, ""staffing"": {""current"": {""client"": {""total"": 1.5, ""byRole"": {}}, ""vendor"": {""total"": 3.5, ""byRole"": {}}}, ""planned"": {""month6"": {""client"": 2.4, ""vendor"": 2.6}, ""month12"": {""client"": 3.6, ""vendor"": 1.4}, ""month18"": {""client"": 4.5, ""vendor"": 0.5}}}, ""training"": {""plannedCertifications"": [], ""completedCertifications"": [], ""totalTrainingHoursPlanned"": 100, ""totalTrainingHoursCompleted"": 0}, ""derivedAt"": ""2026-01-29T08:58:20.643Z"", ""derivedFrom"": {""quadrant"": ""Strategic Bet"", ""tomPhase"": ""assessment"", ""tShirtSize"": ""M"", ""operatingModel"": ""coe_led""}, ""roleEvolution"": [], ""knowledgeTransfer"": {""milestoneNotes"": {}, ""completedMilestones"": [], ""inProgressMilestones"": [""kt_001""]}, ""independenceHistory"": [{""date"": ""2026-01"", ""note"": ""Auto-derived from use case attributes"", ""percentage"": 10}], ""selfSufficiencyTarget"": {""targetDate"": ""2027-04-24"", ""advisoryRetainer"": ""false"", ""targetIndependence"": 90}, ""independencePercentage"": 10}",assessment,unique,,,,,in_review,,,pending,,,,pending,,,,,pending,,,,,,,ff9f60ad-18f3-44f6-a2a4-78d22a2201a9,,low,false,,,
dc04c7a3-747e-4d6a-bb36-f24ea7876b49,LH Email Solution,"The solution would probably include the following items:

•	Document Scanning and Analysis:
o	The system automatically scans a comprehensive library of plan benefit documents, identifying relevant sections and extracting critical information such as coverage details, eligibility criteria, and policy limits.
•	Natural Language Understanding:
o	Utilizing NLP algorithms, the system comprehends user queries in natural language, allowing users to ask questions in everyday terms. The AI can interpret intent and context, ensuring accurate and relevant responses.
•	Conversational Interface:
o	Users can interact with the system via a chat interface, making inquiries about specific benefits, coverage options, and claims processes. The AI responds with concise, easily understandable information, eliminating the need to sift through lengthy documents.
o	Applications would interact with the system via a flexible API 
•	Personalization and Context Awareness:
o	The system can tailor responses based on user profiles and previous interactions, providing a more personalized experience. It can also recognize follow-up questions, maintaining context throughout the conversation.
•	Continuous Learning:
o	The AI continually learns from user interactions and document updates, enhancing its accuracy and expanding its knowledge base over time",Agentic AI,0,0,0,0,0,0,0,0,0,0,Evaluate,2025-12-09 03:23:35.978106,0,0,{},"{""Sales & Distribution (Including Broker Relationships)""}","{""Lead Generation""}","{""UK Commercial Lines (Traded SME Channel)""}",{},,false,false,reference,,,internal,,,,,,"The Benefit Plan Documents for each of our clients are very detailed legal documents maintained by our Plan Build team.  These documents are complex, customized, and free form. They contain some details that are not captured in any system (including PowerSTEPP). There is a desire within the business to make this information more accessible to Customer Service, Claims, Data Analytics, as well as Clients / Members / Providers and other vendor partners. ",,Discovery,,,,,,,{},{},{},,3,3,,,,,,,,,,,,,,,,,,,,,,,,false,,,HEX_INT_052,false,{},M,111375,222750,8,16,3-6,,2026-01-29 07:56:31.775,,"{""derived"": true, ""tracking"": {""entries"": []}, ""derivedAt"": ""2026-02-03T14:22:49.657Z"", ""kpiValues"": {}, ""investment"": null, ""lastUpdated"": ""2026-02-03T14:22:49.657Z"", ""kpiEstimates"": [], ""selectedKpis"": [], ""trackingEnabled"": false, ""validationStatus"": ""unvalidated"", ""calculatedMetrics"": {""currentRoi"": null, ""lastCalculated"": null, ""cumulativeValueGbp"": null, ""projectedBreakevenMonth"": null}, ""totalEstimatedValue"": {""max"": 415800, ""min"": 0, ""currency"": ""GBP""}, ""confidenceAdjustment"": null}","{""derived"": true, ""staffing"": {""current"": {""client"": {""total"": 1.5, ""byRole"": {}}, ""vendor"": {""total"": 3.5, ""byRole"": {}}}, ""planned"": {""month6"": {""client"": 2.4, ""vendor"": 2.6}, ""month12"": {""client"": 3.6, ""vendor"": 1.4}, ""month18"": {""client"": 4.5, ""vendor"": 0.5}}}, ""training"": {""plannedCertifications"": [], ""completedCertifications"": [], ""totalTrainingHoursPlanned"": 100, ""totalTrainingHoursCompleted"": 0}, ""derivedAt"": ""2026-01-29T08:58:20.627Z"", ""derivedFrom"": {""quadrant"": ""Strategic Bet"", ""tomPhase"": ""ideation"", ""tShirtSize"": ""M"", ""operatingModel"": ""coe_led""}, ""roleEvolution"": [], ""knowledgeTransfer"": {""milestoneNotes"": {}, ""completedMilestones"": [], ""inProgressMilestones"": [""kt_001""]}, ""independenceHistory"": [{""date"": ""2026-01"", ""note"": ""Auto-derived from use case attributes"", ""percentage"": 10}], ""selfSufficiencyTarget"": {""targetDate"": ""2027-04-24"", ""advisoryRetainer"": ""false"", ""targetIndependence"": 90}, ""independencePercentage"": 10}",ideation,unique,,,,,none,,,approved,,,,approved,,,,,approved,,,,,2026-01-20 16:18:10.234,,ff9f60ad-18f3-44f6-a2a4-78d22a2201a9,,low,false,,,
297404e5-1e61-4ff5-861c-86fd3ee587d2,Markel US - Intelligent Intake Orchestrator Agent,"Markel US: Agentic AI-powered email and document intake system that monitors Markel Claims inboxes (markelclaims@markel.com, newclaims@markel.com), automatically categorizes incoming correspondence, extracts key data points, classifies attached documents, and routes to appropriate downstream systems (ClaimCenter, ERMS, Legacy) based on claim number patterns and business rules.",Agentic AI,3,3,4,5,3,4,3,3,3.8,3.2,Strategic Bet,2026-02-03 15:00:29.745641,4,3,"{""All Lines (CL"",SL,Others)}","{""Claims Management""}","{""Claims Triage & Assessment"",""Investigation & Evidence Gathering""}","{""All Segments""}",{US},,true,true,active,2026-02-03 15:00:29.745641,,internal,,,,,,"Intake specialists manually manage multiple email inboxes, manually categorize correspondence, identify claim numbers, determine routing destination (ClaimCenter vs Legacy systems), and upload documents. This repetitive process consumes significant FTE time and introduces delays in claims processing.",Maren Dennis,Backlog,Microsoft Graph/Exchange API access; Guidewire ClaimCenter API; OnBase Unity integration; IDP platform for document extraction,12-16 weeks,40% reduction in manual email routing time; 95%+ email categorization accuracy; 30% faster document-to-claim linkage; Reduced intake backlog by 50%,,,"Microsoft Outlook/Exchange, Guidewire ClaimCenter API, OnBase Unity, Legacy system connectors (SNP, ImageWrite)","{""Large Language Models"",""Natural Language Processing"",""Machine Learning"",""Rule-based Systems""}","{""Email Systems (Outlook/Exchange)"",""Claims Database"",""Policy Database"",""OnBase Unity""}","{""Claims Teams"",""Customer Service"",""External Partners"",IT/Technology}",medium,3,3,,,,,,,,,,,,Claims,,,,true,false,false,true,,,,,false,,,MKL_US_001,false,{},M,111375,222750,8,16,3-6,,2026-02-03 16:42:22.538,,"{""investment"": {""currency"": ""GBP"", ""initialInvestment"": 876000, ""ongoingMonthlyCost"": 56788}, ""selectedKpis"": [""cl_001"", ""cl_002"", ""cl_003"", ""mp_006"", ""dq_002"", ""cl_008""], ""valueConfidence"": {""rationale"": null, ""lastValidatedAt"": null, ""lastValidatedBy"": null, ""adjustedValueGbp"": null, ""validationStatus"": ""unvalidated"", ""conservativeFactor"": 0.85}, ""calculatedMetrics"": {""currentRoi"": -84.91771196104416, ""lastCalculated"": ""2026-02-03T16:44:50.763Z"", ""cumulativeValueGbp"": 234900, ""projectedBreakevenMonth"": ""2032-10""}}","{""staffing"": {""current"": {""client"": {""total"": 5, ""byRole"": {}}, ""vendor"": {""total"": 5, ""byRole"": {}}}, ""planned"": {""month6"": {""client"": 0, ""vendor"": 0}, ""month12"": {""client"": 0, ""vendor"": 0}, ""month18"": {""client"": 0, ""vendor"": 0}}}, ""training"": {""plannedCertifications"": [], ""completedCertifications"": [], ""totalTrainingHoursPlanned"": 0, ""totalTrainingHoursCompleted"": 0}, ""knowledgeTransfer"": {""milestoneNotes"": {}, ""completedMilestones"": [], ""inProgressMilestones"": []}, ""selfSufficiencyTarget"": {""targetDate"": """", ""advisoryRetainer"": ""false"", ""targetIndependence"": 90}, ""independencePercentage"": 45}",assessment,unique,,,,,complete,false,,pending,,,,pending,,,,,pending,,,,,,,ff9f60ad-18f3-44f6-a2a4-78d22a2201a9,,medium,false,Maren Dennis,Finance,joint
6722185a-8b24-4b58-9130-b22b50ce1f76,Markel US - FNOL Intelligent Claim Creation Agent,"Markel US: Automated FNOL processing agent that receives new loss notifications via email, extracts claimant information, policy details, and loss details from emails and attachments, validates against ClaimCenter policy records, creates claims with minimum required data, moves to appropriate queues (New Claims/Correction), and generates acknowledgment responses.",Agentic AI,3,3,3,3,3,3,3,3,3,3,Strategic Bet,2026-02-03 15:00:30.069801,3,3,"{""All Lines (CL"",SL,Others),""Property Owners"",""Workers Compensation"",""Specialty (E&S)""}","{""Claims Management""}","{""Claims Triage & Assessment"",""Investigation & Evidence Gathering"",""Claims Adjudication""}","{""All Segments""}","{US,""United States""}",,true,true,active,2026-02-03 15:00:30.069801,,internal,,,,,,"FNOL processing requires technicians to manually read emails, extract data from documents, search policies in ClaimCenter, verify coverage, create claims, and route to appropriate queues. Manual data entry leads to errors and delays in claim setup.",Maren Dennis,Backlog,Guidewire ClaimCenter API availability; IDP platform with 98%+ OCR accuracy; Email system API access; Test data availability,16-24 weeks,50% reduction in FNOL setup time; 98% data extraction accuracy; 30% reduction in correction queue volume; Improved SLA adherence for FNOL processing,,,"Guidewire ClaimCenter API, Microsoft Outlook/Exchange, IDP Platform, Legacy system lookup (SNP)","{""Large Language Models"",""Natural Language Processing"",""Intelligent Document Processing"",""Predictive Analytics""}","{""Email Systems"",""Claims Database"",""Policy Database"",""Document Management System""}",{},medium,3,3,,,,,,,,,,,,Claims,,,,true,false,false,true,,,,,false,,,MKL_US_002,false,{},M,111375,222750,8,16,3-6,,2026-02-03 17:53:37.859,,"{""investment"": {""currency"": ""GBP"", ""initialInvestment"": 250000, ""ongoingMonthlyCost"": 2000}, ""selectedKpis"": [""cl_001"", ""cl_002"", ""cl_003"", ""mp_006"", ""dq_002"", ""cl_007"", ""cl_006""], ""valueConfidence"": {""rationale"": null, ""lastValidatedAt"": null, ""lastValidatedBy"": null, ""adjustedValueGbp"": null, ""validationStatus"": ""unvalidated"", ""conservativeFactor"": 0.85}, ""calculatedMetrics"": {""currentRoi"": -14.27007299270073, ""lastCalculated"": ""2026-02-03T17:53:37.919Z"", ""cumulativeValueGbp"": 234900, ""projectedBreakevenMonth"": ""2027-04""}}","{""derived"": true, ""staffing"": {""current"": {""client"": {""total"": 1.5, ""byRole"": {}}, ""vendor"": {""total"": 3.5, ""byRole"": {}}}, ""planned"": {""month6"": {""client"": 2.4, ""vendor"": 2.6}, ""month12"": {""client"": 3.6, ""vendor"": 1.4}, ""month18"": {""client"": 4.5, ""vendor"": 0.5}}}, ""training"": {""plannedCertifications"": [], ""completedCertifications"": [], ""totalTrainingHoursPlanned"": 100, ""totalTrainingHoursCompleted"": 0}, ""derivedAt"": ""2026-02-03T17:53:37.905Z"", ""derivedFrom"": {""quadrant"": ""Strategic Bet"", ""tomPhase"": ""assessment"", ""tShirtSize"": ""M"", ""operatingModel"": ""coe_led""}, ""roleEvolution"": [], ""knowledgeTransfer"": {""milestoneNotes"": {}, ""completedMilestones"": [], ""inProgressMilestones"": [""kt_001""]}, ""independenceHistory"": [{""date"": ""2026-02"", ""note"": ""Auto-derived from use case attributes"", ""percentage"": 10}], ""selfSufficiencyTarget"": {""targetDate"": ""2027-04-29"", ""advisoryRetainer"": ""false"", ""targetIndependence"": 90}, ""independencePercentage"": 10}",assessment,unique,,,,,complete,false,,pending,,,,pending,,,,,pending,,,,,,,ff9f60ad-18f3-44f6-a2a4-78d22a2201a9,,medium,false,Maren Dennis,Finance,joint
90651b45-14a3-4c60-81d9-6db262436ce8,Markel US - FROI Workers Compensation Claim Agent,"Markel US: Specialized agentic workflow for First Report of Injury (FROI) processing in Maveric system. Agent reads FROI emails, extracts employee injury details, validates policy and employer information, creates claims in Maveric with body diagram mapping, captures witness/contact details, uploads FROI documents, and notifies appropriate adjusters.",Agentic AI,4,4,4,4,4,4,3,2,4,3.2,Strategic Bet,2026-02-03 15:00:30.249848,4,3,"{""Workers Compensation""}","{""Claims Management""}","{""Claims Triage & Assessment"",""Investigation & Evidence Gathering"",""Claims Adjudication""}","{""All Segments""}","{US,""United States""}",,true,true,active,2026-02-03 15:00:30.249848,,internal,,,,,,"FROI processing involves complex data extraction from injury reports, demographic and employment information entry, body part injury mapping, narrative documentation, and multi-step claim creation in Maveric. Manual processing is time-intensive and error-prone.",Maren Dennnis,In-flight,Maveric API or RPA access; FROI form template recognition; Email API access; Body diagram digitization,16-20 weeks,45% reduction in FROI processing time; 95%+ injury detail extraction accuracy; Faster adjuster assignment; Reduced data entry errors by 60%,,,"Maveric Claims System, Microsoft Outlook/Exchange, IDP Platform, Policy Verification Systems","{""Large Language Models"",""Natural Language Processing"",""Intelligent Document Processing"",""Rule-based Systems""}","{""Email Systems"",""Maveric Claims Database"",""Policy Database"",""FROI Forms""}","{""Claims Teams"",""Business Analytics"",IT/Technology,""External Partners""}",medium,3,3,,,,,,,,,,,,Claims,,,,true,false,true,true,,,,,false,,,MKL_US_003,false,{},M,111375,222750,8,16,3-6,,2026-02-03 17:00:21.64,,"{""investment"": {""currency"": ""GBP"", ""initialInvestment"": 750000, ""ongoingMonthlyCost"": 5000}, ""selectedKpis"": [""cl_001"", ""cl_002"", ""cl_003"", ""mp_006"", ""dq_002""], ""valueConfidence"": {""rationale"": null, ""lastValidatedAt"": null, ""lastValidatedBy"": null, ""adjustedValueGbp"": null, ""validationStatus"": ""unvalidated"", ""conservativeFactor"": 0.85}, ""calculatedMetrics"": {""currentRoi"": -71, ""lastCalculated"": ""2026-02-03T18:00:16.054Z"", ""cumulativeValueGbp"": 234900, ""projectedBreakevenMonth"": ""2029-08""}}","{""staffing"": {""current"": {""client"": {""total"": 2, ""byRole"": {}}, ""vendor"": {""total"": 6, ""byRole"": {}}}, ""planned"": {""month6"": {""client"": 0, ""vendor"": 0}, ""month12"": {""client"": 0, ""vendor"": 0}, ""month18"": {""client"": 0, ""vendor"": 0}}}, ""training"": {""plannedCertifications"": [], ""completedCertifications"": [], ""totalTrainingHoursPlanned"": 0, ""totalTrainingHoursCompleted"": 0}, ""knowledgeTransfer"": {""milestoneNotes"": {}, ""completedMilestones"": [], ""inProgressMilestones"": []}, ""independenceHistory"": [{""date"": ""2026-02"", ""note"": ""Phase default applied for foundation"", ""percentage"": 15}], ""phaseDefaultsApplied"": ""foundation"", ""selfSufficiencyTarget"": {""targetIndependence"": 35}, ""independencePercentage"": 15, ""phaseDefaultsAppliedAt"": ""2026-02-03T17:00:21.640Z""}",foundation,unique,,,,,complete,false,,pending,,,,pending,,,,,pending,,,,,,,ff9f60ad-18f3-44f6-a2a4-78d22a2201a9,,medium,false,Maren Dennis,Finance,joint
cba0d42f-0f14-466a-8cef-79be2ccb941c,Markel US - Document Classification & Intelligent Extraction Agent,"Markel US: IDP-powered agent that automatically classifies incoming documents (police reports, medical records, legal documents, invoices, correspondence) and extracts structured data including claim numbers, policy numbers, dates of loss, claimant information, injury details, and financial amounts with 98%+ accuracy threshold.",NLP,4,4,4,4,4,4,3,4,4,3.4,Strategic Bet,2026-02-03 15:00:30.264705,4,2,"{""All Lines (CL"",SL,Others),""All Commercial""}","{""Claims Management""}","{""Claims Triage & Assessment"",""Investigation & Evidence Gathering""}","{""All Segments""}","{US,""United States""}",,true,true,active,2026-02-03 15:00:30.264705,,internal,,,,,,"Documents arrive in various formats (PDF, images, faxes) and require manual classification and data extraction. Technicians spend significant time identifying document types and manually keying data into claims systems. OCR accuracy below 98% requires human review.",Maren Dennis,In-flight,IDP platform selection; Document template training; Integration with OnBase Unity; Sample document corpus for training,8-12 weeks,98%+ classification accuracy; 95%+ data extraction accuracy; 60% reduction in manual indexing time; Zero tolerance for misclassified legal documents,,,"OnBase Unity, Guidewire ClaimCenter, Email Systems, Fax-to-Email Gateway","{""Natural Language Processing"",""Machine Learning"",""Intelligent Document Processing"",""Computer Vision""}","{""Document Management System"",""Email Attachments"",""Fax Systems"",""Claims Database""}","{IT/Technology,""Claims Teams""}",low,3,3,,,,,,,,,,,,Claims,,,,true,false,false,true,,,,,false,,,MKL_US_004,false,{},M,111375,222750,8,16,3-6,,2026-02-03 17:32:10.035,,"{""investment"": {""currency"": ""GBP"", ""initialInvestment"": 0, ""ongoingMonthlyCost"": 0}, ""selectedKpis"": [], ""valueConfidence"": {""rationale"": null, ""lastValidatedAt"": null, ""lastValidatedBy"": null, ""adjustedValueGbp"": null, ""validationStatus"": ""unvalidated"", ""conservativeFactor"": 1}, ""calculatedMetrics"": {""currentRoi"": null, ""lastCalculated"": null, ""cumulativeValueGbp"": null, ""projectedBreakevenMonth"": null}, ""phaseDefaultsApplied"": ""foundation"", ""expectedValueRangeMax"": 100000, ""expectedValueRangeMin"": 25000, ""phaseDefaultsAppliedAt"": ""2026-02-03T17:32:10.035Z""}","{""staffing"": {""current"": {""client"": {""total"": 2, ""byRole"": {}}, ""vendor"": {""total"": 6, ""byRole"": {}}}, ""planned"": {""month6"": {""client"": 0, ""vendor"": 0}, ""month12"": {""client"": 0, ""vendor"": 0}, ""month18"": {""client"": 0, ""vendor"": 0}}}, ""training"": {""plannedCertifications"": [], ""completedCertifications"": [], ""totalTrainingHoursPlanned"": 0, ""totalTrainingHoursCompleted"": 0}, ""knowledgeTransfer"": {""milestoneNotes"": {}, ""completedMilestones"": [], ""inProgressMilestones"": []}, ""independenceHistory"": [{""date"": ""2026-02"", ""note"": ""Phase default applied for foundation"", ""percentage"": 15}], ""phaseDefaultsApplied"": ""foundation"", ""selfSufficiencyTarget"": {""targetIndependence"": 35}, ""independencePercentage"": 15, ""phaseDefaultsAppliedAt"": ""2026-02-03T17:32:10.035Z""}",foundation,unique,,,,,complete,false,,pending,,,,pending,,,,,pending,,,,,,,ff9f60ad-18f3-44f6-a2a4-78d22a2201a9,,medium,false,Maren Dennis,,joint
4468a7ca-2c42-4526-9235-a88715075df8,Markel US - Examiner Letter Generation Agent,"Markel US: GenAI-powered correspondence generation system that automatically creates coverage letters, reservation of rights letters, denial letters, acknowledgment letters, and general correspondence based on claim data, policy terms, and predefined templates. Letters are formatted via SendPro and routed for examiner review before dispatch.",GenAI,3,3,4,4,3,2,1,5,3.6,2.4,Quick Win,2026-02-03 15:00:30.270753,4,1,"{""All Lines (CL"",SL,Others),""Workers Compensation"",""Specialty (E&S)""}","{""Claims Management""}","{""Claims Adjudication"",""Issue Resolution""}","{""All Segments""}","{US,""United States""}",,true,true,active,2026-02-03 15:00:30.270753,,internal,,,,,,"Examiners spend significant time drafting routine correspondence letters. Each letter requires gathering claim data, policy information, and coverage details, then formatting according to templates. High letter volume creates bottlenecks in claim processing.",Maren Dennis,In-flight,Letter template library; SendPro integration; Claims data API access; Legal/compliance review workflow,8-12 weeks,50% reduction in letter drafting time; 90%+ first-draft acceptance rate; Consistent letter quality; Reduced compliance issues from letter content,,,"Guidewire ClaimCenter, SendPro, Policy Database, Email Systems","{""Large Language Models"",""Natural Language Processing"",""Rule-based Systems""}","{""Claims Database"",""Policy Database"",""Letter Templates"",""Coverage Forms""}",{},none,3,3,,,,,,,,,,,,Claims,,,,true,false,false,true,,,,,false,,,MKL_US_005,true,"{""Content Generation - Document drafting, report generation"",""Content Management -Categorization, tagging, curation"",""AI Assistant—Automation (Autofill, next-best action suggestions, autonomous agents)"",""Information Analysis (Synthesis, summarization)""}",S,37125,74250,4,8,2-4,,2026-02-03 17:49:36.477,,"{""investment"": {""currency"": ""GBP"", ""initialInvestment"": 234000, ""ongoingMonthlyCost"": 3400}, ""selectedKpis"": [""cl_001"", ""cl_002"", ""cl_003"", ""mp_006"", ""dq_002"", ""cl_004"", ""cl_005""], ""valueConfidence"": {""rationale"": null, ""lastValidatedAt"": null, ""lastValidatedBy"": null, ""adjustedValueGbp"": null, ""validationStatus"": ""unvalidated"", ""conservativeFactor"": 0.85}, ""calculatedMetrics"": {""currentRoi"": -14.519650655021834, ""lastCalculated"": ""2026-02-03T19:10:46.576Z"", ""cumulativeValueGbp"": 234900, ""projectedBreakevenMonth"": ""2027-05""}}","{""staffing"": {""current"": {""client"": {""total"": 3, ""byRole"": {}}, ""vendor"": {""total"": 4, ""byRole"": {}}}, ""planned"": {""month6"": {""client"": 0, ""vendor"": 0}, ""month12"": {""client"": 0, ""vendor"": 0}, ""month18"": {""client"": 0, ""vendor"": 0}}}, ""training"": {""plannedCertifications"": [], ""completedCertifications"": [], ""totalTrainingHoursPlanned"": 0, ""totalTrainingHoursCompleted"": 0}, ""knowledgeTransfer"": {""milestoneNotes"": {}, ""completedMilestones"": [], ""inProgressMilestones"": []}, ""selfSufficiencyTarget"": {""targetDate"": """", ""advisoryRetainer"": ""false"", ""targetIndependence"": 90}, ""independencePercentage"": 43}",foundation,unique,,,,,complete,false,,pending,,,,pending,,,,,pending,,,,,,,ff9f60ad-18f3-44f6-a2a4-78d22a2201a9,,medium,false,Maren Dennis,Finance,joint
effec591-a611-4d11-a970-4eef27bf205b,Markel US - Document Archival Automation Agent,"Markel US: Low-complexity automation agent that monitors designated folders for completed documents, extracts claim numbers from document content, validates against ClaimCenter, and automatically uploads documents to the appropriate claim file with correct document type classification and metadata.",Process Automation,3,3,3,4,3,3,3,4,3.2,3,Strategic Bet,2026-02-03 15:00:30.277241,3,2,"{""All Lines (CL"",SL,Others),""All Commercial""}","{""Claims Management""}","{""Investigation & Evidence Gathering""}","{""All Segments""}","{US,""United States""}",,true,true,active,2026-02-03 15:00:30.277241,,internal,,,,,,"After generating acknowledgment letters and other correspondence, documents must be manually archived to ClaimCenter. Technicians spend time locating claim numbers, navigating to correct claim files, and uploading with appropriate categorization.",Maren Dennis,Backlog,Guidewire ClaimCenter Document API; Folder monitoring capability; Document type mapping configuration,4-6 weeks,90% reduction in manual archival time; 100% document traceability; Zero misfiled documents; Same-day archival completion,,,"Guidewire ClaimCenter API, File System/Folder Watcher, OnBase Unity","{""Natural Language Processing"",""Rule-based Systems""}","{""Document Folders"",""Claims Database""}","{""Claims Teams"",IT/Technology}",low,3,3,,,,,,,,,,,,Claims,,,,true,false,false,false,,,,,false,,,MKL_US_006,true,"{""AI Assistant—Knowledge Source (Research assistant, information retrieval)"",""Content Management -Categorization, tagging, curation"",""Information Analysis (Synthesis, summarization)""}",M,111375,222750,8,16,3-6,,2026-02-03 17:29:23.294,,"{""investment"": {""currency"": ""GBP"", ""initialInvestment"": 0, ""ongoingMonthlyCost"": 0}, ""selectedKpis"": [], ""valueConfidence"": {""rationale"": null, ""lastValidatedAt"": null, ""lastValidatedBy"": null, ""adjustedValueGbp"": null, ""validationStatus"": ""unvalidated"", ""conservativeFactor"": 1}, ""calculatedMetrics"": {""currentRoi"": null, ""lastCalculated"": null, ""cumulativeValueGbp"": null, ""projectedBreakevenMonth"": null}}","{""staffing"": {""current"": {""client"": {""total"": 1, ""byRole"": {}}, ""vendor"": {""total"": 4, ""byRole"": {}}}}, ""independenceHistory"": [{""date"": ""2026-02"", ""note"": ""Phase default applied for assessment"", ""percentage"": 5}], ""phaseDefaultsApplied"": ""assessment"", ""selfSufficiencyTarget"": {""targetIndependence"": 20}, ""independencePercentage"": 5, ""phaseDefaultsAppliedAt"": ""2026-02-03T17:29:23.294Z""}",assessment,unique,,,,,complete,false,,pending,,,,pending,,,,,pending,,,,,,,ff9f60ad-18f3-44f6-a2a4-78d22a2201a9,,medium,false,Maren Dennis,,joint
06d7f731-4a7c-4787-8e6a-48c991f360a0,Markel US - Policy Attachment Agent,"Markel US: Agent that monitors ClaimCenter queue for policy attachment tasks, searches for policy documents in ImageWrite or other legacy document repositories, validates that the policy belongs to Markel (vs. external/affiliate), downloads the policy document, and attaches it to the claim in ClaimCenter with appropriate metadata.",Agentic AI,3,3,3,3,2,2,2,3,3,2.4,Quick Win,2026-02-03 15:00:30.286712,3,3,"{""All Lines (CL"",SL,Others),""Property Owners""}","{""Claims Management""}","{""Investigation & Evidence Gathering"",""Claims Adjudication""}","{""All Segments""}","{US,""United States""}",,true,true,active,2026-02-03 15:00:30.286712,,internal,,,,,,"Attaching policies to claims requires manual search across multiple legacy systems (ImageWrite, other document repositories), verification of Markel policy ownership, document download, and upload to ClaimCenter. This multi-system navigation is time-consuming.",Maren Dennis,Backlog,ImageWrite API or RPA access; ClaimCenter queue API; Policy ownership verification rules; Legacy system connectivity,8-12 weeks,70% reduction in policy attachment time; 100% accuracy in Markel policy identification; Reduced queue backlog by 60%,,,"Guidewire ClaimCenter, ImageWrite, Legacy Policy Systems, OnBase Unity","{""Rule-based Systems"",""Natural Language Processing""}","{""Claims Database"",""Policy Database"",ImageWrite,""Legacy Document Systems""}",{},low,3,3,,,,,,,,,,,,Claims,,,,true,false,false,true,,,,,false,,,MKL_US_007,false,{},S,37125,74250,4,8,2-4,,2026-02-03 17:11:39.048,,"{""investment"": {""currency"": ""GBP"", ""initialInvestment"": 0, ""ongoingMonthlyCost"": 0}, ""selectedKpis"": [], ""valueConfidence"": {""rationale"": null, ""lastValidatedAt"": null, ""lastValidatedBy"": null, ""adjustedValueGbp"": null, ""validationStatus"": ""unvalidated"", ""conservativeFactor"": 1}, ""calculatedMetrics"": {""currentRoi"": null, ""lastCalculated"": null, ""cumulativeValueGbp"": null, ""projectedBreakevenMonth"": null}}","{""derived"": true, ""staffing"": {""current"": {""client"": {""total"": 0.9, ""byRole"": {}}, ""vendor"": {""total"": 2.1, ""byRole"": {}}}, ""planned"": {""month6"": {""client"": 1.7, ""vendor"": 1.3}, ""month12"": {""client"": 2.7, ""vendor"": 0.3}, ""month18"": {""client"": 3.4, ""vendor"": 0.5}}}, ""training"": {""plannedCertifications"": [], ""completedCertifications"": [], ""totalTrainingHoursPlanned"": 60, ""totalTrainingHoursCompleted"": 0}, ""derivedAt"": ""2026-02-03T17:12:55.572Z"", ""derivedFrom"": {""quadrant"": ""Quick Win"", ""tomPhase"": ""assessment"", ""tShirtSize"": ""S"", ""operatingModel"": ""coe_led""}, ""roleEvolution"": [], ""knowledgeTransfer"": {""milestoneNotes"": {}, ""completedMilestones"": [], ""inProgressMilestones"": [""kt_001""]}, ""independenceHistory"": [{""date"": ""2026-02"", ""note"": ""Auto-derived from use case attributes"", ""percentage"": 10}], ""selfSufficiencyTarget"": {""targetDate"": ""2026-12-30"", ""advisoryRetainer"": ""false"", ""targetIndependence"": 90}, ""independencePercentage"": 10}",assessment,unique,,,,,complete,false,,pending,,,,pending,,,,,pending,,,,,,,ff9f60ad-18f3-44f6-a2a4-78d22a2201a9,,medium,false,Maren dennis,,joint
69113b0a-dfeb-4540-9bab-2b55739af09c,Markel US- Marsh Partner Data Exchange Agent,"Markel US: Automated data exchange agent that processes Excel input files from Marsh containing claim inquiries, extracts claimant names, policy numbers, and dates of loss, cross-references with stored claim data, retrieves required information, populates response Excel files, and sends updated files back to Marsh via email.",Process Automation,4,4,4,4,3,2,3,4,4.2,3,Strategic Bet,2026-02-03 15:00:30.2941,5,3,"{""All Lines (CL"",SL,Others)}","{""Claims Management""}","{""Issue Resolution"",""Service Delivery""}","{""All Segments""}","{US,""United States""}",,true,true,active,2026-02-03 15:00:30.2941,,internal,,,,,,"Marsh sends Excel files requiring claim data updates. Technicians manually process each row, look up claim details in multiple systems, populate response columns, and return completed files. This batch processing is repetitive and time-sensitive.",Marsh Admin,Backlog,Marsh file format standardization; Claims database API access; Email automation capability; Data mapping configuration,6-10 weeks,80% reduction in manual data reconciliation time; Same-day response to Marsh inquiries; 99%+ data accuracy; Improved partner satisfaction,,,"Microsoft Outlook/Exchange, Claims Database, Policy Database, Excel Processing","{""Rule-based Systems"",""Machine Learning""}","{""Email Systems"",""Claims Database"",""Policy Database"",""Partner Files""}",{},low,3,3,,,,,,,,,,,,Operations,,,,true,false,false,true,,,,,false,,,MKL_US_008,true,"{""AI Assistant—Knowledge Source (Research assistant, information retrieval)""}",M,111375,222750,8,16,3-6,,2026-02-03 16:18:00.774,,"{""investment"": {""currency"": ""GBP"", ""initialInvestment"": 876000, ""ongoingMonthlyCost"": 344}, ""selectedKpis"": [""cl_001"", ""cl_003"", ""mp_006"", ""dq_002"", ""cl_002"", ""cl_005""], ""valueConfidence"": {""rationale"": null, ""lastValidatedAt"": null, ""lastValidatedBy"": null, ""adjustedValueGbp"": null, ""validationStatus"": ""unvalidated"", ""conservativeFactor"": 0.9}, ""calculatedMetrics"": {""currentRoi"": -73.3107002617801, ""lastCalculated"": ""2026-02-03T18:39:47.088Z"", ""cumulativeValueGbp"": 234900, ""projectedBreakevenMonth"": ""2029-11""}}","{""staffing"": {""current"": {""client"": {""total"": 1, ""byRole"": {}}, ""vendor"": {""total"": 4, ""byRole"": {}}}, ""planned"": {""month6"": {""client"": 0, ""vendor"": 0}, ""month12"": {""client"": 0, ""vendor"": 0}, ""month18"": {""client"": 0, ""vendor"": 0}}}, ""training"": {""plannedCertifications"": [], ""completedCertifications"": [], ""totalTrainingHoursPlanned"": 0, ""totalTrainingHoursCompleted"": 0}, ""knowledgeTransfer"": {""milestoneNotes"": {}, ""completedMilestones"": [], ""inProgressMilestones"": []}, ""independenceHistory"": [{""date"": ""2026-02"", ""note"": ""Phase default applied for assessment"", ""percentage"": 5}], ""phaseDefaultsApplied"": ""assessment"", ""selfSufficiencyTarget"": {""targetIndependence"": 20}, ""independencePercentage"": 5, ""phaseDefaultsAppliedAt"": ""2026-02-03T16:18:00.774Z""}",assessment,unique,,,,,complete,false,,pending,,,,pending,,,,,pending,,,,,,,ff9f60ad-18f3-44f6-a2a4-78d22a2201a9,Move to Backlog,medium,false,Marsh Admin,Finance,joint
780586f3-9aa1-466c-b5ff-5326027a2c6e,Markel US - Cyber & Time-Sensitive Claims Priority Agent,"Markel US: AI-powered priority detection agent that identifies cyber claims, catastrophe-related claims, and other time-sensitive loss notifications, applies special labeling, triggers priority workflows, sends immediate alerts to designated handlers, and ensures accelerated processing paths.",GenAI,3,2,3,3,2,2,4,3,2.8,3,Watchlist,2026-02-03 15:00:30.300726,3,4,"{Cyber,""All Lines (CL"",SL,Others),""All Commercial""}","{""Claims Management""}","{""Claims Triage & Assessment""}","{""All Segments""}","{US,""United States""}",,true,true,active,2026-02-03 15:00:30.300726,,internal,,,,,,"Cyber claims and time-sensitive matters require immediate attention but may be mixed with routine correspondence. Delayed identification can result in SLA breaches, regulatory issues, and customer dissatisfaction.",Maren Dennis,Backlog,Priority claim classification rules; Alert notification system; Handler assignment rules; Integration with intake workflow,4-8 weeks,100% cyber claim identification within 1 hour; Zero missed time-sensitive claims; Improved SLA adherence for priority claims; 50% faster priority claim initiation,,,"Email Systems, Guidewire ClaimCenter, Alert/Notification System, Intake Orchestrator","{""Large Language Models"",""Rule-based Systems"",""Predictive Analytics"",""Reinforcement Learning""}","{""Email Systems"",""Claims Database"",""Third-party Data"",""Real-time Feeds"",""Historical Data""}","{Actuarial,""Risk Management""}",high,3,3,,,,,,,,,,,,Claims,,,,true,false,true,true,,,,,false,,,MKL_US_009,false,{},M,111375,222750,8,16,3-6,,2026-02-03 16:55:43.084,,"{""investment"": {""currency"": ""GBP"", ""initialInvestment"": 4567000, ""ongoingMonthlyCost"": 56666}, ""selectedKpis"": [""cl_001"", ""cl_002"", ""cl_003"", ""mp_006"", ""dq_002""], ""valueConfidence"": {""rationale"": null, ""lastValidatedAt"": null, ""lastValidatedBy"": null, ""adjustedValueGbp"": null, ""validationStatus"": ""unvalidated"", ""conservativeFactor"": 0.85}, ""calculatedMetrics"": {""currentRoi"": -95.5231492634256, ""lastCalculated"": ""2026-02-03T16:56:14.455Z"", ""cumulativeValueGbp"": 234900, ""projectedBreakevenMonth"": ""2048-07""}}","{""staffing"": {""current"": {""client"": {""total"": 1, ""byRole"": {}}, ""vendor"": {""total"": 4, ""byRole"": {}}}, ""planned"": {""month6"": {""client"": 0, ""vendor"": 0}, ""month12"": {""client"": 0, ""vendor"": 0}, ""month18"": {""client"": 0, ""vendor"": 0}}}, ""training"": {""plannedCertifications"": [], ""completedCertifications"": [], ""totalTrainingHoursPlanned"": 0, ""totalTrainingHoursCompleted"": 0}, ""knowledgeTransfer"": {""milestoneNotes"": {}, ""completedMilestones"": [], ""inProgressMilestones"": []}, ""independenceHistory"": [{""date"": ""2026-02"", ""note"": ""Phase default applied for assessment"", ""percentage"": 5}], ""phaseDefaultsApplied"": ""assessment"", ""selfSufficiencyTarget"": {""targetIndependence"": 20}, ""independencePercentage"": 5, ""phaseDefaultsAppliedAt"": ""2026-02-03T16:55:43.084Z""}",assessment,unique,,,,,complete,false,,pending,,,,pending,,,,,pending,,,,,,,ff9f60ad-18f3-44f6-a2a4-78d22a2201a9,,medium,false,Maren Dennis,Cat Risk Team,business_led
c621e33a-641d-4864-a11f-2e946d8309db,Markel US- Legal Document Identification & Escalation Agent,"Markel US: AI agent that scans all incoming documents and correspondence to identify legal documents (subpoenas, summons, suits, complaints) that name Markel or its affiliates, applies appropriate legal flags, and automatically escalates to Associate General Counsel with relevant claim context.",NLP,4,3,4,4,2,3,3,3,3.8,2.6,Quick Win,2026-02-03 15:00:30.308631,4,2,"{""All Lines (CL"",SL,Others)}","{""Claims Management""}","{""Claims Triage & Assessment"",""Investigation & Evidence Gathering""}","{""All Segments""}",{US},,true,true,active,2026-02-03 15:00:30.308631,,internal,,,,,,Legal documents require immediate identification and proper escalation to legal counsel. Missed or delayed identification of subpoenas and suits can result in default judgments and significant financial exposure.,Maren Dennis,Backlog,Legal document template training; Escalation workflow configuration; General Counsel notification integration; Markel entity recognition,8-12 weeks,100% legal document identification; Zero missed subpoenas or suits; Same-day escalation to legal; Reduced legal exposure risk,,,"OnBase Unity, Email Systems, Guidewire ClaimCenter, Legal Case Management","{""Natural Language Processing"",""Large Language Models"",""Machine Learning""}","{""Document Management System"",""Email Systems"",""Claims Database""}","{IT/Technology,Compliance,""Risk Management""}",medium,3,3,,,,,,,,,,,,Claims,,,,true,false,false,true,,,,,false,,,MKL_US_010,false,{},M,111375,222750,8,16,3-6,,2026-02-03 16:21:36.016,,"{""investment"": {""currency"": ""GBP"", ""initialInvestment"": 0, ""ongoingMonthlyCost"": 0}, ""selectedKpis"": [], ""valueConfidence"": {""rationale"": null, ""lastValidatedAt"": null, ""lastValidatedBy"": null, ""adjustedValueGbp"": null, ""validationStatus"": ""unvalidated"", ""conservativeFactor"": 1}, ""calculatedMetrics"": {""currentRoi"": null, ""lastCalculated"": null, ""cumulativeValueGbp"": null, ""projectedBreakevenMonth"": null}}","{""derived"": true, ""staffing"": {""current"": {""client"": {""total"": 1.5, ""byRole"": {}}, ""vendor"": {""total"": 3.5, ""byRole"": {}}}, ""planned"": {""month6"": {""client"": 2.7, ""vendor"": 2.3}, ""month12"": {""client"": 4.5, ""vendor"": 0.5}, ""month18"": {""client"": 5.7, ""vendor"": 0.5}}}, ""training"": {""plannedCertifications"": [], ""completedCertifications"": [], ""totalTrainingHoursPlanned"": 100, ""totalTrainingHoursCompleted"": 0}, ""derivedAt"": ""2026-02-03T18:36:34.621Z"", ""derivedFrom"": {""quadrant"": ""Quick Win"", ""tomPhase"": ""assessment"", ""tShirtSize"": ""M"", ""operatingModel"": ""coe_led""}, ""roleEvolution"": [], ""knowledgeTransfer"": {""milestoneNotes"": {}, ""completedMilestones"": [], ""inProgressMilestones"": [""kt_001""]}, ""independenceHistory"": [{""date"": ""2026-02"", ""note"": ""Auto-derived from use case attributes"", ""percentage"": 10}], ""selfSufficiencyTarget"": {""targetDate"": ""2026-12-30"", ""advisoryRetainer"": ""false"", ""targetIndependence"": 90}, ""independencePercentage"": 10}",assessment,unique,,,,,complete,false,,pending,,,,pending,,,,,pending,,,,,,,ff9f60ad-18f3-44f6-a2a4-78d22a2201a9,Move to Assessment,medium,false,Maren Dennis,,joint
62d0ff65-7bcb-4d56-a7d9-ef0bd36ca780,Markel US- Affiliate Correspondence Routing Agent,"Markel US: Intelligent routing agent that identifies correspondence belonging to Markel affiliates (Hagerty, MINT, Markel Canada, State National) and automatically forwards to appropriate affiliate email addresses, preventing manual re-routing and ensuring proper handling by the correct entity.",Process Automation,3,3,4,4,3,3,1,4,3.4,2.8,Quick Win,2026-02-03 15:00:30.31304,3,3,"{""All Lines (CL"",SL,Others)}","{""Claims Management""}","{""Claims Triage & Assessment""}","{""All Segments""}","{US,Canada}",,true,true,active,2026-02-03 15:00:30.31304,,internal,,,,,,Affiliate correspondence frequently arrives in Markel Claims inboxes and requires manual identification and forwarding to correct affiliate addresses. Misrouted correspondence delays claim handling and creates customer confusion.,Maren Dennis,Backlog,Affiliate policy identification rules; Email forwarding configuration; Policy database access for affiliate verification,4-6 weeks,95%+ affiliate identification accuracy; Same-day routing to affiliates; 80% reduction in manual forwarding; Improved affiliate satisfaction,,,"Microsoft Outlook/Exchange, Policy Database, Affiliate Email Systems","{""Natural Language Processing"",""Rule-based Systems""}","{""Email Systems"",""Policy Database""}",{},medium,3,3,,,,,,,,,,,,Claims,,,,true,true,false,false,,,,,false,,,MKL_US_011,true,"{""Content Management -Categorization, tagging, curation"",""Detection Models  - Errors, fraud, problem-solving""}",M,111375,222750,8,16,3-6,,2026-02-03 16:13:42.372,,"{""investment"": {""currency"": ""GBP"", ""initialInvestment"": 650000, ""ongoingMonthlyCost"": 3444}, ""selectedKpis"": [""cl_003"", ""mp_006"", ""dq_002"", ""cl_001"", ""cl_002""], ""valueConfidence"": {""rationale"": null, ""lastValidatedAt"": null, ""lastValidatedBy"": null, ""adjustedValueGbp"": null, ""validationStatus"": ""pending_finance"", ""conservativeFactor"": 0.8}, ""calculatedMetrics"": {""currentRoi"": -66.02191723754859, ""lastCalculated"": ""2026-02-03T16:25:01.107Z"", ""cumulativeValueGbp"": 234900, ""projectedBreakevenMonth"": ""2029-02""}}","{""derived"": true, ""staffing"": {""current"": {""client"": {""total"": 1.5, ""byRole"": {}}, ""vendor"": {""total"": 3.5, ""byRole"": {}}}, ""planned"": {""month6"": {""client"": 2.7, ""vendor"": 2.3}, ""month12"": {""client"": 4.5, ""vendor"": 0.5}, ""month18"": {""client"": 5.7, ""vendor"": 0.5}}}, ""training"": {""plannedCertifications"": [], ""completedCertifications"": [], ""totalTrainingHoursPlanned"": 100, ""totalTrainingHoursCompleted"": 0}, ""derivedAt"": ""2026-02-03T16:25:01.089Z"", ""derivedFrom"": {""quadrant"": ""Quick Win"", ""tomPhase"": ""assessment"", ""tShirtSize"": ""M"", ""operatingModel"": ""coe_led""}, ""roleEvolution"": [], ""knowledgeTransfer"": {""milestoneNotes"": {}, ""completedMilestones"": [], ""inProgressMilestones"": [""kt_001""]}, ""independenceHistory"": [{""date"": ""2026-02"", ""note"": ""Auto-derived from use case attributes"", ""percentage"": 10}], ""selfSufficiencyTarget"": {""targetDate"": ""2026-12-30"", ""advisoryRetainer"": ""false"", ""targetIndependence"": 90}, ""independencePercentage"": 10}",assessment,unique,,,,,complete,false,,pending,,,,pending,,,,,pending,,,,,,,ff9f60ad-18f3-44f6-a2a4-78d22a2201a9,Want to move this use case to backlog,medium,false,Maren Dennis,Finance,joint
f30eb5e4-517a-497a-beb6-b6bb41619f42,Markel US - Claims Payment Processing Assistant,"Markel US: AI-assisted payment processing agent that reads payment request spreadsheets, identifies claim source system (ERMS, Primis, FAA, Maveric), retrieves claim and vendor details, verifies reserve amounts and payment history, validates against duplicate payments, and prepares payment transactions for approval.",Agentic AI,2,3,3,3,2,4,3,3,2.6,3,Watchlist,2026-02-03 15:00:30.318714,2,3,"{""All Lines (CL"",SL,Others)}","{""Claims Management""}","{""Claims Adjudication"",""Payment Processing""}","{""All Segments""}",{US},,true,true,active,2026-02-03 15:00:30.318714,,internal,,,,,,"Payment processing requires technicians to navigate multiple systems (Legal Exchange, Primis, Maveric) based on claim type, verify payment history, check reserves, and ensure no duplicate payments. System switching and manual verification is time-intensive.",Test Owner,Backlog,"Multi-system API access (ERMS, Primis, Maveric); Payment approval workflow; Reserve validation rules; Vendor database integration",12-18 weeks,40% reduction in payment processing time; Zero duplicate payments; 100% reserve verification; Improved payment accuracy,,,"ERMS, Primis, Maveric, Legal Exchange, Payment Processing Systems","{""Rule-based Systems"",""Machine Learning"",""Natural Language Processing""}","{""Claims Database"",""Payment Systems"",""Vendor Database"",""Reserve Data""}",{},medium,3,3,,,,,,,,,,,,Claims,,,,true,false,false,true,,,,,false,,,MKL_US_012,false,{},M,111375,222750,8,16,3-6,,2026-02-03 17:24:39.322,,"{""investment"": {""currency"": ""GBP"", ""initialInvestment"": 0, ""ongoingMonthlyCost"": 0}, ""selectedKpis"": [], ""valueConfidence"": {""rationale"": null, ""lastValidatedAt"": null, ""lastValidatedBy"": null, ""adjustedValueGbp"": null, ""validationStatus"": ""unvalidated"", ""conservativeFactor"": 1}, ""calculatedMetrics"": {""currentRoi"": null, ""lastCalculated"": null, ""cumulativeValueGbp"": null, ""projectedBreakevenMonth"": null}}","{""derived"": true, ""staffing"": {""current"": {""client"": {""total"": 1.5, ""byRole"": {}}, ""vendor"": {""total"": 3.5, ""byRole"": {}}}, ""planned"": {""month6"": {""client"": 2.1, ""vendor"": 2.9}, ""month12"": {""client"": 2.9, ""vendor"": 2.1}, ""month18"": {""client"": 3.5, ""vendor"": 1.5}}}, ""training"": {""plannedCertifications"": [], ""completedCertifications"": [], ""totalTrainingHoursPlanned"": 100, ""totalTrainingHoursCompleted"": 0}, ""derivedAt"": ""2026-02-03T17:26:01.231Z"", ""derivedFrom"": {""quadrant"": ""Watchlist"", ""tomPhase"": ""assessment"", ""tShirtSize"": ""M"", ""operatingModel"": ""coe_led""}, ""roleEvolution"": [], ""knowledgeTransfer"": {""milestoneNotes"": {}, ""completedMilestones"": [], ""inProgressMilestones"": [""kt_001""]}, ""independenceHistory"": [{""date"": ""2026-02"", ""note"": ""Auto-derived from use case attributes"", ""percentage"": 10}], ""selfSufficiencyTarget"": {""targetDate"": ""2027-12-25"", ""advisoryRetainer"": ""false"", ""targetIndependence"": 90}, ""independencePercentage"": 10}",assessment,unique,,,,,complete,false,,pending,,,,pending,,,,,pending,,,,,,,ff9f60ad-18f3-44f6-a2a4-78d22a2201a9,,medium,false,Test Delivery,,business_led
af938386-5ec0-4316-9402-f8fcc14f96e3,Enter-once automation for underwriter data (Straight through processing),"AI-enabled automation / RPA for ""enter once, feed many"" workflow across core systems. Intelligent validation to ensure one source of truth flows across raters, PAS, doc gen, and renewal triggers.",Process Automation,3,4,4,4,3,3,3,2,3.6,2.6,Quick Win,2026-02-03 11:37:25.557122,3,2,"{""All Lines (CL,SL,Others)""}","{""Underwriting & Triage""}",{},"{""All Segments""}",{UK},,true,true,active,2026-02-03 11:37:25.557122,Auto-deactivated: Governance gates incomplete,internal,Good use case for immediate implementation,,,,,"Underwriters must re-enter the same data across multiple disconnected systems (Dynamics, Excel raters, PAS/UKRIS, AIS, doc gen, Thunderhead, Profhin). Manual copying of outputs (raters → doc gen → PAS) adds rework, creates inconsistencies, and forces email/Excel workarounds. Leads to high error risk, wasted effort, compliance gaps, and downstream ops rework.",Helen Franklin; supported by Iain Cameron; Craig Brownrigg (Ops) flagged downstream impacts.,In-flight,"Dynamics, Excel raters, UKRIS, AIS, Thunderhead, Profin (plus MSD renewal triggers – related overlap).",immediate,Significant efficiency gains; fewer errors; faster turnaround; improved compliance; reduced downstream ops effort; stronger broker trust from consistent outputs.,High,,"Dynamics, Excel raters, UKRIS, AIS, Thunderhead, Profin (plus MSD renewal triggers – related overlap).","{""Rule-based Systems"",""Machine Learning""}","{""Policy Database"",""Customer Database"",""Submissions & Underwriting Database""}","{""Underwriting Teams"",IT/Technology}",low,3,3,,,,,,,,,,,,Underwriting,,,,false,false,false,true,,,,,false,,,,false,{},M,111375,222750,8,16,3-6,,2026-02-03 13:10:24.381,,"{""derived"": true, ""tracking"": {""entries"": []}, ""derivedAt"": ""2026-02-03T14:22:49.607Z"", ""kpiValues"": {}, ""investment"": {""currency"": ""GBP"", ""initialInvestment"": 86500, ""ongoingMonthlyCost"": 333}, ""lastUpdated"": ""2026-02-03T14:22:49.607Z"", ""kpiEstimates"": [{""kpiId"": ""uw_004"", ""kpiName"": ""Risk Assessment Time"", ""kpiType"": ""operational"", ""confidence"": ""low"", ""valueStream"": ""operational_savings"", ""expectedRange"": {""max"": 10, ""min"": 0}, ""maturityLevel"": ""foundational"", ""benchmarkProcess"": null, ""estimatedAnnualValueGbp"": {""max"": 5400, ""min"": 0}}, {""kpiId"": ""uw_001"", ""kpiName"": ""Submission Processing Time"", ""kpiType"": ""operational"", ""confidence"": ""low"", ""valueStream"": ""operational_savings"", ""expectedRange"": {""max"": 10, ""min"": 0}, ""maturityLevel"": ""foundational"", ""benchmarkProcess"": null, ""estimatedAnnualValueGbp"": {""max"": 5400, ""min"": 0}}, {""kpiId"": ""uw_005"", ""kpiName"": ""Risk Score Accuracy"", ""kpiType"": ""operational"", ""confidence"": ""low"", ""valueStream"": ""cor_improvement"", ""expectedRange"": {""max"": 10, ""min"": 0}, ""maturityLevel"": ""foundational"", ""benchmarkProcess"": null, ""estimatedAnnualValueGbp"": {""max"": 5400, ""min"": 0}}, {""kpiId"": ""uw_002"", ""kpiName"": ""Auto-Classification Accuracy"", ""kpiType"": ""operational"", ""confidence"": ""low"", ""valueStream"": ""operational_savings"", ""expectedRange"": {""max"": 10, ""min"": 0}, ""maturityLevel"": ""foundational"", ""benchmarkProcess"": null, ""estimatedAnnualValueGbp"": {""max"": 5400, ""min"": 0}}, {""kpiId"": ""uw_003"", ""kpiName"": ""Submission Leakage Rate"", ""kpiType"": ""financial"", ""confidence"": ""low"", ""valueStream"": ""revenue_uplift"", ""expectedRange"": {""max"": 10, ""min"": 0}, ""maturityLevel"": ""foundational"", ""benchmarkProcess"": null, ""estimatedAnnualValueGbp"": {""max"": 5400, ""min"": 0}}, {""kpiId"": ""uw_006"", ""kpiName"": ""Adverse Selection Rate"", ""kpiType"": ""financial"", ""confidence"": ""low"", ""valueStream"": ""cor_improvement"", ""expectedRange"": {""max"": 10, ""min"": 0}, ""maturityLevel"": ""foundational"", ""benchmarkProcess"": null, ""estimatedAnnualValueGbp"": {""max"": 5400, ""min"": 0}}, {""kpiId"": ""uw_007"", ""kpiName"": ""Quote Generation Time"", ""kpiType"": ""operational"", ""confidence"": ""low"", ""valueStream"": ""operational_savings"", ""expectedRange"": {""max"": 10, ""min"": 0}, ""maturityLevel"": ""foundational"", ""benchmarkProcess"": null, ""estimatedAnnualValueGbp"": {""max"": 5400, ""min"": 0}}, {""kpiId"": ""uw_008"", ""kpiName"": ""Rate Adequacy Index"", ""kpiType"": ""financial"", ""confidence"": ""low"", ""valueStream"": ""cor_improvement"", ""expectedRange"": {""max"": 10, ""min"": 0}, ""maturityLevel"": ""foundational"", ""benchmarkProcess"": null, ""estimatedAnnualValueGbp"": {""max"": 5400, ""min"": 0}}, {""kpiId"": ""uw_009"", ""kpiName"": ""Premium Leakage"", ""kpiType"": ""financial"", ""confidence"": ""low"", ""valueStream"": ""revenue_uplift"", ""expectedRange"": {""max"": 10, ""min"": 0}, ""maturityLevel"": ""foundational"", ""benchmarkProcess"": null, ""estimatedAnnualValueGbp"": {""max"": 5400, ""min"": 0}}, {""kpiId"": ""uw_010"", ""kpiName"": ""Referral Rate"", ""kpiType"": ""operational"", ""confidence"": ""low"", ""valueStream"": ""operational_savings"", ""expectedRange"": {""max"": 10, ""min"": 0}, ""maturityLevel"": ""foundational"", ""benchmarkProcess"": null, ""estimatedAnnualValueGbp"": {""max"": 5400, ""min"": 0}}, {""kpiId"": ""uw_011"", ""kpiName"": ""Referral Resolution Time"", ""kpiType"": ""operational"", ""confidence"": ""low"", ""valueStream"": ""operational_savings"", ""expectedRange"": {""max"": 10, ""min"": 0}, ""maturityLevel"": ""foundational"", ""benchmarkProcess"": null, ""estimatedAnnualValueGbp"": {""max"": 5400, ""min"": 0}}, {""kpiId"": ""uw_012"", ""kpiName"": ""False Positive Referral Rate"", ""kpiType"": ""operational"", ""confidence"": ""low"", ""valueStream"": ""operational_savings"", ""expectedRange"": {""max"": 10, ""min"": 0}, ""maturityLevel"": ""foundational"", ""benchmarkProcess"": null, ""estimatedAnnualValueGbp"": {""max"": 5400, ""min"": 0}}, {""kpiId"": ""uw_013"", ""kpiName"": ""Quote-to-Bind Ratio"", ""kpiType"": ""financial"", ""confidence"": ""low"", ""valueStream"": ""revenue_uplift"", ""expectedRange"": {""max"": 10, ""min"": 0}, ""maturityLevel"": ""foundational"", ""benchmarkProcess"": null, ""estimatedAnnualValueGbp"": {""max"": 5400, ""min"": 0}}, {""kpiId"": ""uw_014"", ""kpiName"": ""Policy Issuance Time"", ""kpiType"": ""operational"", ""confidence"": ""low"", ""valueStream"": ""operational_savings"", ""expectedRange"": {""max"": 10, ""min"": 0}, ""maturityLevel"": ""foundational"", ""benchmarkProcess"": null, ""estimatedAnnualValueGbp"": {""max"": 5400, ""min"": 0}}, {""kpiId"": ""uw_015"", ""kpiName"": ""Document Accuracy Rate"", ""kpiType"": ""operational"", ""confidence"": ""low"", ""valueStream"": ""operational_savings"", ""expectedRange"": {""max"": 10, ""min"": 0}, ""maturityLevel"": ""foundational"", ""benchmarkProcess"": null, ""estimatedAnnualValueGbp"": {""max"": 5400, ""min"": 0}}, {""kpiId"": ""mp_001"", ""kpiName"": ""Model Accuracy Degradation Rate"", ""kpiType"": ""operational"", ""confidence"": ""low"", ""expectedRange"": {""max"": 10, ""min"": 0}, ""maturityLevel"": ""foundational"", ""benchmarkProcess"": null, ""estimatedAnnualValueGbp"": {""max"": 5400, ""min"": 0}}, {""kpiId"": ""mp_002"", ""kpiName"": ""Prediction Confidence Distribution"", ""kpiType"": ""operational"", ""confidence"": ""low"", ""expectedRange"": {""max"": 10, ""min"": 0}, ""maturityLevel"": ""foundational"", ""benchmarkProcess"": null, ""estimatedAnnualValueGbp"": {""max"": 5400, ""min"": 0}}, {""kpiId"": ""mp_003"", ""kpiName"": ""Inference Latency (p95)"", ""kpiType"": ""operational"", ""confidence"": ""low"", ""expectedRange"": {""max"": 10, ""min"": 0}, ""maturityLevel"": ""foundational"", ""benchmarkProcess"": null, ""estimatedAnnualValueGbp"": {""max"": 5400, ""min"": 0}}, {""kpiId"": ""mp_004"", ""kpiName"": ""Model Drift Detection Rate"", ""kpiType"": ""operational"", ""confidence"": ""low"", ""expectedRange"": {""max"": 10, ""min"": 0}, ""maturityLevel"": ""foundational"", ""benchmarkProcess"": null, ""estimatedAnnualValueGbp"": {""max"": 5400, ""min"": 0}}, {""kpiId"": ""mp_005"", ""kpiName"": ""Feature Importance Stability"", ""kpiType"": ""operational"", ""confidence"": ""low"", ""expectedRange"": {""max"": 10, ""min"": 0}, ""maturityLevel"": ""foundational"", ""benchmarkProcess"": null, ""estimatedAnnualValueGbp"": {""max"": 5400, ""min"": 0}}, {""kpiId"": ""mp_006"", ""kpiName"": ""A/B Test Statistical Power"", ""kpiType"": ""strategic"", ""confidence"": ""low"", ""expectedRange"": {""max"": 10, ""min"": 0}, ""maturityLevel"": ""foundational"", ""benchmarkProcess"": null, ""estimatedAnnualValueGbp"": {""max"": 5400, ""min"": 0}}, {""kpiId"": ""dq_001"", ""kpiName"": ""Data Freshness Score"", ""kpiType"": ""operational"", ""confidence"": ""low"", ""expectedRange"": {""max"": 10, ""min"": 0}, ""maturityLevel"": ""foundational"", ""benchmarkProcess"": null, ""estimatedAnnualValueGbp"": {""max"": 5400, ""min"": 0}}, {""kpiId"": ""dq_002"", ""kpiName"": ""Feature Store Coverage"", ""kpiType"": ""compliance"", ""confidence"": ""low"", ""expectedRange"": {""max"": 10, ""min"": 0}, ""maturityLevel"": ""foundational"", ""benchmarkProcess"": null, ""estimatedAnnualValueGbp"": {""max"": 5400, ""min"": 0}}, {""kpiId"": ""dq_003"", ""kpiName"": ""Feature Reuse Rate"", ""kpiType"": ""operational"", ""confidence"": ""low"", ""expectedRange"": {""max"": 10, ""min"": 0}, ""maturityLevel"": ""foundational"", ""benchmarkProcess"": null, ""estimatedAnnualValueGbp"": {""max"": 5400, ""min"": 0}}, {""kpiId"": ""dq_004"", ""kpiName"": ""Data Quality Score (DQS)"", ""kpiType"": ""operational"", ""confidence"": ""low"", ""expectedRange"": {""max"": 10, ""min"": 0}, ""maturityLevel"": ""foundational"", ""benchmarkProcess"": null, ""estimatedAnnualValueGbp"": {""max"": 5400, ""min"": 0}}, {""kpiId"": ""dq_005"", ""kpiName"": ""Data Pipeline SLA Adherence"", ""kpiType"": ""operational"", ""confidence"": ""low"", ""expectedRange"": {""max"": 10, ""min"": 0}, ""maturityLevel"": ""foundational"", ""benchmarkProcess"": null, ""estimatedAnnualValueGbp"": {""max"": 5400, ""min"": 0}}, {""kpiId"": ""dq_006"", ""kpiName"": ""Schema Drift Incidents"", ""kpiType"": ""operational"", ""confidence"": ""low"", ""expectedRange"": {""max"": 10, ""min"": 0}, ""maturityLevel"": ""foundational"", ""benchmarkProcess"": null, ""estimatedAnnualValueGbp"": {""max"": 5400, ""min"": 0}}, {""kpiId"": ""td_001"", ""kpiName"": ""Technical Debt Ratio"", ""kpiType"": ""operational"", ""confidence"": ""low"", ""expectedRange"": {""max"": 10, ""min"": 0}, ""maturityLevel"": ""foundational"", ""benchmarkProcess"": null, ""estimatedAnnualValueGbp"": {""max"": 5400, ""min"": 0}}, {""kpiId"": ""td_002"", ""kpiName"": ""API Error Rate"", ""kpiType"": ""operational"", ""confidence"": ""low"", ""expectedRange"": {""max"": 10, ""min"": 0}, ""maturityLevel"": ""foundational"", ""benchmarkProcess"": null, ""estimatedAnnualValueGbp"": {""max"": 5400, ""min"": 0}}, {""kpiId"": ""td_003"", ""kpiName"": ""Security Vulnerability Remediation Time"", ""kpiType"": ""compliance"", ""confidence"": ""low"", ""expectedRange"": {""max"": 10, ""min"": 0}, ""maturityLevel"": ""foundational"", ""benchmarkProcess"": null, ""estimatedAnnualValueGbp"": {""max"": 5400, ""min"": 0}}, {""kpiId"": ""td_004"", ""kpiName"": ""Platform Currency Score"", ""kpiType"": ""operational"", ""confidence"": ""low"", ""expectedRange"": {""max"": 10, ""min"": 0}, ""maturityLevel"": ""foundational"", ""benchmarkProcess"": null, ""estimatedAnnualValueGbp"": {""max"": 5400, ""min"": 0}}, {""kpiId"": ""td_005"", ""kpiName"": ""Infrastructure Cost Efficiency"", ""kpiType"": ""financial"", ""confidence"": ""low"", ""expectedRange"": {""max"": 10, ""min"": 0}, ""maturityLevel"": ""foundational"", ""benchmarkProcess"": null, ""estimatedAnnualValueGbp"": {""max"": 5400, ""min"": 0}}, {""kpiId"": ""td_006"", ""kpiName"": ""Environment Parity"", ""kpiType"": ""operational"", ""confidence"": ""low"", ""expectedRange"": {""max"": 10, ""min"": 0}, ""maturityLevel"": ""foundational"", ""benchmarkProcess"": null, ""estimatedAnnualValueGbp"": {""max"": 5400, ""min"": 0}}, {""kpiId"": ""ta_001"", ""kpiName"": ""AI Talent Retention Rate"", ""kpiType"": ""strategic"", ""confidence"": ""low"", ""expectedRange"": {""max"": 10, ""min"": 0}, ""maturityLevel"": ""foundational"", ""benchmarkProcess"": null, ""estimatedAnnualValueGbp"": {""max"": 5400, ""min"": 0}}, {""kpiId"": ""ta_002"", ""kpiName"": ""Skill Gap Closure Velocity"", ""kpiType"": ""strategic"", ""confidence"": ""low"", ""expectedRange"": {""max"": 10, ""min"": 0}, ""maturityLevel"": ""foundational"", ""benchmarkProcess"": null, ""estimatedAnnualValueGbp"": {""max"": 5400, ""min"": 0}}, {""kpiId"": ""ta_003"", ""kpiName"": ""Knowledge Documentation Coverage"", ""kpiType"": ""operational"", ""confidence"": ""low"", ""expectedRange"": {""max"": 10, ""min"": 0}, ""maturityLevel"": ""foundational"", ""benchmarkProcess"": null, ""estimatedAnnualValueGbp"": {""max"": 5400, ""min"": 0}}, {""kpiId"": ""ta_004"", ""kpiName"": ""Bus Factor Risk"", ""kpiType"": ""compliance"", ""confidence"": ""low"", ""expectedRange"": {""max"": 10, ""min"": 0}, ""maturityLevel"": ""foundational"", ""benchmarkProcess"": null, ""estimatedAnnualValueGbp"": {""max"": 5400, ""min"": 0}}, {""kpiId"": ""ta_005"", ""kpiName"": ""Team Utilization Rate"", ""kpiType"": ""operational"", ""confidence"": ""low"", ""expectedRange"": {""max"": 10, ""min"": 0}, ""maturityLevel"": ""foundational"", ""benchmarkProcess"": null, ""estimatedAnnualValueGbp"": {""max"": 5400, ""min"": 0}}, {""kpiId"": ""ta_006"", ""kpiName"": ""Internal Mobility/Growth"", ""kpiType"": ""strategic"", ""confidence"": ""low"", ""expectedRange"": {""max"": 10, ""min"": 0}, ""maturityLevel"": ""foundational"", ""benchmarkProcess"": null, ""estimatedAnnualValueGbp"": {""max"": 5400, ""min"": 0}}, {""kpiId"": ""in_001"", ""kpiName"": ""Idea-to-PoC Conversion Rate"", ""kpiType"": ""strategic"", ""confidence"": ""low"", ""expectedRange"": {""max"": 10, ""min"": 0}, ""maturityLevel"": ""foundational"", ""benchmarkProcess"": null, ""estimatedAnnualValueGbp"": {""max"": 5400, ""min"": 0}}, {""kpiId"": ""in_002"", ""kpiName"": ""PoC Cycle Time"", ""kpiType"": ""operational"", ""confidence"": ""low"", ""expectedRange"": {""max"": 10, ""min"": 0}, ""maturityLevel"": ""foundational"", ""benchmarkProcess"": null, ""estimatedAnnualValueGbp"": {""max"": 5400, ""min"": 0}}, {""kpiId"": ""in_003"", ""kpiName"": ""Experimentation Velocity"", ""kpiType"": ""operational"", ""confidence"": ""low"", ""expectedRange"": {""max"": 10, ""min"": 0}, ""maturityLevel"": ""foundational"", ""benchmarkProcess"": null, ""estimatedAnnualValueGbp"": {""max"": 5400, ""min"": 0}}, {""kpiId"": ""in_004"", ""kpiName"": ""Failed Experiment Learning Capture"", ""kpiType"": ""strategic"", ""confidence"": ""low"", ""expectedRange"": {""max"": 10, ""min"": 0}, ""maturityLevel"": ""foundational"", ""benchmarkProcess"": null, ""estimatedAnnualValueGbp"": {""max"": 5400, ""min"": 0}}, {""kpiId"": ""in_005"", ""kpiName"": ""Innovation Funnel Health"", ""kpiType"": ""strategic"", ""confidence"": ""low"", ""expectedRange"": {""max"": 10, ""min"": 0}, ""maturityLevel"": ""foundational"", ""benchmarkProcess"": null, ""estimatedAnnualValueGbp"": {""max"": 5400, ""min"": 0}}, {""kpiId"": ""in_006"", ""kpiName"": ""External Partnership Value"", ""kpiType"": ""strategic"", ""confidence"": ""low"", ""expectedRange"": {""max"": 10, ""min"": 0}, ""maturityLevel"": ""foundational"", ""benchmarkProcess"": null, ""estimatedAnnualValueGbp"": {""max"": 5400, ""min"": 0}}, {""kpiId"": ""sh_001"", ""kpiName"": ""Business Sponsor Satisfaction"", ""kpiType"": ""strategic"", ""confidence"": ""low"", ""expectedRange"": {""max"": 10, ""min"": 0}, ""maturityLevel"": ""foundational"", ""benchmarkProcess"": null, ""estimatedAnnualValueGbp"": {""max"": 5400, ""min"": 0}}, {""kpiId"": ""sh_002"", ""kpiName"": ""Strategic Priority Alignment"", ""kpiType"": ""strategic"", ""confidence"": ""low"", ""expectedRange"": {""max"": 10, ""min"": 0}, ""maturityLevel"": ""foundational"", ""benchmarkProcess"": null, ""estimatedAnnualValueGbp"": {""max"": 5400, ""min"": 0}}, {""kpiId"": ""sh_003"", ""kpiName"": ""Demand Backlog Age"", ""kpiType"": ""operational"", ""confidence"": ""low"", ""expectedRange"": {""max"": 10, ""min"": 0}, ""maturityLevel"": ""foundational"", ""benchmarkProcess"": null, ""estimatedAnnualValueGbp"": {""max"": 5400, ""min"": 0}}, {""kpiId"": ""sh_004"", ""kpiName"": ""Stakeholder Engagement Frequency"", ""kpiType"": ""operational"", ""confidence"": ""low"", ""expectedRange"": {""max"": 10, ""min"": 0}, ""maturityLevel"": ""foundational"", ""benchmarkProcess"": null, ""estimatedAnnualValueGbp"": {""max"": 5400, ""min"": 0}}, {""kpiId"": ""sh_005"", ""kpiName"": ""Value Realization Communication"", ""kpiType"": ""operational"", ""confidence"": ""low"", ""expectedRange"": {""max"": 10, ""min"": 0}, ""maturityLevel"": ""foundational"", ""benchmarkProcess"": null, ""estimatedAnnualValueGbp"": {""max"": 5400, ""min"": 0}}, {""kpiId"": ""sh_006"", ""kpiName"": ""Executive Dashboard Access"", ""kpiType"": ""operational"", ""confidence"": ""low"", ""expectedRange"": {""max"": 10, ""min"": 0}, ""maturityLevel"": ""foundational"", ""benchmarkProcess"": null, ""estimatedAnnualValueGbp"": {""max"": 5400, ""min"": 0}}, {""kpiId"": ""ga_001"", ""kpiName"": ""Hallucination Rate"", ""kpiType"": ""operational"", ""confidence"": ""low"", ""expectedRange"": {""max"": 10, ""min"": 0}, ""maturityLevel"": ""foundational"", ""benchmarkProcess"": null, ""estimatedAnnualValueGbp"": {""max"": 5400, ""min"": 0}}, {""kpiId"": ""ga_002"", ""kpiName"": ""Human Override Rate"", ""kpiType"": ""operational"", ""confidence"": ""low"", ""expectedRange"": {""max"": 10, ""min"": 0}, ""maturityLevel"": ""foundational"", ""benchmarkProcess"": null, ""estimatedAnnualValueGbp"": {""max"": 5400, ""min"": 0}}, {""kpiId"": ""ga_003"", ""kpiName"": ""Prompt Effectiveness Rate"", ""kpiType"": ""operational"", ""confidence"": ""low"", ""expectedRange"": {""max"": 10, ""min"": 0}, ""maturityLevel"": ""foundational"", ""benchmarkProcess"": null, ""estimatedAnnualValueGbp"": {""max"": 5400, ""min"": 0}}, {""kpiId"": ""ga_004"", ""kpiName"": ""Token Cost Efficiency"", ""kpiType"": ""financial"", ""confidence"": ""low"", ""expectedRange"": {""max"": 10, ""min"": 0}, ""maturityLevel"": ""foundational"", ""benchmarkProcess"": null, ""estimatedAnnualValueGbp"": {""max"": 5400, ""min"": 0}}, {""kpiId"": ""ga_005"", ""kpiName"": ""Guardrail Trigger Rate"", ""kpiType"": ""operational"", ""confidence"": ""low"", ""expectedRange"": {""max"": 10, ""min"": 0}, ""maturityLevel"": ""foundational"", ""benchmarkProcess"": null, ""estimatedAnnualValueGbp"": {""max"": 5400, ""min"": 0}}, {""kpiId"": ""ga_006"", ""kpiName"": ""Context Window Utilization"", ""kpiType"": ""operational"", ""confidence"": ""low"", ""expectedRange"": {""max"": 10, ""min"": 0}, ""maturityLevel"": ""foundational"", ""benchmarkProcess"": null, ""estimatedAnnualValueGbp"": {""max"": 5400, ""min"": 0}}, {""kpiId"": ""ga_007"", ""kpiName"": ""RAG Retrieval Precision"", ""kpiType"": ""operational"", ""confidence"": ""low"", ""expectedRange"": {""max"": 10, ""min"": 0}, ""maturityLevel"": ""foundational"", ""benchmarkProcess"": null, ""estimatedAnnualValueGbp"": {""max"": 5400, ""min"": 0}}, {""kpiId"": ""ga_008"", ""kpiName"": ""Response Time SLA Compliance"", ""kpiType"": ""operational"", ""confidence"": ""low"", ""expectedRange"": {""max"": 10, ""min"": 0}, ""maturityLevel"": ""foundational"", ""benchmarkProcess"": null, ""estimatedAnnualValueGbp"": {""max"": 5400, ""min"": 0}}, {""kpiId"": ""it_001"", ""kpiName"": ""Cloud Cost Optimization"", ""kpiType"": ""financial"", ""confidence"": ""low"", ""expectedRange"": {""max"": 10, ""min"": 0}, ""maturityLevel"": ""foundational"", ""benchmarkProcess"": null, ""estimatedAnnualValueGbp"": {""max"": 5400, ""min"": 0}}, {""kpiId"": ""it_002"", ""kpiName"": ""Infrastructure Utilization"", ""kpiType"": ""operational"", ""confidence"": ""low"", ""expectedRange"": {""max"": 10, ""min"": 0}, ""maturityLevel"": ""foundational"", ""benchmarkProcess"": null, ""estimatedAnnualValueGbp"": {""max"": 5400, ""min"": 0}}, {""kpiId"": ""it_003"", ""kpiName"": ""Deployment Frequency"", ""kpiType"": ""operational"", ""confidence"": ""low"", ""expectedRange"": {""max"": 10, ""min"": 0}, ""maturityLevel"": ""foundational"", ""benchmarkProcess"": null, ""estimatedAnnualValueGbp"": {""max"": 5400, ""min"": 0}}, {""kpiId"": ""it_004"", ""kpiName"": ""Mean Time to Recovery (MTTR)"", ""kpiType"": ""operational"", ""confidence"": ""low"", ""expectedRange"": {""max"": 10, ""min"": 0}, ""maturityLevel"": ""foundational"", ""benchmarkProcess"": null, ""estimatedAnnualValueGbp"": {""max"": 5400, ""min"": 0}}, {""kpiId"": ""it_005"", ""kpiName"": ""Change Failure Rate"", ""kpiType"": ""operational"", ""confidence"": ""low"", ""expectedRange"": {""max"": 10, ""min"": 0}, ""maturityLevel"": ""foundational"", ""benchmarkProcess"": null, ""estimatedAnnualValueGbp"": {""max"": 5400, ""min"": 0}}, {""kpiId"": ""it_006"", ""kpiName"": ""Lead Time for Changes"", ""kpiType"": ""operational"", ""confidence"": ""low"", ""expectedRange"": {""max"": 10, ""min"": 0}, ""maturityLevel"": ""foundational"", ""benchmarkProcess"": null, ""estimatedAnnualValueGbp"": {""max"": 5400, ""min"": 0}}, {""kpiId"": ""sp_001"", ""kpiName"": ""AI Security Incidents"", ""kpiType"": ""compliance"", ""confidence"": ""low"", ""expectedRange"": {""max"": 10, ""min"": 0}, ""maturityLevel"": ""foundational"", ""benchmarkProcess"": null, ""estimatedAnnualValueGbp"": {""max"": 5400, ""min"": 0}}, {""kpiId"": ""sp_002"", ""kpiName"": ""Privacy Compliance Rate"", ""kpiType"": ""compliance"", ""confidence"": ""low"", ""expectedRange"": {""max"": 10, ""min"": 0}, ""maturityLevel"": ""foundational"", ""benchmarkProcess"": null, ""estimatedAnnualValueGbp"": {""max"": 5400, ""min"": 0}}, {""kpiId"": ""sp_003"", ""kpiName"": ""Access Control Adherence"", ""kpiType"": ""compliance"", ""confidence"": ""low"", ""expectedRange"": {""max"": 10, ""min"": 0}, ""maturityLevel"": ""foundational"", ""benchmarkProcess"": null, ""estimatedAnnualValueGbp"": {""max"": 5400, ""min"": 0}}, {""kpiId"": ""sp_004"", ""kpiName"": ""Data Encryption Coverage"", ""kpiType"": ""compliance"", ""confidence"": ""low"", ""expectedRange"": {""max"": 10, ""min"": 0}, ""maturityLevel"": ""foundational"", ""benchmarkProcess"": null, ""estimatedAnnualValueGbp"": {""max"": 5400, ""min"": 0}}, {""kpiId"": ""sp_005"", ""kpiName"": ""Model Adversarial Testing"", ""kpiType"": ""compliance"", ""confidence"": ""low"", ""expectedRange"": {""max"": 10, ""min"": 0}, ""maturityLevel"": ""foundational"", ""benchmarkProcess"": null, ""estimatedAnnualValueGbp"": {""max"": 5400, ""min"": 0}}, {""kpiId"": ""sp_006"", ""kpiName"": ""PII Detection Coverage"", ""kpiType"": ""compliance"", ""confidence"": ""low"", ""expectedRange"": {""max"": 10, ""min"": 0}, ""maturityLevel"": ""foundational"", ""benchmarkProcess"": null, ""estimatedAnnualValueGbp"": {""max"": 5400, ""min"": 0}}, {""kpiId"": ""cx_001"", ""kpiName"": ""AI-Assisted Resolution Rate"", ""kpiType"": ""operational"", ""confidence"": ""low"", ""expectedRange"": {""max"": 10, ""min"": 0}, ""maturityLevel"": ""foundational"", ""benchmarkProcess"": null, ""estimatedAnnualValueGbp"": {""max"": 5400, ""min"": 0}}, {""kpiId"": ""cx_002"", ""kpiName"": ""Self-Service Adoption Rate"", ""kpiType"": ""operational"", ""confidence"": ""low"", ""expectedRange"": {""max"": 10, ""min"": 0}, ""maturityLevel"": ""foundational"", ""benchmarkProcess"": null, ""estimatedAnnualValueGbp"": {""max"": 5400, ""min"": 0}}, {""kpiId"": ""cx_003"", ""kpiName"": ""Response Time Improvement"", ""kpiType"": ""operational"", ""confidence"": ""low"", ""expectedRange"": {""max"": 10, ""min"": 0}, ""maturityLevel"": ""foundational"", ""benchmarkProcess"": null, ""estimatedAnnualValueGbp"": {""max"": 5400, ""min"": 0}}, {""kpiId"": ""cx_004"", ""kpiName"": ""Customer Effort Score (AI)"", ""kpiType"": ""strategic"", ""confidence"": ""low"", ""expectedRange"": {""max"": 10, ""min"": 0}, ""maturityLevel"": ""foundational"", ""benchmarkProcess"": null, ""estimatedAnnualValueGbp"": {""max"": 5400, ""min"": 0}}, {""kpiId"": ""cx_005"", ""kpiName"": ""First Contact Resolution (AI)"", ""kpiType"": ""operational"", ""confidence"": ""low"", ""expectedRange"": {""max"": 10, ""min"": 0}, ""maturityLevel"": ""foundational"", ""benchmarkProcess"": null, ""estimatedAnnualValueGbp"": {""max"": 5400, ""min"": 0}}, {""kpiId"": ""cx_006"", ""kpiName"": ""AI NPS Impact"", ""kpiType"": ""strategic"", ""confidence"": ""low"", ""expectedRange"": {""max"": 10, ""min"": 0}, ""maturityLevel"": ""foundational"", ""benchmarkProcess"": null, ""estimatedAnnualValueGbp"": {""max"": 5400, ""min"": 0}}, {""kpiId"": ""oe_001"", ""kpiName"": ""Process Automation Rate"", ""kpiType"": ""operational"", ""confidence"": ""low"", ""expectedRange"": {""max"": 10, ""min"": 0}, ""maturityLevel"": ""foundational"", ""benchmarkProcess"": null, ""estimatedAnnualValueGbp"": {""max"": 5400, ""min"": 0}}, {""kpiId"": ""oe_002"", ""kpiName"": ""Straight-Through Processing Rate"", ""kpiType"": ""operational"", ""confidence"": ""low"", ""expectedRange"": {""max"": 10, ""min"": 0}, ""maturityLevel"": ""foundational"", ""benchmarkProcess"": null, ""estimatedAnnualValueGbp"": {""max"": 5400, ""min"": 0}}, {""kpiId"": ""oe_003"", ""kpiName"": ""Manual Intervention Reduction"", ""kpiType"": ""operational"", ""confidence"": ""low"", ""expectedRange"": {""max"": 10, ""min"": 0}, ""maturityLevel"": ""foundational"", ""benchmarkProcess"": null, ""estimatedAnnualValueGbp"": {""max"": 5400, ""min"": 0}}, {""kpiId"": ""oe_004"", ""kpiName"": ""Exception Handling Time"", ""kpiType"": ""operational"", ""confidence"": ""low"", ""expectedRange"": {""max"": 10, ""min"": 0}, ""maturityLevel"": ""foundational"", ""benchmarkProcess"": null, ""estimatedAnnualValueGbp"": {""max"": 5400, ""min"": 0}}, {""kpiId"": ""oe_005"", ""kpiName"": ""Predictive Accuracy (Operations)"", ""kpiType"": ""operational"", ""confidence"": ""low"", ""expectedRange"": {""max"": 10, ""min"": 0}, ""maturityLevel"": ""foundational"", ""benchmarkProcess"": null, ""estimatedAnnualValueGbp"": {""max"": 5400, ""min"": 0}}, {""kpiId"": ""oe_006"", ""kpiName"": ""Resource Optimization Savings"", ""kpiType"": ""financial"", ""confidence"": ""low"", ""expectedRange"": {""max"": 10, ""min"": 0}, ""maturityLevel"": ""foundational"", ""benchmarkProcess"": null, ""estimatedAnnualValueGbp"": {""max"": 5400, ""min"": 0}}], ""selectedKpis"": [""uw_001"", ""uw_003"", ""mp_006"", ""dq_002"", ""ta_001""], ""calculatedMetrics"": {""currentRoi"": 147.63525459688827, ""lastCalculated"": ""2026-02-03T14:14:59.881Z"", ""cumulativeValueGbp"": 224100, ""projectedBreakevenMonth"": ""2026-07""}, ""totalEstimatedValue"": {""max"": 448200, ""min"": 0, ""currency"": ""GBP""}}","{""derived"": true, ""staffing"": {""current"": {""client"": {""total"": 1.5, ""byRole"": {}}, ""vendor"": {""total"": 3.5, ""byRole"": {}}}, ""planned"": {""month6"": {""client"": 2.7, ""vendor"": 2.3}, ""month12"": {""client"": 4.5, ""vendor"": 0.5}, ""month18"": {""client"": 5.7, ""vendor"": 0.5}}}, ""training"": {""plannedCertifications"": [], ""completedCertifications"": [], ""totalTrainingHoursPlanned"": 100, ""totalTrainingHoursCompleted"": 0}, ""derivedAt"": ""2026-02-03T14:14:59.866Z"", ""derivedFrom"": {""quadrant"": ""Quick Win"", ""tomPhase"": ""foundation"", ""tShirtSize"": ""M"", ""operatingModel"": ""coe_led""}, ""roleEvolution"": [], ""knowledgeTransfer"": {""milestoneNotes"": {}, ""completedMilestones"": [], ""inProgressMilestones"": [""kt_001""]}, ""independenceHistory"": [{""date"": ""2026-02"", ""note"": ""Auto-derived from use case attributes"", ""percentage"": 10}], ""selfSufficiencyTarget"": {""targetDate"": ""2026-12-30"", ""advisoryRetainer"": ""false"", ""targetIndependence"": 90}, ""independencePercentage"": 10}",foundation,unique,,,,,complete,false,,pending,,,,pending,,,,,pending,,,,,,,ff9f60ad-18f3-44f6-a2a4-78d22a2201a9,,medium,false,Helen,,joint
